period,customer_id,customer_name,revenue,gross_profit,gross_margin_pct,gross_margin_3m_average,gross_margin_yoy_change
2024-01,CUST001,Northstar Systems,639202.81,371756.12,0.5815933756611614,0.5815933756611614,
2024-02,CUST001,Northstar Systems,656943.93,385078.29,0.5861661435854959,0.5838797596233287,
2024-03,CUST001,Northstar Systems,703735.39,410504.92,0.5833228310430715,0.583694116763243,
2024-04,CUST001,Northstar Systems,674975.52,394645.54,0.584681263699756,0.5847234127761078,
2024-05,CUST001,Northstar Systems,667756.51,389492.79,0.5832856500343216,0.5837632482590497,
2024-06,CUST001,Northstar Systems,688632.80,404647.44,0.5876098843970254,0.585192266043701,
2024-07,CUST001,Northstar Systems,663319.14,385205.39,0.5807240689602293,0.5838732011305254,
2024-08,CUST001,Northstar Systems,636295.75,371383.35,0.5836646716562227,0.5839995416711591,
2024-09,CUST001,Northstar Systems,608846.16,355347.85,0.5836414407212488,0.5826767271125669,
2024-10,CUST001,Northstar Systems,633641.33,369953.03,0.5838524295755771,0.5837195139843495,
2024-11,CUST001,Northstar Systems,630410.07,369660.78,0.5863814643696921,0.584625111555506,
2024-12,CUST001,Northstar Systems,630437.92,366262.27,0.5809648474190766,0.5837329137881153,
2025-01,CUST001,Northstar Systems,915094.72,394693.16,0.4313139955610278,0.5328867691165988,-0.15027938010013364
2025-02,CUST001,Northstar Systems,915523.83,391508.86,0.4276337187203527,0.47997085390015237,-0.15853242486514318
2025-03,CUST001,Northstar Systems,945557.27,400454.37,0.42351149179996256,0.42748640202711435,-0.15981133924310892
2025-04,CUST001,Northstar Systems,943980.69,405245.95,0.429294745425354,0.4268133186485564,-0.15538651827440203
2025-05,CUST001,Northstar Systems,949167.37,407795.69,0.4296351759331971,0.4274804710528379,-0.15365047410112453
2025-06,CUST001,Northstar Systems,966320.08,413629.78,0.4280463467136066,0.4289920893573859,-0.15956353768341885
2025-07,CUST001,Northstar Systems,925658.78,394309.97,0.42597766965490236,0.42788639743390205,-0.15474639930532696
2025-08,CUST001,Northstar Systems,856250.46,361791.75,0.4225302839545336,0.4255181001076808,-0.16113438770168909
2025-09,CUST001,Northstar Systems,850495.22,360727.64,0.42413835083047263,0.42421543481330287,-0.15950308989077616
2025-10,CUST001,Northstar Systems,799450.22,338777.35,0.42376290796442584,0.4234771809164774,-0.1600895216111513
2025-11,CUST001,Northstar Systems,771707.05,325972.42,0.42240435667913095,0.42343520515800975,-0.16397710769056112
2025-12,CUST001,Northstar Systems,786746.03,337878.25,0.42946292337820885,0.42521006267392186,-0.15150192404086776
2024-01,CUST002,Aster Ridge Technologies,265891.08,187732.86,0.7060517411866543,0.7060517411866543,
2024-02,CUST002,Aster Ridge Technologies,279041.18,196969.01,0.7058779281251606,0.7059648346559074,
2024-03,CUST002,Aster Ridge Technologies,284024.05,199773.94,0.7033698026628379,0.7050998239915508,
2024-04,CUST002,Aster Ridge Technologies,283337.20,199727.95,0.7049125564874644,0.7047200957584877,
2024-05,CUST002,Aster Ridge Technologies,290648.63,204479.45,0.703528002179126,0.7039367871098094,
2024-06,CUST002,Aster Ridge Technologies,285064.60,200711.11,0.70408991505785,0.7041768245748136,
2024-07,CUST002,Aster Ridge Technologies,273133.73,192674.61,0.7054222486545327,0.7043467219638363,
2024-08,CUST002,Aster Ridge Technologies,272427.80,191779.57,0.7039647569007275,0.7044923068710367,
2024-09,CUST002,Aster Ridge Technologies,262774.02,184919.99,0.7037224988984832,0.7043698348179145,
2024-10,CUST002,Aster Ridge Technologies,266115.06,187505.00,0.7046012352701873,0.7040961636897993,
2024-11,CUST002,Aster Ridge Technologies,255733.12,179668.26,0.7025615610523972,0.7036284317403559,
2024-12,CUST002,Aster Ridge Technologies,270318.06,190817.54,0.7059000793361716,0.704354291886252,
2025-01,CUST002,Aster Ridge Technologies,312021.47,200517.36,0.6426396234848839,0.6837004212911509,-0.06341211770177035
2025-02,CUST002,Aster Ridge Technologies,320194.66,205492.14,0.6417725392422223,0.6634374140210926,-0.06410538888293826
2025-03,CUST002,Aster Ridge Technologies,344084.62,219783.46,0.6387482823265974,0.6410534816845678,-0.06462152033624047
2025-04,CUST002,Aster Ridge Technologies,332934.24,214191.13,0.6433436524882512,0.6412881580190236,-0.06156890399921322
2025-05,CUST002,Aster Ridge Technologies,342004.59,219604.64,0.6421102126143979,0.6414007158097488,-0.0614177895647281
2025-06,CUST002,Aster Ridge Technologies,339486.07,217741.27,0.6413849911426409,0.64227961874843,-0.0627049239152091
2025-07,CUST002,Aster Ridge Technologies,315325.75,203148.88,0.6442508421846297,0.6425820153138896,-0.061171406469903045
2025-08,CUST002,Aster Ridge Technologies,313353.12,200571.27,0.6400806540557183,0.6419054957943297,-0.06388410284500912
2025-09,CUST002,Aster Ridge Technologies,301347.40,193857.14,0.6433011866038997,0.6425442276147493,-0.060421312294583474
2025-10,CUST002,Aster Ridge Technologies,279553.01,179571.33,0.6423516241159413,0.6419111549251865,-0.06224961115424599
2025-11,CUST002,Aster Ridge Technologies,273827.20,175857.70,0.6422214447651657,0.6426247518283356,-0.06034011628723146
2025-12,CUST002,Aster Ridge Technologies,271258.72,173336.81,0.6390091717604507,0.6411940802138526,-0.06689090757572091
2024-01,CUST003,Cobalt Harbor Group,272607.48,191662.10,0.7030698497341307,0.7030698497341307,
2024-02,CUST003,Cobalt Harbor Group,284910.87,200696.59,0.7044188591330335,0.7037443544335821,
2024-03,CUST003,Cobalt Harbor Group,292498.37,206388.20,0.7056046158479448,0.7043644415717031,
2024-04,CUST003,Cobalt Harbor Group,280215.49,197692.75,0.7055025758925747,0.7051753502911843,
2024-05,CUST003,Cobalt Harbor Group,297275.69,209484.03,0.7046793163611865,0.7052621693672353,
2024-06,CUST003,Cobalt Harbor Group,286372.77,202423.59,0.7068534833112798,0.7056784585216803,
2024-07,CUST003,Cobalt Harbor Group,265925.49,186987.47,0.703157376902831,0.704896725525099,
2024-08,CUST003,Cobalt Harbor Group,267934.15,188350.13,0.7029717189839368,0.7043275263993491,
2024-09,CUST003,Cobalt Harbor Group,257809.00,180880.01,0.7016047151185568,0.702577937001775,
2024-10,CUST003,Cobalt Harbor Group,258360.60,182233.62,0.7053460163817548,0.7033074834947494,
2024-11,CUST003,Cobalt Harbor Group,258168.69,181756.54,0.7040223971388629,0.7036577095463915,
2024-12,CUST003,Cobalt Harbor Group,270632.11,189863.68,0.7015563674243976,0.7036415936483383,
2025-01,CUST003,Cobalt Harbor Group,320588.48,205027.96,0.6395362678035094,0.6817050107889232,-0.06353358193062131
2025-02,CUST003,Cobalt Harbor Group,327443.34,210317.80,0.6423028790263378,0.6611318380847483,-0.06211598010669572
2025-03,CUST003,Cobalt Harbor Group,325807.35,208450.97,0.6397982427345486,0.6405457965214653,-0.06580637311339621
2025-04,CUST003,Cobalt Harbor Group,348134.71,222172.35,0.6381792553807691,0.6400934590472184,-0.06732332051180556
2025-05,CUST003,Cobalt Harbor Group,331991.68,213836.28,0.6441013220572275,0.6406929400575151,-0.06057799430395905
2025-06,CUST003,Cobalt Harbor Group,328702.29,210492.11,0.6403731169624647,0.6408845648001538,-0.06648036634881516
2025-07,CUST003,Cobalt Harbor Group,324136.45,208146.13,0.6421558883612133,0.6422101091269684,-0.06100148854161769
2025-08,CUST003,Cobalt Harbor Group,317482.40,203554.71,0.6411527379155505,0.6412272477464095,-0.06181898106838635
2025-09,CUST003,Cobalt Harbor Group,303586.68,194678.68,0.6412622582782618,0.6415236281850084,-0.060342456840295045
2025-10,CUST003,Cobalt Harbor Group,293633.41,188223.25,0.6410144199871535,0.6411431387269886,-0.06433159639460129
2025-11,CUST003,Cobalt Harbor Group,279986.32,180137.95,0.6433812551984683,0.6418859778212945,-0.060641141940394605
2025-12,CUST003,Cobalt Harbor Group,266807.42,171679.35,0.6434579293184576,0.6426178681680265,-0.058098438105940065
2024-01,CUST004,Juniper Peak Networks,270053.93,190469.14,0.7053003820385062,0.7053003820385062,
2024-02,CUST004,Juniper Peak Networks,282487.86,198360.27,0.7021904233335904,0.7037454026860483,
2024-03,CUST004,Juniper Peak Networks,283687.75,200156.39,0.7055517554071334,0.7043475202597435,
2024-04,CUST004,Juniper Peak Networks,286520.25,202480.60,0.7066886197397916,0.7048102661601718,
2024-05,CUST004,Juniper Peak Networks,296917.34,209197.15,0.7045636000915271,0.705601325079484,
2024-06,CUST004,Juniper Peak Networks,276324.78,195180.62,0.7063449756478589,0.7058657318263926,
2024-07,CUST004,Juniper Peak Networks,266346.29,187350.38,0.7034090093764775,0.7047725283719545,
2024-08,CUST004,Juniper Peak Networks,263141.71,185611.38,0.7053666254581988,0.7050402034941784,
2024-09,CUST004,Juniper Peak Networks,260196.23,182680.08,0.7020858065468512,0.7036204804605092,
2024-10,CUST004,Juniper Peak Networks,255811.05,180306.23,0.7048414444958496,0.7040979588336332,
2024-11,CUST004,Juniper Peak Networks,266805.53,187097.82,0.701251656965281,0.7027263026693272,
2024-12,CUST004,Juniper Peak Networks,263496.92,185867.09,0.7053861957855143,0.7038264324155484,
2025-01,CUST004,Juniper Peak Networks,325131.68,208719.10,0.6419525159775265,0.6828634562427739,-0.06334786606097975
2025-02,CUST004,Juniper Peak Networks,322740.35,207285.07,0.6422657408656836,0.6632014842095747,-0.05992468246790683
2025-03,CUST004,Juniper Peak Networks,333375.65,213786.43,0.6412778797731628,0.6418320455387909,-0.06427387563397069
2025-04,CUST004,Juniper Peak Networks,350365.88,225134.19,0.6425688197720623,0.6420374801369696,-0.06411979996772932
2025-05,CUST004,Juniper Peak Networks,342224.80,219469.64,0.6413025590196854,0.6417164195216367,-0.06326104107184172
2025-06,CUST004,Juniper Peak Networks,336285.72,215880.93,0.6419568752428738,0.6419427513448738,-0.0643881004049851
2025-07,CUST004,Juniper Peak Networks,321427.61,206102.47,0.6412096023736107,0.6414896788787233,-0.06219940700286686
2025-08,CUST004,Juniper Peak Networks,303438.29,194382.56,0.6405999717438429,0.6412554831201092,-0.06476665371435597
2025-09,CUST004,Juniper Peak Networks,306329.69,196523.34,0.6415419282407787,0.641117167452744,-0.06054387830607244
2025-10,CUST004,Juniper Peak Networks,277306.47,178447.86,0.6435041346132314,0.6418820115326177,-0.06133730988261821
2025-11,CUST004,Juniper Peak Networks,273937.66,175815.13,0.6418070812169455,0.6422843813569852,-0.059444575748335504
2025-12,CUST004,Juniper Peak Networks,269388.11,171857.61,0.6379554390874935,0.6410888849725568,-0.06743075669802079
2024-01,CUST005,Meridian Forge Labs,269275.37,189489.43,0.7037013076985095,0.7037013076985095,
2024-02,CUST005,Meridian Forge Labs,282402.73,198857.63,0.7041632706596003,0.7039322891790549,
2024-03,CUST005,Meridian Forge Labs,284228.83,199549.30,0.7020726926258676,0.7033124236613258,
2024-04,CUST005,Meridian Forge Labs,290986.67,204644.07,0.7032764421820423,0.7031708018225035,
2024-05,CUST005,Meridian Forge Labs,280745.27,197618.09,0.7039053231422207,0.7030848193167102,
2024-06,CUST005,Meridian Forge Labs,282919.05,199031.66,0.7034933137234839,0.7035583596825824,
2024-07,CUST005,Meridian Forge Labs,270358.01,189909.24,0.7024361512351714,0.7032782627002919,
2024-08,CUST005,Meridian Forge Labs,271400.35,191008.96,0.703790396733092,0.7032399538972491,
2024-09,CUST005,Meridian Forge Labs,267016.39,188093.84,0.7044280690035544,0.703551538990606,
2024-10,CUST005,Meridian Forge Labs,261870.26,183893.77,0.7022323573513082,0.7034836076959848,
2024-11,CUST005,Meridian Forge Labs,264781.35,186192.58,0.7031937105842235,0.7032847123130287,
2024-12,CUST005,Meridian Forge Labs,260017.07,183138.18,0.70433137332099,0.7032524804188406,
2025-01,CUST005,Meridian Forge Labs,325462.48,207960.06,0.6389678466162981,0.6821643101738372,-0.06473346108221134
2025-02,CUST005,Meridian Forge Labs,336336.72,215134.29,0.6396396147289538,0.660979611555414,-0.06452365593064646
2025-03,CUST005,Meridian Forge Labs,340281.72,218398.69,0.6418172859829203,0.640141582442724,-0.06025540664294726
2025-04,CUST005,Meridian Forge Labs,345570.96,221675.63,0.6414764423492066,0.6409777810203603,-0.061799999832835684
2025-05,CUST005,Meridian Forge Labs,343924.00,220284.21,0.6405025819657831,0.6412654367659701,-0.06340274117643752
2025-06,CUST005,Meridian Forge Labs,338101.22,216789.83,0.6411980116487009,0.6410590119878968,-0.062295302074782954
2025-07,CUST005,Meridian Forge Labs,319800.11,206100.95,0.6444680397389483,0.6420562111178109,-0.05796811149622316
2025-08,CUST005,Meridian Forge Labs,316431.52,203011.06,0.6415639630337711,0.6424100048071401,-0.062226433699320904
2025-09,CUST005,Meridian Forge Labs,302847.38,193421.55,0.6386766496048273,0.6415695507925155,-0.06575141939872708
2025-10,CUST005,Meridian Forge Labs,279232.06,178416.49,0.6389541730988912,0.6397315952458299,-0.06327818425241694
2025-11,CUST005,Meridian Forge Labs,288128.68,184721.62,0.6411080632445197,0.6395796286494128,-0.06208564733970379
2025-12,CUST005,Meridian Forge Labs,275169.88,176530.86,0.6415340952287365,0.6405321105240492,-0.06279727809225355
2024-01,CUST006,Silverline Data Works,82819.02,58429.06,0.7055029146686352,0.7055029146686352,
2024-02,CUST006,Silverline Data Works,82247.98,57891.19,0.7038615416451566,0.7046822281568959,
2024-03,CUST006,Silverline Data Works,87663.08,61727.37,0.7041432949880383,0.7045025837672766,
2024-04,CUST006,Silverline Data Works,88778.61,62585.42,0.7049605755260191,0.7043218040530713,
2024-05,CUST006,Silverline Data Works,86731.61,61031.36,0.7036806995742383,0.7042615233627653,
2024-06,CUST006,Silverline Data Works,84322.39,59518.49,0.7058444382328347,0.7048285711110308,
2024-07,CUST006,Silverline Data Works,81659.52,57411.69,0.7030618107968305,0.7041956495346344,
2024-08,CUST006,Silverline Data Works,81486.63,57196.09,0.7019076626435526,0.703604637224406,
2024-09,CUST006,Silverline Data Works,78514.69,55105.72,0.7018523539989777,0.702273942479787,
2024-10,CUST006,Silverline Data Works,77593.14,54423.66,0.7013978297565997,0.7017192821330434,
2024-11,CUST006,Silverline Data Works,76246.41,53866.14,0.7064744425344092,0.7032415420966621,
2024-12,CUST006,Silverline Data Works,79645.31,55905.18,0.7019268303431803,0.7032663675447296,
2025-01,CUST006,Silverline Data Works,98258.48,63067.87,0.6418567639149314,0.6834193455975069,-0.06364615075370383
2025-02,CUST006,Silverline Data Works,102613.28,65655.72,0.6398364812039923,0.6612066918207014,-0.0640250604411643
2025-03,CUST006,Silverline Data Works,97818.53,62676.43,0.640741892154789,0.6408117124245708,-0.06340140283324924
2025-04,CUST006,Silverline Data Works,102862.99,65832.15,0.6399984095348579,0.6401922609645464,-0.06496216599116122
2025-05,CUST006,Silverline Data Works,101610.46,65373.83,0.6433769712291432,0.6413724243062634,-0.06030372834509512
2025-06,CUST006,Silverline Data Works,101335.62,64945.96,0.6408996165415478,0.6414249991018496,-0.0649448216912869
2025-07,CUST006,Silverline Data Works,95527.87,60893.41,0.6374413037786775,0.6405726305164562,-0.06562050701815303
2025-08,CUST006,Silverline Data Works,94008.04,60381.25,0.6422987863591242,0.6402132355597833,-0.05960887628442846
2025-09,CUST006,Silverline Data Works,88472.59,56533.03,0.6389892055833338,0.6395764319070452,-0.06286314841564389
2025-10,CUST006,Silverline Data Works,83183.13,53545.74,0.6437091270790123,0.6416657063404901,-0.05768870267758741
2025-11,CUST006,Silverline Data Works,81717.12,52362.71,0.6407801694430739,0.6411595007018066,-0.06569427309133524
2025-12,CUST006,Silverline Data Works,84695.12,54279.03,0.6408755309632952,0.6417882758284604,-0.06105129937988507
2024-01,CUST007,Arcfield Commerce,82461.17,58088.13,0.7044300972203038,0.7044300972203038,
2024-02,CUST007,Arcfield Commerce,85376.76,60208.96,0.705214861749263,0.7048224794847834,
2024-03,CUST007,Arcfield Commerce,85059.47,59973.59,0.7050783410712528,0.7049077666802731,
2024-04,CUST007,Arcfield Commerce,88398.74,62270.29,0.7044250856969227,0.7049060961724795,
2024-05,CUST007,Arcfield Commerce,88496.74,62208.87,0.7029509787592175,0.704151468509131,
2024-06,CUST007,Arcfield Commerce,85366.39,60093.39,0.7039467172033397,0.70377426055316,
2024-07,CUST007,Arcfield Commerce,80150.51,56401.29,0.7036922160570158,0.7035299706731909,
2024-08,CUST007,Arcfield Commerce,79722.51,56091.21,0.7035805821969229,0.7037398384857595,
2024-09,CUST007,Arcfield Commerce,81018.47,57110.81,0.7049109912838393,0.7040612631792594,
2024-10,CUST007,Arcfield Commerce,76509.80,53879.96,0.7042229884276262,0.7042381873027961,
2024-11,CUST007,Arcfield Commerce,79533.64,55982.06,0.7038790127045612,0.7043376641386755,
2024-12,CUST007,Arcfield Commerce,78307.02,55153.08,0.7043184634021318,0.7041401548447731,
2025-01,CUST007,Arcfield Commerce,98856.07,63497.99,0.6423276790185973,0.6835083850417635,-0.06210241820170648
2025-02,CUST007,Arcfield Commerce,98535.20,63372.47,0.6431454952138932,0.6632638792115407,-0.06206936653536976
2025-03,CUST007,Arcfield Commerce,103757.86,66493.27,0.6408504377403312,0.6421078706576072,-0.06422790333092154
2025-04,CUST007,Arcfield Commerce,100343.11,64279.11,0.6405931608059586,0.6415296979200611,-0.06383192489096412
2025-05,CUST007,Arcfield Commerce,97941.00,62674.76,0.6399236274900195,0.6404557420121031,-0.063027351269198
2025-06,CUST007,Arcfield Commerce,99660.33,63564.35,0.6378099490539515,0.6394422457833099,-0.06613676814938818
2025-07,CUST007,Arcfield Commerce,98607.47,63564.75,0.6446240837534924,0.6407858867658212,-0.05906813230352337
2025-08,CUST007,Arcfield Commerce,94144.56,60358.36,0.641124245521993,0.641186092776479,-0.06245633667492989
2025-09,CUST007,Arcfield Commerce,89423.40,57336.57,0.6411808318628011,0.6423097203794289,-0.06373015942103821
2025-10,CUST007,Arcfield Commerce,85751.27,54939.60,0.64068555486117,0.6409968774153213,-0.06353743356645625
2025-11,CUST007,Arcfield Commerce,84512.18,54438.80,0.6441533042929434,0.6420065636723048,-0.05972570841161784
2025-12,CUST007,Arcfield Commerce,81472.79,52296.89,0.6418939378410878,0.6422442656650671,-0.06242452556104394
2024-01,CUST008,Brightpath Logistics,83851.92,59081.47,0.7045929300128131,0.7045929300128131,
2024-02,CUST008,Brightpath Logistics,87466.25,61451.31,0.7025716776470924,0.7035823038299527,
2024-03,CUST008,Brightpath Logistics,84752.01,59743.96,0.7049267622089436,0.7040304566229496,
2024-04,CUST008,Brightpath Logistics,89406.68,62768.06,0.7020511219072222,0.7031831872544193,
2024-05,CUST008,Brightpath Logistics,86717.14,61024.70,0.7037213173773951,0.7035664004978536,
2024-06,CUST008,Brightpath Logistics,83004.78,58366.90,0.7031751665386018,0.7029825352744065,
2024-07,CUST008,Brightpath Logistics,82116.96,58021.42,0.7065704819077568,0.7044889886079179,
2024-08,CUST008,Brightpath Logistics,77946.95,55027.01,0.7059546268327369,0.7052334250930318,
2024-09,CUST008,Brightpath Logistics,76056.02,53702.46,0.7060908525058239,0.7062053204154393,
2024-10,CUST008,Brightpath Logistics,80053.74,56441.75,0.7050482588321295,0.7056979127235635,
2024-11,CUST008,Brightpath Logistics,79933.27,56343.08,0.7048764550730878,0.7053385221370138,
2024-12,CUST008,Brightpath Logistics,80225.58,56431.11,0.7034054474894417,0.704443387131553,
2025-01,CUST008,Brightpath Logistics,93295.74,59980.77,0.6429100621314542,0.6837306548979946,-0.061682867881358905
2025-02,CUST008,Brightpath Logistics,101428.53,65091.78,0.6417502057852953,0.6626885718020638,-0.060821471861797094
2025-03,CUST008,Brightpath Logistics,98636.59,63639.35,0.6451900861536272,0.6432834513567922,-0.05973667605531641
2025-04,CUST008,Brightpath Logistics,101531.51,65197.02,0.6421358256170917,0.6430253725186713,-0.05991529629013048
2025-05,CUST008,Brightpath Logistics,101925.99,65223.58,0.6399111747651408,0.6424123621786199,-0.06381014261225426
2025-06,CUST008,Brightpath Logistics,96554.00,61883.18,0.6409178283654743,0.6409882762492356,-0.06225733817312751
2025-07,CUST008,Brightpath Logistics,96951.26,62407.47,0.6436994217506817,0.6415094749604323,-0.06287106015707511
2025-08,CUST008,Brightpath Logistics,91903.80,59098.59,0.6430483832006946,0.6425552111056169,-0.06290624363204234
2025-09,CUST008,Brightpath Logistics,88848.79,56848.86,0.6398383140614521,0.6421953730042761,-0.06625253844437184
2025-10,CUST008,Brightpath Logistics,85593.28,54954.16,0.6420382534703659,0.6416416502441709,-0.0630100053617636
2025-11,CUST008,Brightpath Logistics,81285.92,52121.44,0.6412111716272634,0.6410292463863604,-0.06366528344582445
2025-12,CUST008,Brightpath Logistics,82712.62,52911.25,0.639699842660044,0.6409830892525578,-0.06370560482939769
2024-01,CUST009,Evercrest Health Tech,83179.45,58576.72,0.7042210545994233,0.7042210545994233,
2024-02,CUST009,Evercrest Health Tech,87461.89,61694.61,0.7053884840585997,0.7048047693290115,
2024-03,CUST009,Evercrest Health Tech,89250.97,62754.85,0.7031279323910989,0.7042458236830407,
2024-04,CUST009,Evercrest Health Tech,88770.53,62311.07,0.7019341891954458,0.7034835352150481,
2024-05,CUST009,Evercrest Health Tech,85135.77,59768.87,0.7020418092183814,0.7023679769349754,
2024-06,CUST009,Evercrest Health Tech,87290.18,61373.56,0.7030981033605385,0.7023580339247886,
2024-07,CUST009,Evercrest Health Tech,81044.52,57048.81,0.7039194013364506,0.7030197713051235,
2024-08,CUST009,Evercrest Health Tech,82321.78,57923.31,0.703620718599622,0.7035460744322037,
2024-09,CUST009,Evercrest Health Tech,76826.78,54229.72,0.7058700104312585,0.704470043455777,
2024-10,CUST009,Evercrest Health Tech,79539.65,56052.42,0.7047104180116458,0.7047337156808421,
2024-11,CUST009,Evercrest Health Tech,79421.97,55937.66,0.7043096513471021,0.7049633599300021,
2024-12,CUST009,Evercrest Health Tech,77812.66,54732.38,0.7033865697432782,0.7041355463673421,
2025-01,CUST009,Evercrest Health Tech,96177.81,61764.03,0.6421858638702628,0.6832940283202144,-0.06203519072916053
2025-02,CUST009,Evercrest Health Tech,95864.53,61716.94,0.6437932778682585,0.6631219038272664,-0.0615952061903412
2025-03,CUST009,Evercrest Health Tech,103586.42,66557.63,0.642532389863459,0.64283717720066,-0.06059554252763999
2025-04,CUST009,Evercrest Health Tech,102095.12,65450.25,0.6410712872466383,0.6424656516594519,-0.0608629019488075
2025-05,CUST009,Evercrest Health Tech,103932.19,67132.85,0.6459293314227287,0.6431776695109419,-0.05611247779565276
2025-06,CUST009,Evercrest Health Tech,97396.99,62423.68,0.6409200120044777,0.6426402102246148,-0.06217809135606078
2025-07,CUST009,Evercrest Health Tech,97384.52,62416.05,0.6409237320264042,0.6425910251512036,-0.06299566931004641
2025-08,CUST009,Evercrest Health Tech,96450.40,61778.07,0.6405164727155098,0.6407867389154639,-0.06310424588411223
2025-09,CUST009,Evercrest Health Tech,89357.01,57415.02,0.6425351519707295,0.6413251189042145,-0.063334858460529
2025-10,CUST009,Evercrest Health Tech,88547.79,56706.84,0.6404094331433907,0.64115368594321,-0.06430098486825508
2025-11,CUST009,Evercrest Health Tech,83727.39,53695.20,0.641309850934085,0.6414181453494018,-0.06299980041301712
2025-12,CUST009,Evercrest Health Tech,84234.24,53768.29,0.6383186932059932,0.6400126590944896,-0.06506787653728496
2024-01,CUST010,Redwood Signal Partners,85062.86,59796.50,0.7029683695093252,0.7029683695093252,
2024-02,CUST010,Redwood Signal Partners,83284.66,58895.61,0.7071603582220303,0.7050643638656777,
2024-03,CUST010,Redwood Signal Partners,86176.74,60780.98,0.7053060953570535,0.7051449410294697,
2024-04,CUST010,Redwood Signal Partners,89293.27,62841.76,0.7037681563235393,0.7054115366342076,
2024-05,CUST010,Redwood Signal Partners,84541.35,59378.27,0.7023577219904815,0.703810657890358,
2024-06,CUST010,Redwood Signal Partners,85358.46,59957.06,0.7024149685924511,0.702846948968824,
2024-07,CUST010,Redwood Signal Partners,83134.36,58593.61,0.7048061715998054,0.7031929540609126,
2024-08,CUST010,Redwood Signal Partners,80234.02,56633.87,0.7058585622408051,0.7043599008110206,
2024-09,CUST010,Redwood Signal Partners,80883.64,57005.22,0.7047805959276808,0.7051484432560972,
2024-10,CUST010,Redwood Signal Partners,75924.40,53687.59,0.7071190552707693,0.7059194044797518,
2024-11,CUST010,Redwood Signal Partners,81258.07,57156.20,0.7033910601125524,0.7050969037703343,
2024-12,CUST010,Redwood Signal Partners,78411.71,55288.66,0.7051071836081626,0.7052057663304948,
2025-01,CUST010,Redwood Signal Partners,96353.55,61962.90,0.6430785373242605,0.6838589270149917,-0.05988983218506472
2025-02,CUST010,Redwood Signal Partners,98383.71,62974.19,0.6400875714079088,0.662757764113444,-0.06707278681412143
2025-03,CUST010,Redwood Signal Partners,103080.85,66094.31,0.6411890278359171,0.6414517121893621,-0.06411706752113633
2025-04,CUST010,Redwood Signal Partners,103148.39,65975.23,0.6396147336861001,0.640297110976642,-0.06415342263743917
2025-05,CUST010,Redwood Signal Partners,103556.71,66335.18,0.640568631429098,0.6404574643170383,-0.061789090561383486
2025-06,CUST010,Redwood Signal Partners,99513.80,63881.71,0.6419382035456389,0.6407071895536124,-0.06047676504681221
2025-07,CUST010,Redwood Signal Partners,95369.68,60968.44,0.6392853577782793,0.6405973975843388,-0.06552081382152608
2025-08,CUST010,Redwood Signal Partners,92763.69,59283.77,0.6390837837520262,0.6401024483586482,-0.06677477848877889
2025-09,CUST010,Redwood Signal Partners,86845.04,55738.06,0.6418105167549005,0.6400598860950687,-0.0629700791727803
2025-10,CUST010,Redwood Signal Partners,85957.99,55299.22,0.643328444511092,0.6414075816726729,-0.0637906107596774
2025-11,CUST010,Redwood Signal Partners,83491.12,53412.52,0.6397389327152396,0.6416259646604107,-0.06365212739731274
2025-12,CUST010,Redwood Signal Partners,84232.45,53981.04,0.6408580066233381,0.6413084612832232,-0.06424917698482446
2024-01,CUST011,Lattice Advisory 011,79842.06,56329.19,0.7055077236233634,0.7055077236233634,
2024-02,CUST011,Lattice Advisory 011,86756.11,61073.71,0.7039701295966359,0.7047389266099997,
2024-03,CUST011,Lattice Advisory 011,84468.11,59578.19,0.705333527647298,0.7049371269557657,
2024-04,CUST011,Lattice Advisory 011,86786.71,61027.16,0.7031855453444427,0.7041630675294588,
2024-05,CUST011,Lattice Advisory 011,86137.49,60582.14,0.703319077442354,0.7039460501446982,
2024-06,CUST011,Lattice Advisory 011,82319.75,57842.16,0.7026522796777201,0.7030523008215056,
2024-07,CUST011,Lattice Advisory 011,80240.09,56483.18,0.7039271765522696,0.7032995112241145,
2024-08,CUST011,Lattice Advisory 011,79092.47,55560.25,0.702472055810117,0.7030171706800354,
2024-09,CUST011,Lattice Advisory 011,78080.72,54943.34,0.7036735829280262,0.7033576050968042,
2024-10,CUST011,Lattice Advisory 011,79794.99,56027.71,0.7021457111530435,0.7027637832970622,
2024-11,CUST011,Lattice Advisory 011,80218.61,56445.36,0.703644204256344,0.7031544994458047,
2024-12,CUST011,Lattice Advisory 011,78720.63,55543.40,0.7055761621826451,0.7037886925306776,
2025-01,CUST011,Lattice Advisory 011,96832.53,62102.79,0.6413422224948578,0.6835208629779489,-0.06416550112850561
2025-02,CUST011,Lattice Advisory 011,101882.72,65148.14,0.6394424883827208,0.6621202910200745,-0.06452764121391508
2025-03,CUST011,Lattice Advisory 011,102364.72,65980.57,0.644563576200863,0.6417827623594806,-0.06076995144643493
2025-04,CUST011,Lattice Advisory 011,100661.59,64248.00,0.6382573531771155,0.6407544725868998,-0.06492819216732715
2025-05,CUST011,Lattice Advisory 011,98765.35,63264.18,0.6405503549574825,0.6411237614451537,-0.06276872248487153
2025-06,CUST011,Lattice Advisory 011,100100.68,64445.21,0.643803918215141,0.6408705421165797,-0.0588483614625791
2025-07,CUST011,Lattice Advisory 011,98969.39,63499.67,0.6416091884571583,0.6419878205432606,-0.06231798809511124
2025-08,CUST011,Lattice Advisory 011,94421.22,60614.92,0.6419628977469259,0.6424586681397417,-0.060509158063191015
2025-09,CUST011,Lattice Advisory 011,87744.44,56304.47,0.6416870402272782,0.6417530421437875,-0.06198654270074799
2025-10,CUST011,Lattice Advisory 011,85099.67,54666.06,0.6423768740818854,0.6420089373520298,-0.0597688370711581
2025-11,CUST011,Lattice Advisory 011,82015.13,52853.16,0.6444318261764628,0.6428319134952089,-0.05921237807988122
2025-12,CUST011,Lattice Advisory 011,80452.14,51649.16,0.6419861547498923,0.6429316183360801,-0.06359000743275278
2024-01,CUST012,Mosaic Advisory 012,84279.52,59309.14,0.7037194801299295,0.7037194801299295,
2024-02,CUST012,Mosaic Advisory 012,86615.95,60735.42,0.7012036466724663,0.7024615634011979,
2024-03,CUST012,Mosaic Advisory 012,84632.66,59532.99,0.7034280855641308,0.7027837374555089,
2024-04,CUST012,Mosaic Advisory 012,86134.53,60613.54,0.7037077929141774,0.7027798417169248,
2024-05,CUST012,Mosaic Advisory 012,87962.13,61861.07,0.7032693501169196,0.7034684095317426,
2024-06,CUST012,Mosaic Advisory 012,84969.73,59922.25,0.7052187879142373,0.7040653103151114,
2024-07,CUST012,Mosaic Advisory 012,81800.48,57665.45,0.7049524648266122,0.7044802009525898,
2024-08,CUST012,Mosaic Advisory 012,81707.74,57407.36,0.7025939035885707,0.7042550521098067,
2024-09,CUST012,Mosaic Advisory 012,77910.64,54730.02,0.7024717034797814,0.7033393572983213,
2024-10,CUST012,Mosaic Advisory 012,79630.28,55888.78,0.7018533653278627,0.7023063241320715,
2024-11,CUST012,Mosaic Advisory 012,76997.67,54324.92,0.7055397910092605,0.7032882866056349,
2024-12,CUST012,Mosaic Advisory 012,82582.75,58133.86,0.7039467685442783,0.7037799749604671,
2025-01,CUST012,Mosaic Advisory 012,97417.55,62490.34,0.6414690166196952,0.6836518587244114,-0.06225046351023422
2025-02,CUST012,Mosaic Advisory 012,97228.76,62406.54,0.6418526781581911,0.6624228211073881,-0.059350968514275126
2025-03,CUST012,Mosaic Advisory 012,99350.48,63892.37,0.6431007681090217,0.6421408209623026,-0.06032731745510911
2025-04,CUST012,Mosaic Advisory 012,101547.47,64992.83,0.640024118769281,0.641659188345498,-0.0636836741448964
2025-05,CUST012,Mosaic Advisory 012,98596.81,63334.77,0.6423612488071369,0.6418287118951466,-0.06090810130978275
2025-06,CUST012,Mosaic Advisory 012,99869.94,64069.48,0.6415291728421986,0.6413048468062055,-0.06368961507203874
2025-07,CUST012,Mosaic Advisory 012,99318.39,63912.44,0.6435106328243944,0.6424670181579099,-0.06144183200221787
2025-08,CUST012,Mosaic Advisory 012,94771.47,60761.03,0.6411320833157911,0.6420572963274612,-0.06146182027277958
2025-09,CUST012,Mosaic Advisory 012,87962.49,56474.65,0.6420310520995938,0.6422245894132598,-0.060440651380187616
2025-10,CUST012,Mosaic Advisory 012,87502.16,56352.43,0.6440118735354647,0.6423916696502832,-0.05784149179239795
2025-11,CUST012,Mosaic Advisory 012,82457.67,52815.28,0.6405138539568241,0.6421855931972943,-0.06502593705243631
2025-12,CUST012,Mosaic Advisory 012,82673.11,53065.35,0.6418695268630876,0.6421317514517922,-0.062077241681190665
2024-01,CUST013,Nova Advisory 013,80853.35,56767.26,0.702101520839891,0.702101520839891,
2024-02,CUST013,Nova Advisory 013,86830.85,61084.62,0.7034898310911387,0.7027956759655148,
2024-03,CUST013,Nova Advisory 013,84974.75,59758.38,0.703248670928717,0.7029466742865823,
2024-04,CUST013,Nova Advisory 013,85900.21,60238.42,0.7012604509348696,0.7026663176515751,
2024-05,CUST013,Nova Advisory 013,85920.01,60575.24,0.7050190054679929,0.7031760424438599,
2024-06,CUST013,Nova Advisory 013,87060.99,61411.15,0.7053807910982863,0.7038867491670496,
2024-07,CUST013,Nova Advisory 013,80167.00,56611.80,0.7061733631045194,0.7055243865569328,
2024-08,CUST013,Nova Advisory 013,79428.58,55945.82,0.7043537729114633,0.7053026423714229,
2024-09,CUST013,Nova Advisory 013,80364.80,56508.08,0.7031446603488094,0.7045572654549307,
2024-10,CUST013,Nova Advisory 013,77549.47,54426.76,0.7018327784832057,0.7031104039144928,
2024-11,CUST013,Nova Advisory 013,80878.72,56682.11,0.7008284750302676,0.7019353046207609,
2024-12,CUST013,Nova Advisory 013,78154.45,55019.59,0.7039853776720327,0.702215543728502,
2025-01,CUST013,Nova Advisory 013,94565.20,60863.75,0.6436167850329719,0.6828102125784241,-0.05848473580691904
2025-02,CUST013,Nova Advisory 013,98144.56,62820.30,0.6400792871250327,0.6625604832766792,-0.06341054396610601
2025-03,CUST013,Nova Advisory 013,101406.44,64853.25,0.6395377847797438,0.6410779523125828,-0.06371088614897324
2025-04,CUST013,Nova Advisory 013,99784.99,64163.76,0.6430201576409438,0.64087907651524,-0.05824029329392577
2025-05,CUST013,Nova Advisory 013,100561.40,64547.22,0.6418687488439899,0.6414755637548925,-0.06315025662400298
2025-06,CUST013,Nova Advisory 013,102567.32,65773.57,0.6412721907913749,0.642053699092103,-0.06410860030691146
2025-07,CUST013,Nova Advisory 013,99167.21,63594.52,0.6412857637116138,0.6414755677823262,-0.06488759939290556
2025-08,CUST013,Nova Advisory 013,91844.22,58892.52,0.6412218428116652,0.641259932438218,-0.06313193009979812
2025-09,CUST013,Nova Advisory 013,87830.64,56206.99,0.6399474033207546,0.6408183366146779,-0.06319725702805479
2025-10,CUST013,Nova Advisory 013,88494.87,56879.28,0.6427409860029175,0.6413034107117791,-0.059091792480288174
2025-11,CUST013,Nova Advisory 013,86294.72,55501.34,0.643160323134486,0.6419495708193861,-0.05766815189578156
2025-12,CUST013,Nova Advisory 013,79911.73,51427.28,0.6435510781708768,0.6431507957694268,-0.060434299501155975
2024-01,CUST014,Orchid Advisory 014,84503.85,59410.56,0.7030515177710838,0.7030515177710838,
2024-02,CUST014,Orchid Advisory 014,85994.66,60707.54,0.7059454621949781,0.7044984899830309,
2024-03,CUST014,Orchid Advisory 014,83906.08,59015.51,0.7033520097709248,0.7041163299123289,
2024-04,CUST014,Orchid Advisory 014,86481.75,61038.53,0.7057966565200172,0.7050313761619734,
2024-05,CUST014,Orchid Advisory 014,87173.71,61219.19,0.7022666581472785,0.7038051081460734,
2024-06,CUST014,Orchid Advisory 014,82101.41,57631.65,0.7019568847843173,0.703340066483871,
2024-07,CUST014,Orchid Advisory 014,81818.51,57645.06,0.704547907313394,0.7029238167483299,
2024-08,CUST014,Orchid Advisory 014,82587.73,58222.44,0.7049768773157951,0.7038272231378354,
2024-09,CUST014,Orchid Advisory 014,78717.33,55281.21,0.7022749628321997,0.7039332491537963,
2024-10,CUST014,Orchid Advisory 014,80003.09,56174.81,0.7021580041470898,0.7031366147650283,
2024-11,CUST014,Orchid Advisory 014,78764.74,55425.04,0.7036783210355293,0.7027037626716063,
2024-12,CUST014,Orchid Advisory 014,82676.81,58103.08,0.7027736072545615,0.7028699774790602,
2025-01,CUST014,Orchid Advisory 014,95886.49,61506.58,0.6414519918290887,0.6826346400397264,-0.061599525941995026
2025-02,CUST014,Orchid Advisory 014,101822.84,65081.42,0.6391632761372595,0.6611296250736366,-0.06678218605771857
2025-03,CUST014,Orchid Advisory 014,102149.73,65658.08,0.6427631282040589,0.6411261320568024,-0.060588881566865926
2025-04,CUST014,Orchid Advisory 014,104809.26,67065.94,0.6398856360592566,0.6406040134668584,-0.06591102046076058
2025-05,CUST014,Orchid Advisory 014,99317.81,63824.19,0.6426258291438364,0.641758197802384,-0.05964082900344214
2025-06,CUST014,Orchid Advisory 014,99650.52,64174.27,0.6439933278822829,0.642168264361792,-0.05796355690203436
2025-07,CUST014,Orchid Advisory 014,96814.60,62237.02,0.6428474630892448,0.6431555400384547,-0.06170044422414922
2025-08,CUST014,Orchid Advisory 014,94201.20,60725.29,0.6446339324764441,0.6438249078159906,-0.06034294483935099
2025-09,CUST014,Orchid Advisory 014,89314.73,57291.62,0.6414576856471492,0.6429796937376127,-0.06081727718505048
2025-10,CUST014,Orchid Advisory 014,82989.64,53290.41,0.6421332831423296,0.6427416337553077,-0.060024721004760195
2025-11,CUST014,Orchid Advisory 014,82336.28,52558.71,0.6383420528593228,0.6406443405496005,-0.06533626817620652
2025-12,CUST014,Orchid Advisory 014,84871.87,54454.70,0.6416107009307088,0.6406953456441203,-0.061162906323852684
2024-01,CUST015,Pioneer Advisory 015,83036.84,58548.95,0.7050960754286892,0.7050960754286892,
2024-02,CUST015,Pioneer Advisory 015,85582.89,60175.11,0.7031207990288714,0.7041084372287802,
2024-03,CUST015,Pioneer Advisory 015,88455.53,62371.17,0.705113292521112,0.7044433889928908,
2024-04,CUST015,Pioneer Advisory 015,88817.19,62338.74,0.7018769677356376,0.7033703530952069,
2024-05,CUST015,Pioneer Advisory 015,89323.60,62919.76,0.7044024199651604,0.70379756007397,
2024-06,CUST015,Pioneer Advisory 015,84569.73,59727.81,0.70625518137518,0.7041781896919926,
2024-07,CUST015,Pioneer Advisory 015,84937.17,59578.21,0.7014386045591112,0.7040320686331505,
2024-08,CUST015,Pioneer Advisory 015,77497.71,54334.50,0.7011110392810316,0.702934941738441,
2024-09,CUST015,Pioneer Advisory 015,80749.62,56811.83,0.7035553851522769,0.7020350096641398,
2024-10,CUST015,Pioneer Advisory 015,78771.26,55461.32,0.7040806507347985,0.7029156917227023,
2024-11,CUST015,Pioneer Advisory 015,80939.59,56784.07,0.7015611272555248,0.7030657210475334,
2024-12,CUST015,Pioneer Advisory 015,79791.26,56250.25,0.7049675616101313,0.7035364465334849,
2025-01,CUST015,Pioneer Advisory 015,94401.65,60565.72,0.6415748029827869,0.682701163949481,-0.06352127244590233
2025-02,CUST015,Pioneer Advisory 015,95993.82,61530.96,0.64098876365166,0.6625103760815261,-0.06213203537721135
2025-03,CUST015,Pioneer Advisory 015,98633.00,63197.36,0.6407324120730384,0.6410986595691618,-0.06438088044807355
2025-04,CUST015,Pioneer Advisory 015,103759.09,66816.42,0.6439572667801925,0.641892814168297,-0.057919700955445075
2025-05,CUST015,Pioneer Advisory 015,99211.35,63540.18,0.640452730458763,0.6417141364373313,-0.06394968950639734
2025-06,CUST015,Pioneer Advisory 015,101415.99,64977.43,0.6407020234185951,0.6417040068858503,-0.0655531579565849
2025-07,CUST015,Pioneer Advisory 015,98333.07,63117.22,0.6418717528091007,0.6410088355621529,-0.05956685175001053
2025-08,CUST015,Pioneer Advisory 015,94178.22,60256.50,0.6398135365055743,0.64079577091109,-0.06129750277545731
2025-09,CUST015,Pioneer Advisory 015,87863.72,56500.56,0.6430476651796668,0.6415776514981139,-0.06050771997261006
2025-10,CUST015,Pioneer Advisory 015,86901.59,55987.23,0.6442601337904175,0.6423737784918861,-0.059820516944381064
2025-11,CUST015,Pioneer Advisory 015,81631.34,52467.80,0.6427408884871914,0.6433495624857586,-0.05882023876833342
2025-12,CUST015,Pioneer Advisory 015,83982.86,53808.87,0.6407125215788079,0.6425711812854722,-0.06425504003132343
2024-01,CUST016,Quartz Advisory 016,79981.66,56231.53,0.703055300427623,0.703055300427623,
2024-02,CUST016,Quartz Advisory 016,85072.22,59882.84,0.703905928398248,0.7034806144129355,
2024-03,CUST016,Quartz Advisory 016,84853.02,59681.38,0.7033500987943623,0.7034371092067445,
2024-04,CUST016,Quartz Advisory 016,89690.46,63320.34,0.7059874595358302,0.7044144955761468,
2024-05,CUST016,Quartz Advisory 016,84999.09,60058.80,0.7065816822274216,0.7053064135192048,
2024-06,CUST016,Quartz Advisory 016,87107.49,61250.05,0.7031548033355111,0.705241315032921,
2024-07,CUST016,Quartz Advisory 016,84237.89,59383.78,0.7049533173254933,0.7048966009628086,
2024-08,CUST016,Quartz Advisory 016,81529.98,57382.79,0.703824409131463,0.7039775099308224,
2024-09,CUST016,Quartz Advisory 016,79449.02,55887.95,0.7034441708657954,0.7040739657742505,
2024-10,CUST016,Quartz Advisory 016,77742.41,54504.52,0.7010912062026375,0.7027865953999654,
2024-11,CUST016,Quartz Advisory 016,79283.18,55850.04,0.7044374355317232,0.7029909375333854,
2024-12,CUST016,Quartz Advisory 016,81385.76,57146.46,0.7021677993791543,0.7025654803711716,
2025-01,CUST016,Quartz Advisory 016,95554.40,61204.73,0.640522362130891,0.6823758656805895,-0.06253293829673201
2025-02,CUST016,Quartz Advisory 016,101707.31,65247.54,0.6415226201538513,0.6614042605546322,-0.06238330824439664
2025-03,CUST016,Quartz Advisory 016,101453.26,64977.56,0.6404679356779664,0.6408376393209029,-0.06288216311639583
2025-04,CUST016,Quartz Advisory 016,105020.72,67307.74,0.6408996243788845,0.6409633934035674,-0.06508783515694572
2025-05,CUST016,Quartz Advisory 016,102469.84,65929.58,0.6434047325535006,0.6415907642034505,-0.06317694967392096
2025-06,CUST016,Quartz Advisory 016,97198.81,62461.49,0.6426157892262261,0.6423067153862038,-0.06053901410928497
2025-07,CUST016,Quartz Advisory 016,98910.51,63729.35,0.6443132281898051,0.6434445833231773,-0.06064008913568819
2025-08,CUST016,Quartz Advisory 016,93304.73,59898.67,0.6419682046129923,0.642965740676341,-0.06185620451847074
2025-09,CUST016,Quartz Advisory 016,89101.54,57344.42,0.6435850603704493,0.6432888310577489,-0.05985911049534609
2025-10,CUST016,Quartz Advisory 016,87263.41,55879.46,0.6403538436098245,0.6419690361977554,-0.06073736259281304
2025-11,CUST016,Quartz Advisory 016,82589.38,53117.47,0.6431513349537192,0.6423634129779977,-0.06128610057800399
2025-12,CUST016,Quartz Advisory 016,82096.67,52545.13,0.6400397239011034,0.6411816341548824,-0.06212807547805088
2024-01,CUST017,Rivet Advisory 017,81901.87,57393.21,0.7007557947089609,0.7007557947089609,
2024-02,CUST017,Rivet Advisory 017,86523.41,60912.44,0.7039995303005279,0.7023776625047444,
2024-03,CUST017,Rivet Advisory 017,89429.16,62939.86,0.7037957194275335,0.7028503481456742,
2024-04,CUST017,Rivet Advisory 017,88343.55,61890.66,0.7005679531782456,0.7027877343021024,
2024-05,CUST017,Rivet Advisory 017,85258.74,59944.93,0.7030942516861027,0.7024859747639606,
2024-06,CUST017,Rivet Advisory 017,82959.60,58413.85,0.7041240555643952,0.7025954201429144,
2024-07,CUST017,Rivet Advisory 017,81078.27,57048.46,0.7036220679104277,0.7036134583869752,
2024-08,CUST017,Rivet Advisory 017,80442.98,56661.94,0.704373955315927,0.7040400262635833,
2024-09,CUST017,Rivet Advisory 017,75903.61,53610.04,0.7062910446551883,0.7047623559605144,
2024-10,CUST017,Rivet Advisory 017,80526.25,56878.08,0.7063296751059437,0.705664891692353,
2024-11,CUST017,Rivet Advisory 017,77960.51,54760.52,0.7024135681000547,0.7050114292870623,
2024-12,CUST017,Rivet Advisory 017,79981.75,56445.70,0.705732245168429,0.7048251627914758,
2025-01,CUST017,Rivet Advisory 017,93492.51,60136.66,0.6432243609675257,0.6837900580786699,-0.05753143374143521
2025-02,CUST017,Rivet Advisory 017,101236.42,64554.15,0.6376573766634577,0.6622046609331375,-0.06634215363707019
2025-03,CUST017,Rivet Advisory 017,102142.01,65802.40,0.6442246437092828,0.641702127113422,-0.05957107571825071
2025-04,CUST017,Rivet Advisory 017,104256.16,66766.40,0.6404072430828067,0.6407630878185157,-0.060160710095438885
2025-05,CUST017,Rivet Advisory 017,100510.49,64380.00,0.6405301575984755,0.6417206814635218,-0.0625640940876272
2025-06,CUST017,Rivet Advisory 017,97162.93,62371.01,0.641921872878885,0.6409530911867224,-0.06220218268551014
2025-07,CUST017,Rivet Advisory 017,95410.56,60891.77,0.638207867137558,0.6402199658716395,-0.06541420077286975
2025-08,CUST017,Rivet Advisory 017,95143.27,61032.06,0.6414753245289971,0.6405350215151467,-0.06289863078692981
2025-09,CUST017,Rivet Advisory 017,87189.82,55971.99,0.6419555631609286,0.6405462516091612,-0.06433548149425972
2025-10,CUST017,Rivet Advisory 017,83196.19,53302.61,0.6406857092854853,0.6413721989918036,-0.0656439658204584
2025-11,CUST017,Rivet Advisory 017,82202.67,52860.07,0.643045657762698,0.6418956434030373,-0.05936791033735678
2025-12,CUST017,Rivet Advisory 017,82354.21,52712.89,0.6400752311266175,0.6412688660582669,-0.06565701404181157
2024-01,CUST018,Summit Advisory 018,82611.07,58137.84,0.703753625270802,0.703753625270802,
2024-02,CUST018,Summit Advisory 018,82891.26,58387.20,0.704383067647904,0.704068346459353,
2024-03,CUST018,Summit Advisory 018,86848.34,61372.13,0.7066586419498634,0.7049317782895231,
2024-04,CUST018,Summit Advisory 018,87809.92,61821.47,0.7040374253842846,0.7050263783273506,
2024-05,CUST018,Summit Advisory 018,87043.19,61173.65,0.7027965082621628,0.7044975251987703,
2024-06,CUST018,Summit Advisory 018,84716.58,59546.16,0.7028867312632309,0.7032402216365594,
2024-07,CUST018,Summit Advisory 018,84907.93,59638.65,0.7023919909483132,0.7026917434912355,
2024-08,CUST018,Summit Advisory 018,80990.65,57032.97,0.7041920271043633,0.7031569164386356,
2024-09,CUST018,Summit Advisory 018,80339.03,56600.87,0.7045251853302188,0.7037030677942985,
2024-10,CUST018,Summit Advisory 018,76917.03,54333.04,0.7063850489286964,0.7050340871210928,
2024-11,CUST018,Summit Advisory 018,77841.35,54602.94,0.7014644530188646,0.70412489575926,
2024-12,CUST018,Summit Advisory 018,79821.91,56102.17,0.7028417385652636,0.7035637468376081,
2025-01,CUST018,Summit Advisory 018,96053.95,61799.08,0.6433788511560431,0.6825616809133904,-0.06037477411475889
2025-02,CUST018,Summit Advisory 018,99454.66,63610.38,0.6395917496475277,0.6619374464562782,-0.0647913180003763
2025-03,CUST018,Summit Advisory 018,98346.47,63112.98,0.6417411829829784,0.6415705945955165,-0.06491745896688494
2025-04,CUST018,Summit Advisory 018,101567.40,65135.40,0.6413022288647736,0.6408783871650933,-0.06273519651951098
2025-05,CUST018,Summit Advisory 018,103340.24,66308.85,0.6416556609506616,0.6415663575994712,-0.061140847311501156
2025-06,CUST018,Summit Advisory 018,96010.98,61600.71,0.641600679422291,0.6415195230792421,-0.061286051840939826
2025-07,CUST018,Summit Advisory 018,97750.20,62715.56,0.6415900939333117,0.6416154781020881,-0.060801897015001494
2025-08,CUST018,Summit Advisory 018,94921.75,60751.13,0.6400127473418895,0.6410678402324974,-0.06417927976247384
2025-09,CUST018,Summit Advisory 018,92046.94,59074.30,0.6417845069048466,0.641129116060016,-0.06274067842537223
2025-10,CUST018,Summit Advisory 018,83505.85,53433.41,0.639876248190995,0.6405578341459104,-0.06650880073770138
2025-11,CUST018,Summit Advisory 018,86569.74,55650.94,0.6428451789274173,0.6415019780077529,-0.05861927409144729
2025-12,CUST018,Summit Advisory 018,81624.93,52482.91,0.6429764778971327,0.6418993016718483,-0.059865260668130804
2024-01,CUST019,Tandem Advisory 019,81711.19,57326.06,0.7015692709896894,0.7015692709896894,
2024-02,CUST019,Tandem Advisory 019,84687.18,59684.82,0.7047680652490732,0.7031686681193813,
2024-03,CUST019,Tandem Advisory 019,86823.20,61017.09,0.7027740281399442,0.7030371214595689,
2024-04,CUST019,Tandem Advisory 019,85147.88,60000.73,0.7046649898975759,0.7040690277621978,
2024-05,CUST019,Tandem Advisory 019,89285.00,62637.16,0.7015418043344347,0.7029936074573183,
2024-06,CUST019,Tandem Advisory 019,86636.73,61029.77,0.7044329812540246,0.7035465918286784,
2024-07,CUST019,Tandem Advisory 019,80287.69,56451.14,0.7031107757615146,0.7030285204499913,
2024-08,CUST019,Tandem Advisory 019,81214.39,57175.55,0.7040076272197575,0.7038504614117654,
2024-09,CUST019,Tandem Advisory 019,79250.15,55663.40,0.7023759576480297,0.7031647868764339,
2024-10,CUST019,Tandem Advisory 019,75408.86,52859.32,0.7009696208111355,0.7024510685596409,
2024-11,CUST019,Tandem Advisory 019,78492.95,55466.04,0.7066372202853888,0.703327599581518,
2024-12,CUST019,Tandem Advisory 019,80445.14,56571.95,0.7032363919063351,0.7036144110009532,
2025-01,CUST019,Tandem Advisory 019,95870.33,61593.12,0.6424627932333183,0.6841121351416808,-0.05910647775637101
2025-02,CUST019,Tandem Advisory 019,100887.32,64544.85,0.6397716779472385,0.661823621028964,-0.06499638730183466
2025-03,CUST019,Tandem Advisory 019,97848.41,62950.19,0.6433440257230547,0.6418594989678705,-0.05943000241688945
2025-04,CUST019,Tandem Advisory 019,102984.81,65893.61,0.639838147004398,0.6409846168915637,-0.06482684289317786
2025-05,CUST019,Tandem Advisory 019,102856.93,65656.03,0.6383238348646028,0.6405020025306852,-0.06321796946983194
2025-06,CUST019,Tandem Advisory 019,99936.61,64451.50,0.644923817207728,0.6410285996922429,-0.05950916404629669
2025-07,CUST019,Tandem Advisory 019,96859.35,61968.50,0.6397781938449927,0.6410086153057745,-0.06333258191652191
2025-08,CUST019,Tandem Advisory 019,92324.20,59349.79,0.6428410969171681,0.6425143693232963,-0.06116653030258945
2025-09,CUST019,Tandem Advisory 019,88809.75,56943.66,0.6411870318292755,0.6412687741971453,-0.061188925818754236
2025-10,CUST019,Tandem Advisory 019,88239.92,56475.62,0.6400234723694219,0.6413505337052885,-0.06094614844171353
2025-11,CUST019,Tandem Advisory 019,81123.87,51798.59,0.6385123145629024,0.6399076062538666,-0.06812490572248642
2025-12,CUST019,Tandem Advisory 019,84206.82,54151.44,0.6430766534112082,0.6405374801145108,-0.0601597384951269
2024-01,CUST020,Vertex Advisory 020,79804.37,56064.65,0.7025260646754057,0.7025260646754057,
2024-02,CUST020,Vertex Advisory 020,84355.41,59532.22,0.7057309068855216,0.7041284857804637,
2024-03,CUST020,Vertex Advisory 020,88897.08,62650.62,0.7047545318698882,0.7043371678102718,
2024-04,CUST020,Vertex Advisory 020,84924.83,59917.03,0.7055301729776792,0.705338537244363,
2024-05,CUST020,Vertex Advisory 020,84778.31,59499.83,0.7018284511687011,0.7040377186720894,
2024-06,CUST020,Vertex Advisory 020,83397.26,58551.14,0.7020751041461075,0.7031445760974959,
2024-07,CUST020,Vertex Advisory 020,83619.95,58729.22,0.7023350289015959,0.7020795280721348,
2024-08,CUST020,Vertex Advisory 020,79988.55,56367.60,0.7046958595949044,0.7030353308808692,
2024-09,CUST020,Vertex Advisory 020,79837.06,56095.03,0.7026189341140568,0.7032166075368523,
2024-10,CUST020,Vertex Advisory 020,76308.86,53727.56,0.704080233933517,0.7037983425474929,
2024-11,CUST020,Vertex Advisory 020,80609.33,56675.93,0.703093922254409,0.7032643634339942,
2024-12,CUST020,Vertex Advisory 020,82010.31,57930.25,0.7063776493467712,0.7045172685115658,
2025-01,CUST020,Vertex Advisory 020,94302.49,60364.36,0.6401141687775158,0.6831952467928986,-0.06241189589788987
2025-02,CUST020,Vertex Advisory 020,102650.44,65886.40,0.6418520953246766,0.6627813044829879,-0.06387881156084507
2025-03,CUST020,Vertex Advisory 020,97640.95,62613.67,0.6412644489837512,0.6410769043619812,-0.063490082886137
2025-04,CUST020,Vertex Advisory 020,99942.42,63901.21,0.6393802551509159,0.640832266486448,-0.06614991782676327
2025-05,CUST020,Vertex Advisory 020,101083.59,64897.25,0.6420156822685067,0.6408867954677246,-0.05981276890019438
2025-06,CUST020,Vertex Advisory 020,97257.19,62337.74,0.6409576505346288,0.6407845293180171,-0.06111745361147869
2025-07,CUST020,Vertex Advisory 020,99087.36,63823.36,0.6441120239756111,0.6423617855929155,-0.05822300492598487
2025-08,CUST020,Vertex Advisory 020,96232.19,61605.42,0.6401747689624439,0.6417481478242278,-0.06452109063246059
2025-09,CUST020,Vertex Advisory 020,88132.48,56738.31,0.6437843346743448,0.6426903758707999,-0.05883459943971203
2025-10,CUST020,Vertex Advisory 020,84566.80,54317.14,0.6422986325602955,0.6420859120656948,-0.06178160137322153
2025-11,CUST020,Vertex Advisory 020,82122.87,52791.01,0.6428295796286712,0.6429708489544371,-0.06026434262573788
2025-12,CUST020,Vertex Advisory 020,81182.42,52261.05,0.6437483632540149,0.6429588584809939,-0.06262928609275631
2024-01,CUST021,Alto Cloud 021,80956.94,56904.72,0.7029010730889779,0.7029010730889779,
2024-02,CUST021,Alto Cloud 021,86369.55,60812.72,0.7040990719530205,0.7035000725209992,
2024-03,CUST021,Alto Cloud 021,85855.77,60469.42,0.7043139907777892,0.7037713786065959,
2024-04,CUST021,Alto Cloud 021,85914.20,60460.27,0.703728487258218,0.704047183329676,
2024-05,CUST021,Alto Cloud 021,86918.20,61147.01,0.7035006477354571,0.7038477085904882,
2024-06,CUST021,Alto Cloud 021,87467.76,61454.49,0.7025959050511869,0.7032750133482873,
2024-07,CUST021,Alto Cloud 021,81259.28,57220.56,0.7041726188073534,0.7034230571979991,
2024-08,CUST021,Alto Cloud 021,82175.99,57644.60,0.701477402341,0.7027486420665134,
2024-09,CUST021,Alto Cloud 021,77046.20,53983.55,0.7006646661353838,0.7021048957612458,
2024-10,CUST021,Alto Cloud 021,79211.06,55832.99,0.7048635632448297,0.7023352105737377,
2024-11,CUST021,Alto Cloud 021,78117.28,55150.21,0.7059924513500726,0.7038402269100953,
2024-12,CUST021,Alto Cloud 021,82590.19,58319.42,0.7061301106099889,0.7056620417349637,
2025-01,CUST021,Alto Cloud 021,96401.20,61844.30,0.6415303958871882,0.6845509859490831,-0.06137067720178968
2025-02,CUST021,Alto Cloud 021,97051.33,61805.52,0.636833312845893,0.6614979397810233,-0.06726575910712751
2025-03,CUST021,Alto Cloud 021,104236.20,66670.99,0.6396145484965876,0.6393260857432229,-0.06469944228120161
2025-04,CUST021,Alto Cloud 021,101851.26,65318.23,0.6413099847758389,0.6392526153727731,-0.06241850248237912
2025-05,CUST021,Alto Cloud 021,104392.86,66862.37,0.6404879605750814,0.6404708312825026,-0.06301268716037567
2025-06,CUST021,Alto Cloud 021,98499.52,63346.62,0.643116027367443,0.6416379909061211,-0.059479877683743854
2025-07,CUST021,Alto Cloud 021,93234.26,60069.06,0.6442809756842602,0.6426283212089282,-0.05989164312309314
2025-08,CUST021,Alto Cloud 021,95577.98,61268.74,0.6410340540781465,0.6428103523766165,-0.06044334826285347
2025-09,CUST021,Alto Cloud 021,86729.65,55290.89,0.6375085106419778,0.6409411801347948,-0.06315615549340603
2025-10,CUST021,Alto Cloud 021,85161.59,54713.51,0.642466985409737,0.6403365167099538,-0.06239657783509267
2025-11,CUST021,Alto Cloud 021,83408.84,53463.91,0.6409861352825432,0.640320543778086,-0.06500631606752938
2025-12,CUST021,Alto Cloud 021,80680.28,51882.78,0.6430664345736034,0.642173185088628,-0.06306367603638552
2024-01,CUST022,Beacon Cloud 022,82023.97,57604.46,0.7022881238252672,0.7022881238252672,
2024-02,CUST022,Beacon Cloud 022,85831.93,60230.68,0.7017281331085065,0.7020081284668869,
2024-03,CUST022,Beacon Cloud 022,88547.09,62416.32,0.7048940851698232,0.7029701140345322,
2024-04,CUST022,Beacon Cloud 022,86418.91,60697.22,0.7023603977416517,0.7029942053399938,
2024-05,CUST022,Beacon Cloud 022,84997.67,59941.77,0.7052166253498477,0.7041570360871076,
2024-06,CUST022,Beacon Cloud 022,84257.45,59399.21,0.7049727946905585,0.7041832725940194,
2024-07,CUST022,Beacon Cloud 022,82508.22,58053.16,0.7036045620666644,0.7045979940356902,
2024-08,CUST022,Beacon Cloud 022,77645.69,54641.39,0.7037272770710132,0.704101544609412,
2024-09,CUST022,Beacon Cloud 022,79803.24,56412.07,0.7068894696506056,0.7047404362627612,
2024-10,CUST022,Beacon Cloud 022,79868.89,56231.29,0.704044966694792,0.7048872378054702,
2024-11,CUST022,Beacon Cloud 022,78005.73,54814.17,0.7026941482375718,0.7045428615276564,
2024-12,CUST022,Beacon Cloud 022,81568.77,57283.53,0.7022728183838005,0.7030039777720548,
2025-01,CUST022,Beacon Cloud 022,98934.34,63129.97,0.6380996729750257,0.6810222131987992,-0.0641884508502415
2025-02,CUST022,Beacon Cloud 022,100613.35,64605.43,0.6421158822363036,0.6608294578650432,-0.0596122508722029
2025-03,CUST022,Beacon Cloud 022,100826.93,64860.88,0.6432892482196969,0.641168267810342,-0.06160483695012631
2025-04,CUST022,Beacon Cloud 022,100893.89,64845.72,0.6427120611565279,0.6427057305375095,-0.05964833658512381
2025-05,CUST022,Beacon Cloud 022,103186.94,65885.89,0.6385099703508991,0.6415037599090413,-0.06670665499894868
2025-06,CUST022,Beacon Cloud 022,101058.32,64972.11,0.6429169810066108,0.6413796708380125,-0.06205581368394775
2025-07,CUST022,Beacon Cloud 022,95509.61,61487.50,0.6437833847295575,0.6417367786956891,-0.0598211773371069
2025-08,CUST022,Beacon Cloud 022,93615.12,59878.73,0.6396266970549203,0.6421090209303628,-0.06410058001609298
2025-09,CUST022,Beacon Cloud 022,87613.44,56010.07,0.6392862784522557,0.6408987867455779,-0.0676031911983499
2025-10,CUST022,Beacon Cloud 022,86891.54,55769.76,0.6418318745415262,0.6402482833495674,-0.06221309215326576
2025-11,CUST022,Beacon Cloud 022,84952.58,54723.49,0.6441651330659999,0.6417610953532605,-0.05852901517157194
2025-12,CUST022,Beacon Cloud 022,81799.13,52376.44,0.6403055876022153,0.6421008650699139,-0.06196723078158517
2024-01,CUST023,Cedar Cloud 023,84419.26,59304.30,0.7024972737263986,0.7024972737263986,
2024-02,CUST023,Cedar Cloud 023,82888.85,58496.49,0.7057220603253633,0.704109667025881,
2024-03,CUST023,Cedar Cloud 023,85810.83,60550.28,0.7056251524428793,0.7046148288315471,
2024-04,CUST023,Cedar Cloud 023,88973.74,62359.00,0.7008697172896182,0.704072310019287,
2024-05,CUST023,Cedar Cloud 023,88681.01,62425.42,0.703932217280791,0.7034756956710962,
2024-06,CUST023,Cedar Cloud 023,84262.04,59521.09,0.7063808329349729,0.7037275891684608,
2024-07,CUST023,Cedar Cloud 023,83296.33,58609.81,0.703630159936218,0.7046477367173273,
2024-08,CUST023,Cedar Cloud 023,80303.01,56357.49,0.7018104302690522,0.7039404743800809,
2024-09,CUST023,Cedar Cloud 023,79884.74,56270.65,0.7043979863989042,0.7032795255347248,
2024-10,CUST023,Cedar Cloud 023,76841.01,54035.49,0.7032116053654163,0.7031400073444575,
2024-11,CUST023,Cedar Cloud 023,77355.35,54482.98,0.7043207741933816,0.7039767886525673,
2024-12,CUST023,Cedar Cloud 023,81214.73,57193.02,0.7042197887008921,0.7039173894198966,
2025-01,CUST023,Cedar Cloud 023,96390.75,62033.88,0.6435667322849962,0.6840357650597566,-0.05893054144140242
2025-02,CUST023,Cedar Cloud 023,99534.53,63969.47,0.6426862115087096,0.6634909108315327,-0.0630358488166537
2025-03,CUST023,Cedar Cloud 023,103343.53,66287.00,0.6414238027286275,0.6425589155074444,-0.06420134971425173
2025-04,CUST023,Cedar Cloud 023,99241.80,63772.68,0.6425989855081226,0.6422363332484866,-0.058270731781495666
2025-05,CUST023,Cedar Cloud 023,103202.31,65971.07,0.6392402456882991,0.6410876779750164,-0.06469197159249196
2025-06,CUST023,Cedar Cloud 023,97751.40,62795.66,0.6424016433524227,0.6414136248496148,-0.06397918958255022
2025-07,CUST023,Cedar Cloud 023,97173.28,62223.52,0.6403356972204705,0.6406591954203974,-0.06329446271574757
2025-08,CUST023,Cedar Cloud 023,90975.02,58362.33,0.6415203865852407,0.6414192423860445,-0.06029004368381152
2025-09,CUST023,Cedar Cloud 023,91832.67,59094.42,0.643501054690014,0.6417857128319083,-0.06089693170889021
2025-10,CUST023,Cedar Cloud 023,85108.06,54650.51,0.6421308393118114,0.642384093529022,-0.06108076605360491
2025-11,CUST023,Cedar Cloud 023,81253.28,52245.89,0.643000381030772,0.6428774250108659,-0.06132039316260962
2025-12,CUST023,Cedar Cloud 023,82206.62,52892.65,0.6434110780859255,0.642847432809503,-0.06080871061496662
2024-01,CUST024,Delta Cloud 024,82977.80,58367.50,0.7034110328304679,0.7034110328304679,
2024-02,CUST024,Delta Cloud 024,82033.12,57762.78,0.7041397425820206,0.7037753877062443,
2024-03,CUST024,Delta Cloud 024,87533.53,61615.06,0.703902378894122,0.7038177181022035,
2024-04,CUST024,Delta Cloud 024,85066.20,60119.35,0.7067360479250278,0.7049260564670567,
2024-05,CUST024,Delta Cloud 024,86273.58,60895.66,0.7058436661606021,0.7054940309932506,
2024-06,CUST024,Delta Cloud 024,85683.97,60275.72,0.7034655373694753,0.7053484171517016,
2024-07,CUST024,Delta Cloud 024,84775.15,59677.48,0.7039501552046797,0.7044197862449191,
2024-08,CUST024,Delta Cloud 024,78197.61,54850.04,0.7014285986489869,0.7029480970743807,
2024-09,CUST024,Delta Cloud 024,80086.72,56370.73,0.703871128696493,0.7030832941833866,
2024-10,CUST024,Delta Cloud 024,79600.80,55923.20,0.7025457030582607,0.7026151434679134,
2024-11,CUST024,Delta Cloud 024,77577.26,54782.73,0.7061699523803755,0.7041955947117097,
2024-12,CUST024,Delta Cloud 024,80335.40,56317.12,0.7010249528850296,0.7032468694412218,
2025-01,CUST024,Delta Cloud 024,95564.69,61236.71,0.640788035832063,0.6826609803658227,-0.0626229969984049
2025-02,CUST024,Delta Cloud 024,96713.61,62319.48,0.6443713557998714,0.6620614481723214,-0.05976838678214924
2025-03,CUST024,Delta Cloud 024,98801.81,63204.77,0.6397126732799733,0.6416240216373025,-0.06418970561414872
2025-04,CUST024,Delta Cloud 024,101987.07,65370.73,0.6409707622740805,0.6416849304513085,-0.0657652856509473
2025-05,CUST024,Delta Cloud 024,104349.61,66761.52,0.6397869623087236,0.6401567992875924,-0.06605670385187856
2025-06,CUST024,Delta Cloud 024,101487.18,64974.82,0.6402268739756096,0.6403281995194712,-0.06323866339386564
2025-07,CUST024,Delta Cloud 024,94024.85,60571.01,0.644202144433094,0.641405326905809,-0.05974801077158576
2025-08,CUST024,Delta Cloud 024,91162.27,58285.80,0.6393631926892562,0.6412640703659866,-0.062065405959730646
2025-09,CUST024,Delta Cloud 024,91566.49,58647.49,0.6404907515839036,0.6413520295687513,-0.06338037711258948
2025-10,CUST024,Delta Cloud 024,83841.81,53873.61,0.6425625830358386,0.6408055091029995,-0.05998312002242212
2025-11,CUST024,Delta Cloud 024,85473.11,54866.91,0.6419201313723112,0.6416578219973511,-0.06424982100806431
2025-12,CUST024,Delta Cloud 024,85368.69,54627.16,0.6398968989684626,0.6414598711255374,-0.06112805391656706
2024-01,CUST025,Ember Cloud 025,85115.48,59819.74,0.7028068219787987,0.7028068219787987,
2024-02,CUST025,Ember Cloud 025,82031.86,57588.24,0.7020228481958107,0.7024148350873047,
2024-03,CUST025,Ember Cloud 025,88393.48,62290.13,0.7046914546185986,0.7031737082644027,
2024-04,CUST025,Ember Cloud 025,84583.35,59438.61,0.7027223442911636,0.7031455490351911,
2024-05,CUST025,Ember Cloud 025,85149.23,60066.29,0.7054237601443959,0.7042791863513861,
2024-06,CUST025,Ember Cloud 025,82065.25,57917.76,0.7057525566546132,0.7046328870300576,
2024-07,CUST025,Ember Cloud 025,85039.75,59894.26,0.7043089849158776,0.7051617672382955,
2024-08,CUST025,Ember Cloud 025,79730.95,56193.45,0.7047884165433874,0.7049499860379594,
2024-09,CUST025,Ember Cloud 025,77193.95,54229.06,0.7025040174780537,0.703867139645773,
2024-10,CUST025,Ember Cloud 025,75732.02,53317.02,0.7040221560180224,0.7037715300131545,
2024-11,CUST025,Ember Cloud 025,81132.11,57111.74,0.7039351004183177,0.7034870913047979,
2024-12,CUST025,Ember Cloud 025,78801.73,55334.82,0.7022031115306733,0.7033867893223379,
2025-01,CUST025,Ember Cloud 025,94565.81,60720.01,0.64209263369076,0.6827436152132504,-0.06071418828803876
2025-02,CUST025,Ember Cloud 025,99467.07,63499.14,0.6383935909643261,0.6608964453952532,-0.0636292572314846
2025-03,CUST025,Ember Cloud 025,98417.52,63038.49,0.6405210169896579,0.6403357472149147,-0.0641704376289407
2025-04,CUST025,Ember Cloud 025,102260.08,65305.78,0.6386243781542122,0.6391796620360654,-0.0640979661369514
2025-05,CUST025,Ember Cloud 025,103584.72,66376.31,0.6407924836790599,0.6399792929409768,-0.06463127646533595
2025-06,CUST025,Ember Cloud 025,99765.91,64417.82,0.645689695007042,0.6417021856134381,-0.06006286164757124
2025-07,CUST025,Ember Cloud 025,93865.21,60221.93,0.6415788128530261,0.6426869971797093,-0.06273017206285147
2025-08,CUST025,Ember Cloud 025,94886.58,60624.05,0.6389106868431763,0.6420597315677482,-0.06587772970021111
2025-09,CUST025,Ember Cloud 025,86405.74,55509.61,0.6424296580296632,0.6409730525752885,-0.06007435944839046
2025-10,CUST025,Ember Cloud 025,87586.35,56276.44,0.6425252336694016,0.641288526180747,-0.06149692234862081
2025-11,CUST025,Ember Cloud 025,85745.00,54988.27,0.6413000174937313,0.642084969730932,-0.06263508292458642
2025-12,CUST025,Ember Cloud 025,79786.60,51100.23,0.6404613055325079,0.6414288522318803,-0.06174180599816537
2024-01,CUST026,Foundry Cloud 026,81777.14,57513.37,0.703293976776395,0.703293976776395,
2024-02,CUST026,Foundry Cloud 026,82138.53,57666.46,0.702063453046944,0.7026787149116696,
2024-03,CUST026,Foundry Cloud 026,88705.88,62308.36,0.7024152175706954,0.7025908824646782,
2024-04,CUST026,Foundry Cloud 026,85018.80,59797.67,0.7033464363176144,0.7026083689784178,
2024-05,CUST026,Foundry Cloud 026,87679.18,61634.52,0.7029550230738928,0.7029055589874008,
2024-06,CUST026,Foundry Cloud 026,84967.18,59998.70,0.7061397118275551,0.7041470570730207,
2024-07,CUST026,Foundry Cloud 026,82464.78,58023.78,0.7036189267709196,0.7042378872241225,
2024-08,CUST026,Foundry Cloud 026,81817.51,57450.59,0.7021796434528501,0.7039794273504416,
2024-09,CUST026,Foundry Cloud 026,76803.85,54208.58,0.7058055032397464,0.7038680244878388,
2024-10,CUST026,Foundry Cloud 026,78449.14,55173.99,0.7033090483847242,0.7037647316924401,
2024-11,CUST026,Foundry Cloud 026,81130.33,57276.42,0.7059803651729261,0.7050316389324656,
2024-12,CUST026,Foundry Cloud 026,79693.08,56035.60,0.7031426066102602,0.7041440067226367,
2025-01,CUST026,Foundry Cloud 026,99546.72,63785.84,0.6407628498457809,0.6832952738763224,-0.06253112693061413
2025-02,CUST026,Foundry Cloud 026,100311.67,64169.12,0.6396974549421818,0.6612009704660743,-0.06236599810476218
2025-03,CUST026,Foundry Cloud 026,100638.42,64441.60,0.640328017868325,0.6402627742187625,-0.06208719970237031
2025-04,CUST026,Foundry Cloud 026,102281.87,65456.92,0.6399660076609862,0.6399971601571645,-0.06338042865662818
2025-05,CUST026,Foundry Cloud 026,99844.09,63836.42,0.6393610277784093,0.6398850177692402,-0.06359399529548349
2025-06,CUST026,Foundry Cloud 026,98775.05,63407.71,0.6419405507767396,0.6404225287387116,-0.06419916105081547
2025-07,CUST026,Foundry Cloud 026,94735.32,60741.26,0.6411680458777148,0.6408232081442878,-0.06245088089320483
2025-08,CUST026,Foundry Cloud 026,92395.52,59016.08,0.6387331333813587,0.6406139100119378,-0.06344651007149138
2025-09,CUST026,Foundry Cloud 026,89101.53,57121.30,0.6410810229633543,0.6403274007408093,-0.0647244802763921
2025-10,CUST026,Foundry Cloud 026,83787.22,53792.80,0.6420167658027084,0.6406103073824738,-0.0612922825820158
2025-11,CUST026,Foundry Cloud 026,82544.51,52886.54,0.6407033005586925,0.6412670297749185,-0.06527706461423355
2025-12,CUST026,Foundry Cloud 026,79970.13,51255.28,0.6409303073535081,0.641216791238303,-0.06221229925675209
2024-01,CUST027,Granite Cloud 027,80052.02,56153.44,0.7014618744161609,0.7014618744161609,
2024-02,CUST027,Granite Cloud 027,84864.31,59807.77,0.7047458466344686,0.7031038605253148,
2024-03,CUST027,Granite Cloud 027,87332.41,61447.74,0.7036075152397603,0.70327174543013,
2024-04,CUST027,Granite Cloud 027,86078.33,60624.69,0.7042967724861763,0.7042167114534683,
2024-05,CUST027,Granite Cloud 027,86500.14,60774.68,0.7025963194972864,0.7035002024077409,
2024-06,CUST027,Granite Cloud 027,85144.93,60063.32,0.7054245038430357,0.7041058652754995,
2024-07,CUST027,Granite Cloud 027,84096.75,59383.92,0.7061381087854168,0.704719644041913,
2024-08,CUST027,Granite Cloud 027,82878.41,58191.68,0.7021331610970818,0.7045652579085114,
2024-09,CUST027,Granite Cloud 027,80072.23,56384.31,0.7041680992274101,0.7041464563699695,
2024-10,CUST027,Granite Cloud 027,78191.80,55070.60,0.7043014740676132,0.7035342447973684,
2024-11,CUST027,Granite Cloud 027,81005.17,56974.76,0.7033472061104249,0.7039389264684827,
2024-12,CUST027,Granite Cloud 027,78814.38,55329.49,0.7020227780767925,0.7032238194182768,
2025-01,CUST027,Granite Cloud 027,97034.88,62158.52,0.6405791402019562,0.6819830414630578,-0.06088273421420476
2025-02,CUST027,Granite Cloud 027,100179.46,64111.96,0.6399711078498526,0.6608576753762004,-0.06477473878461604
2025-03,CUST027,Granite Cloud 027,102622.80,65871.56,0.6418803618689024,0.6408102033069037,-0.06172715337085788
2025-04,CUST027,Granite Cloud 027,99051.52,63532.71,0.641410752707278,0.6410874074753443,-0.0628860197788983
2025-05,CUST027,Granite Cloud 027,98750.07,63456.77,0.6425997470179008,0.6419636205313604,-0.05999657247938561
2025-06,CUST027,Granite Cloud 027,99747.14,64163.41,0.6432606488767498,0.6424237162006429,-0.06216385496628585
2025-07,CUST027,Granite Cloud 027,96030.08,61442.14,0.639821814164895,0.6418940700198486,-0.0663162946205218
2025-08,CUST027,Granite Cloud 027,94863.46,60933.51,0.6423285636007795,0.6418036755474748,-0.05980459749630229
2025-09,CUST027,Granite Cloud 027,92084.38,58959.17,0.6402733015088986,0.6408078930915243,-0.06389479771851148
2025-10,CUST027,Granite Cloud 027,87855.62,56559.44,0.6437771425436416,0.6421263358844399,-0.06052433152397163
2025-11,CUST027,Granite Cloud 027,83079.89,53053.65,0.638585944203826,0.6408787960854554,-0.06476126190659892
2025-12,CUST027,Granite Cloud 027,84858.35,54562.84,0.64298728410345,0.6417834569503058,-0.05903549397334251
2024-01,CUST028,Helix Cloud 028,84256.88,59264.37,0.7033772197593834,0.7033772197593834,
2024-02,CUST028,Helix Cloud 028,84728.35,59884.70,0.7067846830488259,0.7050809514041046,
2024-03,CUST028,Helix Cloud 028,89416.97,62924.13,0.7037157488114392,0.7046258838732161,
2024-04,CUST028,Helix Cloud 028,87925.88,61787.34,0.7027207461557393,0.7044070593386681,
2024-05,CUST028,Helix Cloud 028,85176.06,59921.72,0.7035042475550055,0.703313580840728,
2024-06,CUST028,Helix Cloud 028,87492.18,61561.29,0.7036204835677886,0.703281825759511,
2024-07,CUST028,Helix Cloud 028,83896.06,59004.75,0.7033077596254222,0.7034774969160722,
2024-08,CUST028,Helix Cloud 028,77746.55,54622.60,0.7025726543492926,0.7031669658475012,
2024-09,CUST028,Helix Cloud 028,79809.23,56255.84,0.7048788717796175,0.7035864285847774,
2024-10,CUST028,Helix Cloud 028,80607.43,56577.67,0.70189150057259,0.7031143422338334,
2024-11,CUST028,Helix Cloud 028,78177.27,55079.56,0.7045469866113258,0.7037724529878444,
2024-12,CUST028,Helix Cloud 028,82194.59,57941.27,0.7049280250683165,0.7037888374174107,
2025-01,CUST028,Helix Cloud 028,95793.62,61555.73,0.64258694890119,0.684020653526944,-0.06079027085819344
2025-02,CUST028,Helix Cloud 028,97901.66,62861.09,0.642084005521459,0.6631996598303218,-0.06470067752736697
2025-03,CUST028,Helix Cloud 028,103398.86,66784.30,0.6458900997554519,0.6435203513927003,-0.057825649055987305
2025-04,CUST028,Helix Cloud 028,99189.07,63689.45,0.6421014936423942,0.6433585329731017,-0.0606192525133451
2025-05,CUST028,Helix Cloud 028,99095.00,63690.74,0.6427240526767244,0.6435718820248568,-0.060780194878281124
2025-06,CUST028,Helix Cloud 028,101647.72,65071.96,0.640171368329757,0.6416656382162919,-0.06344911523803165
2025-07,CUST028,Helix Cloud 028,97494.80,62657.60,0.6426763273528434,0.6418572494531083,-0.060631432272578833
2025-08,CUST028,Helix Cloud 028,97075.40,62400.36,0.642803017036242,0.6418835709062808,-0.05976963731305063
2025-09,CUST028,Helix Cloud 028,86991.26,55754.48,0.640920478677973,0.6421332743556861,-0.06395839310164453
2025-10,CUST028,Helix Cloud 028,88575.09,56892.52,0.64230835102736,0.642010615580525,-0.05958314954523003
2025-11,CUST028,Helix Cloud 028,86507.52,55415.66,0.6405877778024385,0.6412722025025904,-0.06395920880888728
2025-12,CUST028,Helix Cloud 028,84003.31,53750.30,0.6398593103057487,0.640918479711849,-0.06506871476256781
2024-01,CUST029,Indigo Cloud 029,85059.63,59792.27,0.7029453337617386,0.7029453337617386,
2024-02,CUST029,Indigo Cloud 029,82673.42,58172.66,0.7036440490788939,0.7032946914203162,
2024-03,CUST029,Indigo Cloud 029,85203.82,59902.55,0.7030500510423124,0.7032131446276483,
2024-04,CUST029,Indigo Cloud 029,89782.27,63240.21,0.7043730348987611,0.7036890450066559,
2024-05,CUST029,Indigo Cloud 029,85979.15,60379.25,0.7022545582271982,0.7032258813894239,
2024-06,CUST029,Indigo Cloud 029,86145.20,60835.15,0.7061931483123842,0.7042735804794479,
2024-07,CUST029,Indigo Cloud 029,82537.89,58157.30,0.7046133599974509,0.7043536888456777,
2024-08,CUST029,Indigo Cloud 029,78082.55,54926.36,0.7034396289567899,0.7047487124222084,
2024-09,CUST029,Indigo Cloud 029,75923.00,53399.60,0.7033389091579626,0.7037972993707345,
2024-10,CUST029,Indigo Cloud 029,75954.02,53530.45,0.7047744148367656,0.7038509843171727,
2024-11,CUST029,Indigo Cloud 029,78300.61,55177.76,0.7046913172196232,0.7042682137381172,
2024-12,CUST029,Indigo Cloud 029,80337.53,56588.92,0.7043895922615495,0.7046184414393127,
2025-01,CUST029,Indigo Cloud 029,97988.46,62957.28,0.6424968817756702,0.683859263752281,-0.06044845198606841
2025-02,CUST029,Indigo Cloud 029,100147.72,64149.64,0.6405501792751747,0.6624788844374648,-0.06309386980371923
2025-03,CUST029,Indigo Cloud 029,103383.64,66074.29,0.6391174657808527,0.6407215089438992,-0.06393258526145973
2025-04,CUST029,Indigo Cloud 029,98882.55,63270.46,0.6398546558518161,0.6398407669692812,-0.06451837904694502
2025-05,CUST029,Indigo Cloud 029,103702.27,66658.96,0.6427917151668908,0.6405879455998532,-0.05946284306030736
2025-06,CUST029,Indigo Cloud 029,101319.14,64767.79,0.6392453587742651,0.6406305765976574,-0.06694778953811908
2025-07,CUST029,Indigo Cloud 029,99789.73,63728.39,0.6386267404471382,0.6402212714627648,-0.06598661955031271
2025-08,CUST029,Indigo Cloud 029,93594.38,60050.68,0.6416056177732039,0.6398259056648691,-0.061834011183586
2025-09,CUST029,Indigo Cloud 029,91109.16,58523.95,0.6423497922711613,0.6408607168305012,-0.06098911688680131
2025-10,CUST029,Indigo Cloud 029,88676.81,56787.92,0.6403920032757154,0.6414491377733603,-0.06438241156105018
2025-11,CUST029,Indigo Cloud 029,81629.87,52231.88,0.6398623445069801,0.6408680466846189,-0.0648289727126431
2025-12,CUST029,Indigo Cloud 029,82111.39,52527.62,0.6397117379208902,0.6399886952345285,-0.06467785434065931
2024-01,CUST030,Kinetic Cloud 030,83219.24,58777.40,0.7062958037107765,0.7062958037107765,
2024-02,CUST030,Kinetic Cloud 030,84848.14,59747.02,0.70416416906723,0.7052299863890032,
2024-03,CUST030,Kinetic Cloud 030,83698.82,58941.53,0.7042098084536914,0.7048899270772327,
2024-04,CUST030,Kinetic Cloud 030,85068.27,59748.27,0.7023567071482704,0.7035768948897306,
2024-05,CUST030,Kinetic Cloud 030,86597.26,60986.19,0.7042508042402266,0.7036057732807294,
2024-06,CUST030,Kinetic Cloud 030,82613.66,58090.93,0.7031637382970322,0.7032570832285098,
2024-07,CUST030,Kinetic Cloud 030,84283.54,59165.98,0.7019873631316389,0.7031339685562993,
2024-08,CUST030,Kinetic Cloud 030,78888.27,55562.17,0.7043147225816968,0.7031552746701225,
2024-09,CUST030,Kinetic Cloud 030,76166.45,53624.48,0.7040433156593225,0.7034484671242195,
2024-10,CUST030,Kinetic Cloud 030,76275.86,53857.72,0.7060912849753513,0.7048164410721235,
2024-11,CUST030,Kinetic Cloud 030,81272.25,57188.21,0.7036621971214037,0.7045989325853591,
2024-12,CUST030,Kinetic Cloud 030,81201.41,56993.90,0.701883132324919,0.7038788714738913,
2025-01,CUST030,Kinetic Cloud 030,98489.09,63257.29,0.6422771293754466,0.682607486273923,-0.06401867433532993
2025-02,CUST030,Kinetic Cloud 030,99945.60,63991.48,0.6402631031281016,0.6614744549428223,-0.06390106593912837
2025-03,CUST030,Kinetic Cloud 030,101754.74,65297.89,0.6417184103659446,0.6414195476231642,-0.06249139808774684
2025-04,CUST030,Kinetic Cloud 030,102838.38,66076.51,0.6425277216541139,0.64150307838272,-0.059828985494156495
2025-05,CUST030,Kinetic Cloud 030,101715.46,65253.53,0.6415301076158924,0.6419254132119836,-0.06272069662433422
2025-06,CUST030,Kinetic Cloud 030,98933.87,63568.93,0.6425396075176277,0.642199145595878,-0.06062413077940443
2025-07,CUST030,Kinetic Cloud 030,95521.25,61392.24,0.6427076697593467,0.6422591282976223,-0.05927969337229222
2025-08,CUST030,Kinetic Cloud 030,92936.15,59268.19,0.6377302050924211,0.6409924941231319,-0.06658451748927574
2025-09,CUST030,Kinetic Cloud 030,90562.67,57910.54,0.6394526574801737,0.6399635107773137,-0.06459065817914889
2025-10,CUST030,Kinetic Cloud 030,84276.21,54139.21,0.6424020491666628,0.6398616372464191,-0.06368923580868857
2025-11,CUST030,Kinetic Cloud 030,86068.41,55045.59,0.6395562553090035,0.6404703206519466,-0.06410594181240015
2025-12,CUST030,Kinetic Cloud 030,83771.99,53638.52,0.6402918206909015,0.6407500417221893,-0.06159131163401743
2024-01,CUST031,Lattice Cloud 031,83446.87,58554.69,0.7017002555038914,0.7017002555038914,
2024-02,CUST031,Lattice Cloud 031,85757.66,60439.77,0.7047740108580387,0.703237133180965,
2024-03,CUST031,Lattice Cloud 031,87389.60,61517.08,0.7039405146607834,0.7034715936742378,
2024-04,CUST031,Lattice Cloud 031,84874.66,59769.49,0.7042088887307472,0.7043078047498564,
2024-05,CUST031,Lattice Cloud 031,85685.98,60415.01,0.7050746224761625,0.7044080086225644,
2024-06,CUST031,Lattice Cloud 031,83760.61,58913.69,0.7033579387733686,0.7042138166600926,
2024-07,CUST031,Lattice Cloud 031,79741.17,56089.62,0.7033959998329596,0.7039428536941635,
2024-08,CUST031,Lattice Cloud 031,80651.11,56833.21,0.7046798239974627,0.7038112542012637,
2024-09,CUST031,Lattice Cloud 031,80124.74,56364.55,0.7034600049872236,0.7038452762725487,
2024-10,CUST031,Lattice Cloud 031,80414.05,56552.04,0.7032606864098997,0.7038001717981953,
2024-11,CUST031,Lattice Cloud 031,78263.09,55217.58,0.7055379489871918,0.7040862134614384,
2024-12,CUST031,Lattice Cloud 031,78580.98,55341.47,0.7042603693667349,0.7043530015879421,
2025-01,CUST031,Lattice Cloud 031,94955.94,60762.35,0.6399004633096149,0.6832329272211806,-0.06179979219427645
2025-02,CUST031,Lattice Cloud 031,102094.48,65397.54,0.6405590194494355,0.6615732840419284,-0.0642149914086032
2025-03,CUST031,Lattice Cloud 031,98057.20,63134.48,0.6438535874979094,0.6414376900856533,-0.060086927162874004
2025-04,CUST031,Lattice Cloud 031,98571.12,63085.97,0.6400045976955523,0.6414724015476324,-0.06420429103519487
2025-05,CUST031,Lattice Cloud 031,99091.81,63581.90,0.6416463681509098,0.6418348511147905,-0.06342825432525268
2025-06,CUST031,Lattice Cloud 031,97890.82,62735.58,0.6408729643903279,0.64084131007893,-0.06248497438304068
2025-07,CUST031,Lattice Cloud 031,99180.67,63950.21,0.6447850170804452,0.6424347832072277,-0.05861098275251442
2025-08,CUST031,Lattice Cloud 031,95867.82,61543.99,0.6419671376693451,0.6425417063800394,-0.06271268632811755
2025-09,CUST031,Lattice Cloud 031,91250.28,58687.56,0.6431493689663199,0.6433005079053701,-0.060310636020903696
2025-10,CUST031,Lattice Cloud 031,87400.87,56008.65,0.6408248567777415,0.6419804544711355,-0.06243582963215821
2025-11,CUST031,Lattice Cloud 031,80862.48,51838.96,0.6410755643408415,0.6416832633616343,-0.06446238464635035
2025-12,CUST031,Lattice Cloud 031,82371.21,52916.04,0.6424094049365063,0.6414366086850297,-0.06185096443022853
2024-01,CUST032,Mosaic Cloud 032,83296.66,58696.32,0.7046659493910079,0.7046659493910079,
2024-02,CUST032,Mosaic Cloud 032,83408.42,58627.00,0.7028906673930522,0.70377830839203,
2024-03,CUST032,Mosaic Cloud 032,85902.21,60544.42,0.7048063140633983,0.7041209769491528,
2024-04,CUST032,Mosaic Cloud 032,86831.54,60918.27,0.7015684623352298,0.7030884812638935,
2024-05,CUST032,Mosaic Cloud 032,85143.22,59950.56,0.7041143146806051,0.7034963636930778,
2024-06,CUST032,Mosaic Cloud 032,84156.52,59107.65,0.7023537807884641,0.702678852601433,
2024-07,CUST032,Mosaic Cloud 032,83474.05,58470.39,0.7004618800693149,0.7023099918461281,
2024-08,CUST032,Mosaic Cloud 032,82679.39,58036.07,0.7019411971955768,0.7015856193511186,
2024-09,CUST032,Mosaic Cloud 032,80567.53,56880.85,0.7060021574448168,0.7028017449032361,
2024-10,CUST032,Mosaic Cloud 032,78030.86,54743.87,0.7015669185242864,0.7031700910548934,
2024-11,CUST032,Mosaic Cloud 032,78886.27,55480.58,0.7032983052690918,0.7036224604127316,
2024-12,CUST032,Mosaic Cloud 032,78571.31,55400.48,0.7050980822389241,0.7033211020107674,
2025-01,CUST032,Mosaic Cloud 032,94589.81,60822.37,0.6430118635400579,0.6838027503493579,-0.06165408585095
2025-02,CUST032,Mosaic Cloud 032,101311.84,64862.33,0.6402245778973119,0.6627781745587646,-0.06266608949574026
2025-03,CUST032,Mosaic Cloud 032,104614.19,66811.34,0.6386451015870791,0.6406271810081496,-0.06616121247631923
2025-04,CUST032,Mosaic Cloud 032,104980.46,67298.77,0.6410599648734632,0.6399765481192847,-0.060508497461766675
2025-05,CUST032,Mosaic Cloud 032,102992.34,65974.27,0.6405745320477232,0.6400931995027551,-0.06353978263288196
2025-06,CUST032,Mosaic Cloud 032,96414.21,61819.11,0.6411825601226209,0.6409390190146024,-0.06117122066584324
2025-07,CUST032,Mosaic Cloud 032,95592.60,61330.69,0.6415840765917027,0.6411137229206822,-0.05887780347761218
2025-08,CUST032,Mosaic Cloud 032,92339.21,59410.67,0.6433959094950021,0.6420541820697753,-0.058545287700574655
2025-09,CUST032,Mosaic Cloud 032,87412.61,55923.87,0.6397689074837143,0.6415829645234731,-0.06623324996110247
2025-10,CUST032,Mosaic Cloud 032,87994.35,56252.54,0.6392744534166114,0.6408130901317759,-0.062292465107675055
2025-11,CUST032,Mosaic Cloud 032,85602.71,54908.13,0.6414298098740098,0.6401577235914452,-0.06186849539508199
2025-12,CUST032,Mosaic Cloud 032,81769.88,52316.92,0.6398067356831145,0.6401703329912453,-0.06529134655580959
2024-01,CUST033,Nova Cloud 033,84638.31,59631.64,0.704546676321869,0.704546676321869,
2024-02,CUST033,Nova Cloud 033,81894.80,57490.98,0.7020101398379385,0.7032784080799037,
2024-03,CUST033,Nova Cloud 033,88414.34,62431.13,0.7061199574639137,0.7042255912079071,
2024-04,CUST033,Nova Cloud 033,85809.20,60494.58,0.704989441691567,0.704373179664473,
2024-05,CUST033,Nova Cloud 033,87819.40,61658.06,0.7021006747939521,0.7044033579831442,
2024-06,CUST033,Nova Cloud 033,82772.28,58365.77,0.7051366713590588,0.7040755959481926,
2024-07,CUST033,Nova Cloud 033,84411.26,59348.00,0.7030815557071415,0.703439633953384,
2024-08,CUST033,Nova Cloud 033,80753.25,56892.86,0.7045271862123197,0.7042484710928401,
2024-09,CUST033,Nova Cloud 033,78271.82,54860.53,0.7008975899627733,0.7028354439607448,
2024-10,CUST033,Nova Cloud 033,75598.31,53318.75,0.7052902373082149,0.7035716711611028,
2024-11,CUST033,Nova Cloud 033,79949.85,56309.52,0.7043105146538735,0.7034994473082872,
2024-12,CUST033,Nova Cloud 033,78433.55,55129.75,0.7028847986607771,0.7041618502076218,
2025-01,CUST033,Nova Cloud 033,95932.28,61492.93,0.6410035287392315,0.682732947351294,-0.06354314758263746
2025-02,CUST033,Nova Cloud 033,101071.28,64738.94,0.6405275563938638,0.6614719612646242,-0.061482583444074645
2025-03,CUST033,Nova Cloud 033,104095.54,66400.90,0.6378841975362248,0.6398050942231067,-0.06823575992768882
2025-04,CUST033,Nova Cloud 033,101005.19,64672.93,0.6402931374120479,0.6395682971140455,-0.06469630427951911
2025-05,CUST033,Nova Cloud 033,103343.08,66420.23,0.6427157967422685,0.6402977105635137,-0.059384878051683576
2025-06,CUST033,Nova Cloud 033,96880.59,62257.83,0.6426243894674878,0.6418777745406014,-0.06251228189157099
2025-07,CUST033,Nova Cloud 033,96006.62,61457.82,0.64014148191031,0.6418272227066887,-0.06294007379683153
2025-08,CUST033,Nova Cloud 033,90797.61,58525.53,0.6445712612920098,0.6424457108899359,-0.05995592492030988
2025-09,CUST033,Nova Cloud 033,91853.64,59075.29,0.643145878595557,0.6426195405992923,-0.05775171136721624
2025-10,CUST033,Nova Cloud 033,84936.72,54445.41,0.6410114494649665,0.6429095297841778,-0.06427878784324847
2025-11,CUST033,Nova Cloud 033,84055.48,54018.51,0.6426530429663837,0.6422701236756357,-0.06165747168748981
2025-12,CUST033,Nova Cloud 033,82543.74,52963.95,0.6416470831101183,0.6417705251804895,-0.06123771555065882
2024-01,CUST034,Orchid Cloud 034,82466.03,57952.35,0.7027420866507094,0.7027420866507094,
2024-02,CUST034,Orchid Cloud 034,83193.65,58497.58,0.7031495793248644,0.7029458329877869,
2024-03,CUST034,Orchid Cloud 034,89422.51,63061.80,0.7052116966969503,0.7037011208908414,
2024-04,CUST034,Orchid Cloud 034,88270.27,62114.46,0.7036849439794395,0.7040154066670846,
2024-05,CUST034,Orchid Cloud 034,83963.78,59086.04,0.7037086705720014,0.7042017704161303,
2024-06,CUST034,Orchid Cloud 034,83294.60,58936.27,0.7075641158010242,0.7049859101174883,
2024-07,CUST034,Orchid Cloud 034,82360.82,57852.08,0.7024223411083085,0.704565042493778,
2024-08,CUST034,Orchid Cloud 034,82266.35,57993.25,0.7049449744640427,0.7049771437911251,
2024-09,CUST034,Orchid Cloud 034,80691.45,56695.61,0.7026222728678193,0.7033298628133902,
2024-10,CUST034,Orchid Cloud 034,79836.66,56295.73,0.7051363371163072,0.7042345281493897,
2024-11,CUST034,Orchid Cloud 034,80189.09,56422.98,0.7036241463770196,0.703794252120382,
2024-12,CUST034,Orchid Cloud 034,79231.58,55669.98,0.7026236255795985,0.7037947030243084,
2025-01,CUST034,Orchid Cloud 034,99580.69,63802.86,0.6407151828331377,0.6823209849299187,-0.0620269038175717
2025-02,CUST034,Orchid Cloud 034,98656.18,63203.36,0.6406426845231592,0.661327164311965,-0.06250689480170524
2025-03,CUST034,Orchid Cloud 034,98456.93,63145.32,0.6413496744210896,0.6409025139257954,-0.06386202227586069
2025-04,CUST034,Orchid Cloud 034,104339.11,66724.14,0.6394930913250074,0.6404951500897521,-0.06419185265443206
2025-05,CUST034,Orchid Cloud 034,101769.07,65230.36,0.6409644895055049,0.6406024184172007,-0.06274418106649648
2025-06,CUST034,Orchid Cloud 034,98760.12,63371.97,0.6416757087779966,0.6407110965361696,-0.06588840702302756
2025-07,CUST034,Orchid Cloud 034,99099.92,63900.27,0.6448064741121889,0.6424822241318968,-0.057615866996119536
2025-08,CUST034,Orchid Cloud 034,96502.40,61914.19,0.6415818673939716,0.6426880167613858,-0.06336310707007109
2025-09,CUST034,Orchid Cloud 034,90683.46,58189.22,0.6416740164082844,0.6426874526381483,-0.060948256459534944
2025-10,CUST034,Orchid Cloud 034,83632.28,53552.10,0.6403281125421907,0.6411946654481488,-0.0648082245741165
2025-11,CUST034,Orchid Cloud 034,83350.32,53601.79,0.643090392454402,0.641697507134959,-0.06053375392261762
2025-12,CUST034,Orchid Cloud 034,81430.52,52015.49,0.6387714336099044,0.640729979535499,-0.06385219196969405
2024-01,CUST035,Pioneer Cloud 035,80160.11,56336.13,0.7027950685197413,0.7027950685197413,
2024-02,CUST035,Pioneer Cloud 035,82378.34,57758.16,0.7011328463282946,0.701963957424018,
2024-03,CUST035,Pioneer Cloud 035,89072.01,62711.48,0.7040537201304877,0.7026605449928413,
2024-04,CUST035,Pioneer Cloud 035,84793.25,59534.63,0.7021152037455811,0.7024339234014545,
2024-05,CUST035,Pioneer Cloud 035,84957.40,59935.66,0.7054789812305933,0.703882635035554,
2024-06,CUST035,Pioneer Cloud 035,86008.34,60466.80,0.7030341476187077,0.7035427775316273,
2024-07,CUST035,Pioneer Cloud 035,84773.86,59680.27,0.7039937782708018,0.7041689690400342,
2024-08,CUST035,Pioneer Cloud 035,81960.99,57842.04,0.705726468164916,0.7042514646848085,
2024-09,CUST035,Pioneer Cloud 035,77244.31,54494.23,0.7054788889951895,0.705066378476969,
2024-10,CUST035,Pioneer Cloud 035,77716.65,54645.98,0.7031437922247036,0.7047830497949364,
2024-11,CUST035,Pioneer Cloud 035,79868.89,56228.72,0.704012788959506,0.7042118233931332,
2024-12,CUST035,Pioneer Cloud 035,78889.89,55693.31,0.7059625764467411,0.7043730525436502,
2025-01,CUST035,Pioneer Cloud 035,94881.45,60818.69,0.6409966331669679,0.6836573328577383,-0.061798435352773406
2025-02,CUST035,Pioneer Cloud 035,100309.41,64506.68,0.6430770552832481,0.663345421632319,-0.058055791045046545
2025-03,CUST035,Pioneer Cloud 035,104080.13,66653.77,0.6404082124032705,0.6414939669511622,-0.06364550772721722
2025-04,CUST035,Pioneer Cloud 035,99487.40,63954.31,0.6428382890697717,0.6421078522520968,-0.05927691467580942
2025-05,CUST035,Pioneer Cloud 035,99342.81,64069.99,0.6449383704769374,0.6427282906499933,-0.06054061075365591
2025-06,CUST035,Pioneer Cloud 035,100161.15,64597.05,0.6449311933818652,0.6442359509761914,-0.05810295423684253
2025-07,CUST035,Pioneer Cloud 035,94312.02,60328.23,0.6396663967116811,0.6431786535234946,-0.06432738155912066
2025-08,CUST035,Pioneer Cloud 035,95319.20,61408.18,0.6442372575514692,0.6429449492150051,-0.06148921061344681
2025-09,CUST035,Pioneer Cloud 035,89535.01,57326.05,0.6402640710041805,0.6413892417557769,-0.06521481799100903
2025-10,CUST035,Pioneer Cloud 035,88754.65,57104.13,0.6433931067273658,0.6426314784276719,-0.05975068549733775
2025-11,CUST035,Pioneer Cloud 035,81092.52,51987.36,0.6410869954466824,0.6415813910594096,-0.06292579351282368
2025-12,CUST035,Pioneer Cloud 035,81728.20,52550.81,0.6429948292021603,0.6424916437920695,-0.06296774724458076
2024-01,CUST036,Quartz Cloud 036,81626.25,57313.53,0.7021458170625259,0.7021458170625259,
2024-02,CUST036,Quartz Cloud 036,82478.02,57941.55,0.7025089836055716,0.7023274003340487,
2024-03,CUST036,Quartz Cloud 036,87001.19,61387.56,0.7055944866961015,0.7034164291213996,
2024-04,CUST036,Quartz Cloud 036,88886.27,62343.38,0.7013836895169523,0.7031623866062086,
2024-05,CUST036,Quartz Cloud 036,88552.26,62538.18,0.7062290674455965,0.7044024145528834,
2024-06,CUST036,Quartz Cloud 036,85557.22,60259.00,0.7043122719508651,0.7039750096378047,
2024-07,CUST036,Quartz Cloud 036,82368.32,57888.75,0.7028035778804278,0.7044483057589632,
2024-08,CUST036,Quartz Cloud 036,80764.24,56979.27,0.7055012218278782,0.704205690553057,
2024-09,CUST036,Quartz Cloud 036,76071.17,53468.82,0.7028788961705204,0.7037278986262754,
2024-10,CUST036,Quartz Cloud 036,80685.80,56724.22,0.7030260591082942,0.7038020590355641,
2024-11,CUST036,Quartz Cloud 036,76886.03,54217.31,0.7051646443443627,0.7036898665410591,
2024-12,CUST036,Quartz Cloud 036,80021.42,56489.17,0.7059256134170075,0.7047054389565548,
2025-01,CUST036,Quartz Cloud 036,98639.60,63173.12,0.640443797420103,0.6838446850604911,-0.061702019642422834
2025-02,CUST036,Quartz Cloud 036,99471.81,64143.46,0.6448405834778718,0.6637366647716608,-0.057668400127699804
2025-03,CUST036,Quartz Cloud 036,97838.40,62611.30,0.6399460743429983,0.6417434850803244,-0.06564841235310315
2025-04,CUST036,Quartz Cloud 036,104904.88,67244.66,0.6410060237426515,0.6419308938545072,-0.060377665774300815
2025-05,CUST036,Quartz Cloud 036,97658.95,62718.45,0.6422191719243346,0.6410570900033282,-0.0640098955212619
2025-06,CUST036,Quartz Cloud 036,101858.01,65600.89,0.644042525472469,0.6424225737131516,-0.06026974647839611
2025-07,CUST036,Quartz Cloud 036,99124.33,63812.57,0.6437629389273047,0.6433415454413695,-0.05904063895312306
2025-08,CUST036,Quartz Cloud 036,91356.72,58766.31,0.6432620391800405,0.6436891678599381,-0.062239182647837676
2025-09,CUST036,Quartz Cloud 036,91834.08,59214.95,0.6448036502352938,0.6439428761142131,-0.058075245935226505
2025-10,CUST036,Quartz Cloud 036,84822.13,54261.33,0.639707232063142,0.6425909738261587,-0.06331882704515224
2025-11,CUST036,Quartz Cloud 036,81172.94,52152.99,0.6424923133251056,0.6423343985411805,-0.06267233101925707
2025-12,CUST036,Quartz Cloud 036,82596.33,52959.82,0.6411885370693831,0.6411293608192102,-0.06473707634762449
2024-01,CUST037,Rivet Cloud 037,82541.80,58101.84,0.7039080805119345,0.7039080805119345,
2024-02,CUST037,Rivet Cloud 037,82561.45,58240.46,0.7054195390221466,0.7046638097670406,
2024-03,CUST037,Rivet Cloud 037,84167.60,59026.19,0.7012934906068368,0.7035403700469726,
2024-04,CUST037,Rivet Cloud 037,88383.01,62404.16,0.7060651136457109,0.7042593810915648,
2024-05,CUST037,Rivet Cloud 037,86636.82,60965.49,0.7036903016523459,0.7036829686349645,
2024-06,CUST037,Rivet Cloud 037,82224.03,57951.73,0.7048028416996832,0.70485275233258,
2024-07,CUST037,Rivet Cloud 037,81230.35,57143.17,0.7034706855257917,0.7039879429592736,
2024-08,CUST037,Rivet Cloud 037,79568.00,55846.41,0.7018702242107381,0.7033812504787377,
2024-09,CUST037,Rivet Cloud 037,80220.78,56455.20,0.7037478319208564,0.7030295805524621,
2024-10,CUST037,Rivet Cloud 037,76210.03,53449.57,0.7013456102825311,0.7023212221380418,
2024-11,CUST037,Rivet Cloud 037,78782.01,55536.54,0.7049393636948335,0.7033442686327404,
2024-12,CUST037,Rivet Cloud 037,80296.93,56418.45,0.7026227528250457,0.70296924226747,
2025-01,CUST037,Rivet Cloud 037,94266.89,60281.11,0.6394727777695859,0.6823449647631549,-0.06443530274234865
2025-02,CUST037,Rivet Cloud 037,98310.21,62941.00,0.6402285174652764,0.660774682686636,-0.06519102155687018
2025-03,CUST037,Rivet Cloud 037,99227.88,63373.11,0.6386623396569593,0.6394545449639405,-0.06263115094987748
2025-04,CUST037,Rivet Cloud 037,104797.47,67243.63,0.6416531811311857,0.6401813460844737,-0.06441193251452515
2025-05,CUST037,Rivet Cloud 037,103872.41,66693.43,0.6420706903787059,0.6407954037222836,-0.06161961127364002
2025-06,CUST037,Rivet Cloud 037,98234.58,63303.30,0.6444095348094327,0.6427111354397748,-0.060393306890250464
2025-07,CUST037,Rivet Cloud 037,98043.79,62718.62,0.6397000768738133,0.6420601006873173,-0.06377060865197848
2025-08,CUST037,Rivet Cloud 037,92718.78,59376.43,0.6403927014570295,0.6415007710467585,-0.06147752275370855
2025-09,CUST037,Rivet Cloud 037,89884.11,57538.84,0.6401447374847455,0.6400791719385294,-0.0636030944361109
2025-10,CUST037,Rivet Cloud 037,88294.47,56674.95,0.6418856129947889,0.6408076839788547,-0.059459997287742206
2025-11,CUST037,Rivet Cloud 037,85833.86,55211.54,0.6432372958643594,0.6417558821146313,-0.06170206783047405
2025-12,CUST037,Rivet Cloud 037,79941.72,51207.69,0.6405627749815741,0.6418952279469075,-0.062059977843471614
2024-01,CUST038,Summit Cloud 038,82764.55,58175.77,0.7029068604855581,0.7029068604855581,
2024-02,CUST038,Summit Cloud 038,85514.32,60181.22,0.7037560492792317,0.7033314548823949,
2024-03,CUST038,Summit Cloud 038,88276.91,62133.71,0.7038500781234867,0.7035043292960922,
2024-04,CUST038,Summit Cloud 038,89433.52,62896.75,0.703279374444839,0.7036285006158525,
2024-05,CUST038,Summit Cloud 038,88297.61,62121.52,0.7035470155987235,0.7035588227223498,
2024-06,CUST038,Summit Cloud 038,87234.80,61520.94,0.7052339204079106,0.7040201034838244,
2024-07,CUST038,Summit Cloud 038,83867.16,58955.43,0.7029620413997565,0.7039143258021302,
2024-08,CUST038,Summit Cloud 038,80644.55,56913.04,0.7057270454110042,0.7046410024062237,
2024-09,CUST038,Summit Cloud 038,77859.27,54652.76,0.7019428771936854,0.7035439880014821,
2024-10,CUST038,Summit Cloud 038,79012.39,55460.85,0.7019259890758905,0.70319863722686,
2024-11,CUST038,Summit Cloud 038,78874.34,55679.67,0.7059288229860307,0.7032658964185355,
2024-12,CUST038,Summit Cloud 038,79634.59,56113.94,0.7046427940421368,0.7041658687013527,
2025-01,CUST038,Summit Cloud 038,99350.91,63912.55,0.6433011031303085,0.6846242400528254,-0.05960575735524953
2025-02,CUST038,Summit Cloud 038,97142.28,62468.18,0.6430586146423576,0.6636675039382677,-0.06069743463687416
2025-03,CUST038,Summit Cloud 038,100532.52,64585.65,0.6424354029919871,0.6429317069215511,-0.06141467513149956
2025-04,CUST038,Summit Cloud 038,103116.15,65801.80,0.6381328240047752,0.6412089472130399,-0.06514655044006379
2025-05,CUST038,Summit Cloud 038,99925.32,63833.26,0.6388096630563704,0.6397926300177109,-0.06473735254235302
2025-06,CUST038,Summit Cloud 038,100555.99,64517.48,0.6416075263144443,0.6395166711251966,-0.06362639409346627
2025-07,CUST038,Summit Cloud 038,97556.12,62331.32,0.6389278294380711,0.6397816729362953,-0.06403421196168535
2025-08,CUST038,Summit Cloud 038,91268.58,58350.08,0.6393227548845397,0.639952703545685,-0.06640429052646446
2025-09,CUST038,Summit Cloud 038,90752.22,58253.49,0.6418960329565492,0.6400488724263868,-0.06004684423713624
2025-10,CUST038,Summit Cloud 038,87369.05,56190.32,0.6431375870517076,0.6414521249642654,-0.058788402024182895
2025-11,CUST038,Summit Cloud 038,85936.47,55279.27,0.64325739700502,0.6427636723377589,-0.06267142598101061
2025-12,CUST038,Summit Cloud 038,80774.34,51638.82,0.6392973313059569,0.6418974384542282,-0.06534546273617992
2024-01,CUST039,Tandem Cloud 039,82817.11,58177.05,0.7024762153617773,0.7024762153617773,
2024-02,CUST039,Tandem Cloud 039,82242.20,57951.20,0.7046406832502049,0.7035584493059911,
2024-03,CUST039,Tandem Cloud 039,89416.95,62958.33,0.7040983840312156,0.7037384275477326,
2024-04,CUST039,Tandem Cloud 039,84145.31,59285.06,0.7045557262787433,0.704431597853388,
2024-05,CUST039,Tandem Cloud 039,87223.41,61590.83,0.7061272885341218,0.7049271329480269,
2024-06,CUST039,Tandem Cloud 039,86416.61,60825.83,0.7038673467982602,0.7048501205370418,
2024-07,CUST039,Tandem Cloud 039,79767.20,56174.98,0.70423657844327,0.7047437379252174,
2024-08,CUST039,Tandem Cloud 039,82855.82,58466.72,0.7056440935591488,0.7045826729335597,
2024-09,CUST039,Tandem Cloud 039,78781.37,55588.57,0.7056055257734157,0.7051620659252782,
2024-10,CUST039,Tandem Cloud 039,78398.07,55380.49,0.7064011907435985,0.7058836033587209,
2024-11,CUST039,Tandem Cloud 039,76260.41,53560.67,0.7023391298315862,0.7047819487828667,
2024-12,CUST039,Tandem Cloud 039,81443.51,57533.42,0.7064211746276653,0.7050538317342833,
2025-01,CUST039,Tandem Cloud 039,96654.91,62284.17,0.644397372052801,0.6843858921706842,-0.05807884330897628
2025-02,CUST039,Tandem Cloud 039,99702.24,64305.75,0.6449779864524608,0.665265511044309,-0.05966269679774405
2025-03,CUST039,Tandem Cloud 039,100575.64,64136.15,0.6376906972702336,0.6423553519251651,-0.06640768676098197
2025-04,CUST039,Tandem Cloud 039,104220.07,67015.24,0.6430166473693598,0.6418951103640181,-0.06153907890938348
2025-05,CUST039,Tandem Cloud 039,103647.79,66620.94,0.6427627641650633,0.6411567029348856,-0.06336452436905848
2025-06,CUST039,Tandem Cloud 039,96243.79,61917.37,0.6433388585383016,0.643039423357575,-0.0605284882599586
2025-07,CUST039,Tandem Cloud 039,93863.67,60052.45,0.6397837416755598,0.6419617881263082,-0.06445283676771019
2025-08,CUST039,Tandem Cloud 039,94518.74,60703.04,0.6422328524480965,0.6417851508873192,-0.06341124111105234
2025-09,CUST039,Tandem Cloud 039,89436.72,57217.63,0.6397554606206488,0.6405906849147683,-0.06585006515276692
2025-10,CUST039,Tandem Cloud 039,87483.48,56335.07,0.643950949367812,0.6419797541455191,-0.062450241375786475
2025-11,CUST039,Tandem Cloud 039,86113.78,55045.27,0.6392155819893169,0.640973997325926,-0.06312354784226926
2025-12,CUST039,Tandem Cloud 039,84423.75,54064.16,0.6403904114659679,0.641185647607699,-0.06603076316169743
2024-01,CUST040,Vertex Cloud 040,80205.49,56404.08,0.7032446282667184,0.7032446282667184,
2024-02,CUST040,Vertex Cloud 040,86354.92,60681.69,0.7027010157614645,0.7029728220140914,
2024-03,CUST040,Vertex Cloud 040,85476.00,60114.66,0.7032928541344939,0.703079499387559,
2024-04,CUST040,Vertex Cloud 040,84832.85,59950.31,0.7066874447811196,0.7042271048923593,
2024-05,CUST040,Vertex Cloud 040,83746.31,59252.24,0.7075206059825203,0.7058336349660447,
2024-06,CUST040,Vertex Cloud 040,87448.99,61582.27,0.7042079045166787,0.7061386517601062,
2024-07,CUST040,Vertex Cloud 040,82981.33,58408.34,0.7038732688425215,0.7052005931139069,
2024-08,CUST040,Vertex Cloud 040,78612.55,55200.56,0.702185083679387,0.703422085679529,
2024-09,CUST040,Vertex Cloud 040,78280.48,54921.00,0.7015925298363015,0.7025502941194034,
2024-10,CUST040,Vertex Cloud 040,77837.39,54680.41,0.702495420260109,0.7020910112585992,
2024-11,CUST040,Vertex Cloud 040,77827.92,54942.42,0.7059474286348653,0.7033451262437586,
2024-12,CUST040,Vertex Cloud 040,81019.45,57146.24,0.7053397671793625,0.7045942053581123,
2025-01,CUST040,Vertex Cloud 040,96868.62,62434.88,0.64453153147015,0.6852729090947925,-0.05871309679656844
2025-02,CUST040,Vertex Cloud 040,96326.31,61842.09,0.6420062182388176,0.66395917229611,-0.06069479752264684
2025-03,CUST040,Vertex Cloud 040,100202.29,64328.34,0.6419847290915208,0.6428408262668295,-0.061308125042973116
2025-04,CUST040,Vertex Cloud 040,104807.27,66941.51,0.6387105589144721,0.6409005020816035,-0.06797688586664741
2025-05,CUST040,Vertex Cloud 040,99080.61,63526.34,0.6411581438588236,0.6406178106216055,-0.06636246212369667
2025-06,CUST040,Vertex Cloud 040,99835.38,64224.67,0.6433057098595708,0.6410581375442889,-0.06090219465710789
2025-07,CUST040,Vertex Cloud 040,95884.99,61729.90,0.6437910667769794,0.6427516401651245,-0.060082202065542156
2025-08,CUST040,Vertex Cloud 040,94018.89,60284.03,0.6411906160559862,0.6427624642308455,-0.06099446762340088
2025-09,CUST040,Vertex Cloud 040,89962.66,57620.91,0.6404980688654605,0.6418265838994753,-0.061094460970841036
2025-10,CUST040,Vertex Cloud 040,87649.40,56486.16,0.6444557521215206,0.6420481456809891,-0.05803966813858841
2025-11,CUST040,Vertex Cloud 040,85283.33,54534.17,0.6394470056457692,0.6414669422109167,-0.06650042298909609
2025-12,CUST040,Vertex Cloud 040,81054.07,52334.05,0.6456683791449337,0.6431903789707412,-0.05967138803442884
2024-01,CUST041,Alto Digital 041,80886.25,56951.30,0.7040912392402912,0.7040912392402912,
2024-02,CUST041,Alto Digital 041,83230.99,58509.02,0.7029715734487838,0.7035314063445375,
2024-03,CUST041,Alto Digital 041,87232.28,61413.03,0.7040172514119774,0.7036933547003508,
2024-04,CUST041,Alto Digital 041,86859.63,61243.12,0.705081520609747,0.7040234484901694,
2024-05,CUST041,Alto Digital 041,86740.61,61038.21,0.7036866584175508,0.7042618101464252,
2024-06,CUST041,Alto Digital 041,81897.27,57478.21,0.701833040344324,0.7035337397905407,
2024-07,CUST041,Alto Digital 041,79671.29,56050.50,0.7035219336852712,0.7030138774823821,
2024-08,CUST041,Alto Digital 041,81450.38,57211.64,0.7024109648107227,0.702588646280106,
2024-09,CUST041,Alto Digital 041,81287.74,57043.33,0.7017457983208784,0.7025595656056242,
2024-10,CUST041,Alto Digital 041,80472.78,56653.37,0.7040066218664249,0.7027211283326752,
2024-11,CUST041,Alto Digital 041,77465.51,54383.40,0.7020337179733278,0.7025953793868771,
2024-12,CUST041,Alto Digital 041,81696.07,57464.44,0.7033929539083091,0.703144431249354,
2025-01,CUST041,Alto Digital 041,97454.16,62498.81,0.6413149525889915,0.6822472081568761,-0.06277628665129964
2025-02,CUST041,Alto Digital 041,102457.00,65356.37,0.6378907248894659,0.6608662104622555,-0.06508084855931795
2025-03,CUST041,Alto Digital 041,98256.21,62868.76,0.639845155843076,0.6396836111071779,-0.06417209556890136
2025-04,CUST041,Alto Digital 041,99750.08,63984.37,0.6414468038521874,0.6397275615282431,-0.0636347167575596
2025-05,CUST041,Alto Digital 041,99174.72,63908.44,0.6444025251596375,0.6418981616183003,-0.059284133257913374
2025-06,CUST041,Alto Digital 041,96390.75,61751.90,0.6406413478471742,0.6421635589529997,-0.06119169249714984
2025-07,CUST041,Alto Digital 041,96148.33,61728.09,0.6420089667704056,0.6423509465924058,-0.06151296691486552
2025-08,CUST041,Alto Digital 041,94846.24,60591.34,0.6388375543405832,0.6404959563193877,-0.06357341047013954
2025-09,CUST041,Alto Digital 041,88327.85,56891.06,0.6440897180221187,0.6416454130443693,-0.05765608029875968
2025-10,CUST041,Alto Digital 041,88490.06,56608.08,0.6397111720796664,0.6408794814807894,-0.0642954497867585
2025-11,CUST041,Alto Digital 041,82312.34,52759.76,0.6409702360545212,0.6415903753854354,-0.06106348191880662
2025-12,CUST041,Alto Digital 041,83925.86,53590.31,0.638543471583133,0.6397416265724402,-0.06484948232517618
2024-01,CUST042,Beacon Digital 042,84933.59,59938.78,0.7057134874435427,0.7057134874435427,
2024-02,CUST042,Beacon Digital 042,84532.14,59488.99,0.7037440433898869,0.7047287654167148,
2024-03,CUST042,Beacon Digital 042,85124.59,59910.90,0.7038025087697927,0.7044200132010742,
2024-04,CUST042,Beacon Digital 042,85188.15,59778.24,0.7017201336101324,0.7030888952566041,
2024-05,CUST042,Beacon Digital 042,85575.31,60080.57,0.7020783214223822,0.7025336546007691,
2024-06,CUST042,Beacon Digital 042,83104.98,58469.13,0.703557476338963,0.7024519771238259,
2024-07,CUST042,Beacon Digital 042,84565.23,59328.21,0.7015674172470175,0.7024010716694543,
2024-08,CUST042,Beacon Digital 042,82354.26,57999.09,0.7042633860106327,0.7031294265322044,
2024-09,CUST042,Beacon Digital 042,80406.89,56489.25,0.7025424065027264,0.7027910699201255,
2024-10,CUST042,Beacon Digital 042,75991.74,53465.31,0.7035673877187177,0.7034577267440256,
2024-11,CUST042,Beacon Digital 042,78615.13,55147.84,0.7014914304663745,0.7025337415626062,
2024-12,CUST042,Beacon Digital 042,82603.25,58284.34,0.705593787169391,0.7035508684514945,
2025-01,CUST042,Beacon Digital 042,96439.93,61972.65,0.6426036393846408,0.6832296190068021,-0.06310984805890185
2025-02,CUST042,Beacon Digital 042,102130.78,65100.85,0.6374263468858262,0.6618745911466194,-0.06631769650406072
2025-03,CUST042,Beacon Digital 042,103286.52,66377.83,0.642657241235352,0.6408957425019396,-0.06114526753444072
2025-04,CUST042,Beacon Digital 042,102953.47,66234.31,0.6433421816671162,0.6411419232627648,-0.058377951943016204
2025-05,CUST042,Beacon Digital 042,99333.40,63906.25,0.643351078287867,0.6431168337301116,-0.05872724313451527
2025-06,CUST042,Beacon Digital 042,98724.52,63250.90,0.6406807548925029,0.642458004949162,-0.06287672144646017
2025-07,CUST042,Beacon Digital 042,95228.42,60856.91,0.6390624773570748,0.6410314368458149,-0.06250493988994277
2025-08,CUST042,Beacon Digital 042,95432.68,61369.77,0.6430687056048305,0.640937312618136,-0.061194680405802115
2025-09,CUST042,Beacon Digital 042,86782.48,55738.57,0.6422790637004151,0.6414700822207734,-0.06026334280231127
2025-10,CUST042,Beacon Digital 042,83863.06,53836.48,0.6419570189783201,0.6424349294278552,-0.0616103687403976
2025-11,CUST042,Beacon Digital 042,81169.15,52072.11,0.641525875286362,0.6419206526550324,-0.059965555180012564
2025-12,CUST042,Beacon Digital 042,83086.44,53352.00,0.6421264408488316,0.6418697783711712,-0.06346734632055939
2024-01,CUST043,Cedar Digital 043,84712.60,59586.76,0.7033990221053302,0.7033990221053302,
2024-02,CUST043,Cedar Digital 043,84808.39,59660.27,0.7034713192881035,0.7034351706967168,
2024-03,CUST043,Cedar Digital 043,86127.78,60732.66,0.7051460051565245,0.7040054488499861,
2024-04,CUST043,Cedar Digital 043,89559.05,62862.67,0.7019130953264913,0.7035101399237065,
2024-05,CUST043,Cedar Digital 043,84044.05,59112.00,0.7033454480120841,0.7034681828317,
2024-06,CUST043,Cedar Digital 043,83868.93,58994.63,0.7034146018078448,0.7028910483821401,
2024-07,CUST043,Cedar Digital 043,84508.65,59370.90,0.7025422841330444,0.7031007779843245,
2024-08,CUST043,Cedar Digital 043,82398.34,58050.28,0.7045078820762651,0.7034882560057181,
2024-09,CUST043,Cedar Digital 043,79274.75,55939.05,0.7056351486444297,0.7042284382845798,
2024-10,CUST043,Cedar Digital 043,77245.36,54142.69,0.7009183464223612,0.7036871257143519,
2024-11,CUST043,Cedar Digital 043,79843.29,56024.05,0.7016751188484344,0.7027428713050751,
2024-12,CUST043,Cedar Digital 043,80361.77,56356.57,0.7012858228483518,0.7012930960397158,
2025-01,CUST043,Cedar Digital 043,99306.07,63518.35,0.6396220291468587,0.6808609902812149,-0.0637769929584715
2025-02,CUST043,Cedar Digital 043,101279.71,64847.63,0.6402825403034822,0.6603967974328976,-0.06318877898462127
2025-03,CUST043,Cedar Digital 043,98595.59,63117.32,0.6401637233470584,0.6400227642657997,-0.06498228180946608
2025-04,CUST043,Cedar Digital 043,98638.84,63095.25,0.6396592863419724,0.6400351833308376,-0.06225380898451882
2025-05,CUST043,Cedar Digital 043,103302.79,66551.64,0.6442385534795334,0.6413538543895214,-0.05910689453255069
2025-06,CUST043,Cedar Digital 043,101899.39,65515.15,0.6429395700994873,0.642279136640331,-0.06047503170835744
2025-07,CUST043,Cedar Digital 043,95939.48,61587.74,0.6419436503095494,0.64304059129619,-0.06059863382349506
2025-08,CUST043,Cedar Digital 043,91505.19,58445.65,0.6387140445257804,0.6411990883116057,-0.06579383755048474
2025-09,CUST043,Cedar Digital 043,89904.92,57759.39,0.6424497124295311,0.6410358024216203,-0.06318543621489858
2025-10,CUST043,Cedar Digital 043,83297.53,53349.22,0.6404658097304926,0.6405431888952681,-0.060452536691868564
2025-11,CUST043,Cedar Digital 043,81297.81,52004.09,0.6396739346361237,0.6408631522653825,-0.06200118421231071
2025-12,CUST043,Cedar Digital 043,82037.08,52575.01,0.6408688607639375,0.6403362017101846,-0.06041696208441438
2024-01,CUST044,Delta Digital 044,85013.88,59999.26,0.7057584008634825,0.7057584008634825,
2024-02,CUST044,Delta Digital 044,82687.23,58429.90,0.7066375303659345,0.7061979656147085,
2024-03,CUST044,Delta Digital 044,88495.95,62370.75,0.7047864902292139,0.7057274738195436,
2024-04,CUST044,Delta Digital 044,87753.20,61779.30,0.7040119334679533,0.705145318021034,
2024-05,CUST044,Delta Digital 044,83507.82,58912.26,0.7054699787397156,0.7047561341456277,
2024-06,CUST044,Delta Digital 044,82066.94,57557.17,0.7013441709901697,0.7036086943992795,
2024-07,CUST044,Delta Digital 044,82589.88,58249.47,0.7052858049920886,0.7040333182406578,
2024-08,CUST044,Delta Digital 044,81677.73,57519.15,0.7042207220989124,0.7036168993603903,
2024-09,CUST044,Delta Digital 044,76899.81,54036.05,0.7026811899795332,0.7040625723568447,
2024-10,CUST044,Delta Digital 044,76158.27,53820.93,0.7066984320941113,0.704533448057519,
2024-11,CUST044,Delta Digital 044,79566.14,56016.09,0.7040191971107307,0.7044662730614584,
2024-12,CUST044,Delta Digital 044,79870.36,56197.72,0.7036117027643296,0.7047764439897239,
2025-01,CUST044,Delta Digital 044,93166.39,59817.73,0.6420526758630446,0.6832278585793684,-0.06370572500043792
2025-02,CUST044,Delta Digital 044,101797.35,65347.89,0.6419409739055093,0.6625351175109612,-0.06469655646042516
2025-03,CUST044,Delta Digital 044,100271.27,64511.43,0.6433690328246565,0.6424542275310702,-0.061417457404557396
2025-04,CUST044,Delta Digital 044,99066.12,63681.10,0.6428141124331911,0.642708039721119,-0.061197821034762234
2025-05,CUST044,Delta Digital 044,104625.13,66812.42,0.6385886450033562,0.6415905967537346,-0.0668813337363594
2025-06,CUST044,Delta Digital 044,95827.18,61500.56,0.641786182166688,0.6410629798677451,-0.05955798882348162
2025-07,CUST044,Delta Digital 044,97328.19,62313.70,0.6402430785982971,0.6402059685894471,-0.0650427263937915
2025-08,CUST044,Delta Digital 044,91928.92,58955.48,0.6413159210398643,0.6411150606016166,-0.06290480105904805
2025-09,CUST044,Delta Digital 044,88763.00,57111.39,0.6434143731059112,0.6416577909146909,-0.05926681687362201
2025-10,CUST044,Delta Digital 044,83758.16,53871.98,0.6431848550636738,0.6426383830698165,-0.06351357703043747
2025-11,CUST044,Delta Digital 044,83164.59,53310.40,0.6410228199285297,0.6425406826993716,-0.06299637718220097
2025-12,CUST044,Delta Digital 044,81330.51,52195.11,0.6417654334148403,0.6419910361356812,-0.061846269349489336
2024-01,CUST045,Ember Digital 045,81132.95,56897.41,0.7012860989277476,0.7012860989277476,
2024-02,CUST045,Ember Digital 045,86354.92,60647.55,0.7023056705975758,0.7017958847626617,
2024-03,CUST045,Ember Digital 045,86928.69,61130.05,0.703220651317764,0.7022708069476958,
2024-04,CUST045,Ember Digital 045,88862.99,62789.24,0.7065848223202932,0.7040370480785443,
2024-05,CUST045,Ember Digital 045,89015.65,62598.59,0.7032312857345872,0.7043455864575482,
2024-06,CUST045,Ember Digital 045,87066.66,61453.42,0.7058203450092148,0.705212151021365,
2024-07,CUST045,Ember Digital 045,79932.22,56211.21,0.7032359416515642,0.704095857465122,
2024-08,CUST045,Ember Digital 045,78805.01,55385.87,0.7028216860831564,0.7039593242479785,
2024-09,CUST045,Ember Digital 045,76830.31,54177.35,0.7051559469173039,0.7037378582173416,
2024-10,CUST045,Ember Digital 045,79078.00,55910.19,0.7070258478970131,0.7050011602991578,
2024-11,CUST045,Ember Digital 045,77732.86,54593.77,0.7023255030112104,0.7048357659418425,
2024-12,CUST045,Ember Digital 045,81644.72,57454.14,0.7037091927071341,0.7043535145384525,
2025-01,CUST045,Ember Digital 045,99175.35,63462.35,0.6399004389699657,0.6819783782294367,-0.06138565995778189
2025-02,CUST045,Ember Digital 045,98969.71,63940.18,0.6460580717069899,0.6632225677946966,-0.05624759889058584
2025-03,CUST045,Ember Digital 045,99102.32,63441.72,0.6401638226027403,0.6420407777598988,-0.06305682871502372
2025-04,CUST045,Ember Digital 045,102978.89,65916.38,0.6400960429851206,0.6421059790982836,-0.06648877933517261
2025-05,CUST045,Ember Digital 045,103543.92,66376.87,0.6410503871207502,0.6404367509028704,-0.06218089861383691
2025-06,CUST045,Ember Digital 045,96869.64,62030.15,0.6403466555672138,0.6404976952243615,-0.06547368944200094
2025-07,CUST045,Ember Digital 045,98288.00,63070.61,0.6416918647240762,0.6410296358040134,-0.06154407692748798
2025-08,CUST045,Ember Digital 045,93673.72,60037.76,0.6409242634967417,0.6409875945960106,-0.06189742258641473
2025-09,CUST045,Ember Digital 045,86613.58,55665.59,0.6426889409258917,0.6417683563822365,-0.062467005991412194
2025-10,CUST045,Ember Digital 045,86990.00,56003.24,0.6437894010805839,0.642467535167739,-0.06323644681642915
2025-11,CUST045,Ember Digital 045,85160.65,54640.08,0.641611824240421,0.6426967220822989,-0.06071367877078948
2025-12,CUST045,Ember Digital 045,82673.01,53154.18,0.6429447772616481,0.6427820008608843,-0.06076441544548594
2024-01,CUST046,Foundry Digital 046,82692.65,58231.52,0.7041922105531749,0.7041922105531749,
2024-02,CUST046,Foundry Digital 046,84405.29,59525.72,0.7052368400132267,0.7047145252832008,
2024-03,CUST046,Foundry Digital 046,88923.43,62707.14,0.7051813003614459,0.7048701169759491,
2024-04,CUST046,Foundry Digital 046,85910.99,60555.66,0.7048651167912278,0.7050944190553001,
2024-05,CUST046,Foundry Digital 046,85311.99,60282.88,0.7066167369908966,0.7055543847145235,
2024-06,CUST046,Foundry Digital 046,83220.51,58622.44,0.704422984189835,0.7053016126573198,
2024-07,CUST046,Foundry Digital 046,84569.17,59397.13,0.7023496860617173,0.704463135747483,
2024-08,CUST046,Foundry Digital 046,80256.65,56554.86,0.7046750643093127,0.7038159115202882,
2024-09,CUST046,Foundry Digital 046,80661.09,56570.49,0.7013355510073073,0.7027867671261124,
2024-10,CUST046,Foundry Digital 046,78061.20,54797.00,0.7019748607502831,0.7026618253556345,
2024-11,CUST046,Foundry Digital 046,77682.31,54836.40,0.7059058877111147,0.7030720998229018,
2024-12,CUST046,Foundry Digital 046,81336.45,57360.70,0.7052274841107523,0.7043694108573834,
2025-01,CUST046,Foundry Digital 046,95228.00,61287.64,0.6435884403746797,0.6849072707321823,-0.060603770178495275
2025-02,CUST046,Foundry Digital 046,98532.55,63076.29,0.640156882167365,0.6629909355509324,-0.06507995784586174
2025-03,CUST046,Foundry Digital 046,102656.87,65845.79,0.6414163026790121,0.6417205417403523,-0.06376499768243382
2025-04,CUST046,Foundry Digital 046,100621.58,64568.07,0.6416920704286297,0.6410884184250023,-0.06317304636259802
2025-05,CUST046,Foundry Digital 046,104637.52,67205.05,0.6422653174501842,0.641791230185942,-0.06435141954071233
2025-06,CUST046,Foundry Digital 046,99660.96,63953.51,0.641710756147643,0.6418893813421523,-0.06271222804219201
2025-07,CUST046,Foundry Digital 046,98893.31,63652.30,0.6436461677741396,0.6425407471239889,-0.058703518287577694
2025-08,CUST046,Foundry Digital 046,93586.39,60337.83,0.6447286833053396,0.6433618690757074,-0.05994638100397309
2025-09,CUST046,Foundry Digital 046,91283.88,58562.89,0.6415468974368749,0.6433072495054514,-0.05978865357043239
2025-10,CUST046,Foundry Digital 046,82902.39,52858.66,0.6376011596288117,0.641292246790342,-0.06437370112147145
2025-11,CUST046,Foundry Digital 046,84125.20,53972.40,0.6415723231564383,0.6402401267407083,-0.06433356455467643
2025-12,CUST046,Foundry Digital 046,85029.34,54652.05,0.6427434342075335,0.6406389723309279,-0.062484049903218764
2024-01,CUST047,Granite Digital 047,82669.53,58232.66,0.7044029402368684,0.7044029402368684,
2024-02,CUST047,Granite Digital 047,84421.33,59494.46,0.7047325598874123,0.7045677500621403,
2024-03,CUST047,Granite Digital 047,88951.27,62401.16,0.7015207315196287,0.7035520772146365,
2024-04,CUST047,Granite Digital 047,85866.34,60506.22,0.704655863985818,0.703636385130953,
2024-05,CUST047,Granite Digital 047,87135.59,61385.59,0.70448355258741,0.7035533826976188,
2024-06,CUST047,Granite Digital 047,82008.89,57749.93,0.7041910944045213,0.7044435036592498,
2024-07,CUST047,Granite Digital 047,80277.53,56350.90,0.7019510939113349,0.7035419136344222,
2024-08,CUST047,Granite Digital 047,81449.61,57271.80,0.7031562213741723,0.7030994698966762,
2024-09,CUST047,Granite Digital 047,77416.08,54547.10,0.7045965127658232,0.7032346093504435,
2024-10,CUST047,Granite Digital 047,76561.19,54058.63,0.7060839832818689,0.7046122391406215,
2024-11,CUST047,Granite Digital 047,77175.35,54344.70,0.7041717335911012,0.704950743212931,
2024-12,CUST047,Granite Digital 047,81836.11,57380.35,0.7011617487683616,0.7038058218804438,
2025-01,CUST047,Granite Digital 047,95039.60,60895.41,0.6407372295337943,0.6820235706310857,-0.06366571070307414
2025-02,CUST047,Granite Digital 047,97375.62,62716.31,0.6440658349595104,0.661988271087222,-0.06066672492790193
2025-03,CUST047,Granite Digital 047,103338.80,66502.11,0.643534761386817,0.6427792752933739,-0.057985970132811704
2025-04,CUST047,Granite Digital 047,101727.20,65109.12,0.6400364897490544,0.6425456953651273,-0.06461937423676367
2025-05,CUST047,Granite Digital 047,100856.11,64822.51,0.6427226868059853,0.6420979793139523,-0.0617608657814247
2025-06,CUST047,Granite Digital 047,97656.85,62593.71,0.6409556523684719,0.6412382763078371,-0.06323544203604947
2025-07,CUST047,Granite Digital 047,98542.21,63022.24,0.6395456322727082,0.6410746571490551,-0.0624054616386267
2025-08,CUST047,Granite Digital 047,91003.39,58078.73,0.6382040273444759,0.6395684373285521,-0.06495219402969643
2025-09,CUST047,Granite Digital 047,86337.12,55484.69,0.6426516196046382,0.6401337597406074,-0.06194489316118501
2025-10,CUST047,Granite Digital 047,85784.58,55190.45,0.6433609630075707,0.6414055366522283,-0.06272302027429821
2025-11,CUST047,Granite Digital 047,81954.49,52744.87,0.6435873129098845,0.6431999651740311,-0.06058442068121672
2025-12,CUST047,Granite Digital 047,79775.00,51305.34,0.6431255405828893,0.6433579388334482,-0.05803620818547228
2024-01,CUST048,Helix Digital 048,82402.91,57915.24,0.7028300335509995,0.7028300335509995,
2024-02,CUST048,Helix Digital 048,85931.14,60376.13,0.7026106019308018,0.7027203177409007,
2024-03,CUST048,Helix Digital 048,86685.92,60932.99,0.7029168058665121,0.702785813782771,
2024-04,CUST048,Helix Digital 048,89873.39,63379.11,0.7052043992109344,0.7035772690027494,
2024-05,CUST048,Helix Digital 048,85196.23,59796.82,0.7018716673261247,0.7033309574678571,
2024-06,CUST048,Helix Digital 048,81814.69,57416.54,0.7017876618489907,0.7029545761286832,
2024-07,CUST048,Helix Digital 048,82920.14,58412.52,0.7044430942832465,0.702700807819454,
2024-08,CUST048,Helix Digital 048,80354.60,56547.92,0.7037297180248547,0.7033201580523639,
2024-09,CUST048,Helix Digital 048,80717.67,56739.25,0.7029346858005193,0.7037024993695402,
2024-10,CUST048,Helix Digital 048,77805.02,55025.25,0.7072197912165564,0.7046280650139769,
2024-11,CUST048,Helix Digital 048,77685.14,54833.53,0.7058432281901017,0.7053325684023924,
2024-12,CUST048,Helix Digital 048,78971.41,55657.72,0.7047831613998028,0.705948726935487,
2025-01,CUST048,Helix Digital 048,99796.53,63936.85,0.6406720754719628,0.6837661550206224,-0.06215795807903668
2025-02,CUST048,Helix Digital 048,99301.46,63726.87,0.6417515915677373,0.6624022761465009,-0.060859010363064514
2025-03,CUST048,Helix Digital 048,103785.41,66818.98,0.6438186253732581,0.6420807641376527,-0.05909818049325399
2025-04,CUST048,Helix Digital 048,99616.61,63735.66,0.6398095658946836,0.6417932609452263,-0.06539483331625073
2025-05,CUST048,Helix Digital 048,102621.45,65793.53,0.6411284385476915,0.6415855432718778,-0.06074322877843319
2025-06,CUST048,Helix Digital 048,99908.61,64204.25,0.6426297993736476,0.6411892679386743,-0.05915786247534305
2025-07,CUST048,Helix Digital 048,97158.73,62282.87,0.6410424467260946,0.6416002282158112,-0.06340064755715191
2025-08,CUST048,Helix Digital 048,96181.55,61773.05,0.6422546735834471,0.6419756398943964,-0.06147504444140761
2025-09,CUST048,Helix Digital 048,90183.08,57913.37,0.6421755610919476,0.6418242271338297,-0.0607591247085717
2025-10,CUST048,Helix Digital 048,83745.09,53505.31,0.6389068302392414,0.6411123549715453,-0.06831296097731498
2025-11,CUST048,Helix Digital 048,85752.12,54958.03,0.6408941259994505,0.6406588391102132,-0.0649491021906512
2025-12,CUST048,Helix Digital 048,84716.87,54340.00,0.6414306855293403,0.6404105472560108,-0.06335247587046244
2024-01,CUST049,Indigo Digital 049,82162.91,57655.66,0.7017236852979039,0.7017236852979039,
2024-02,CUST049,Indigo Digital 049,83012.02,58501.18,0.7047314352788909,0.7032275602883974,
2024-03,CUST049,Indigo Digital 049,88068.39,62243.84,0.7067670931647552,0.7044074045805168,
2024-04,CUST049,Indigo Digital 049,87107.56,61335.93,0.7041401458151278,0.7052128914195913,
2024-05,CUST049,Indigo Digital 049,86405.91,60642.87,0.7018370618398672,0.70424810027325,
2024-06,CUST049,Indigo Digital 049,84337.85,59415.21,0.7044904512031075,0.7034892196193675,
2024-07,CUST049,Indigo Digital 049,80193.48,56399.42,0.7032918386881327,0.7032064505770358,
2024-08,CUST049,Indigo Digital 049,82263.27,57808.61,0.7027268670452803,0.7035030523121736,
2024-09,CUST049,Indigo Digital 049,76867.48,54143.54,0.7043751141575085,0.7034646066303072,
2024-10,CUST049,Indigo Digital 049,78421.15,55217.28,0.7041120922098184,0.703738024470869,
2024-11,CUST049,Indigo Digital 049,78187.09,55089.48,0.7045853733653472,0.704357526577558,
2024-12,CUST049,Indigo Digital 049,81801.94,57625.47,0.7044511413787986,0.7043828689846547,
2025-01,CUST049,Indigo Digital 049,94440.16,60465.58,0.6402528331167588,0.6830964492869683,-0.06147085218114501
2025-02,CUST049,Indigo Digital 049,102024.20,65535.66,0.6423540689365856,0.6623526811440478,-0.062377366342305285
2025-03,CUST049,Indigo Digital 049,103618.12,66508.65,0.6418631220099341,0.6414900080210928,-0.06490397115482105
2025-04,CUST049,Indigo Digital 049,103068.99,65823.03,0.6386307850693016,0.6409493253386072,-0.06550936074582625
2025-05,CUST049,Indigo Digital 049,99774.55,64095.31,0.6424013939426436,0.6409651003406264,-0.05943566789722354
2025-06,CUST049,Indigo Digital 049,99187.48,63458.14,0.6397797383298779,0.640270639113941,-0.0647107128732296
2025-07,CUST049,Indigo Digital 049,98637.07,62965.63,0.6383566543491204,0.6401792622072139,-0.06493518433901235
2025-08,CUST049,Indigo Digital 049,92278.95,59098.81,0.6404365242560736,0.6395243056450238,-0.062290342789206754
2025-09,CUST049,Indigo Digital 049,92176.78,58949.64,0.6395280893951817,0.6394404226667919,-0.06484702476232684
2025-10,CUST049,Indigo Digital 049,88186.68,56593.79,0.6417498651723821,0.6405714929412124,-0.062362227037436324
2025-11,CUST049,Indigo Digital 049,81065.12,51857.96,0.6397074352076454,0.6403284632584031,-0.06487793815770182
2025-12,CUST049,Indigo Digital 049,84076.28,53925.27,0.6413850612800661,0.6409474538866978,-0.06306608009873249
2024-01,CUST050,Kinetic Digital 050,80006.31,56479.97,0.705943943671443,0.705943943671443,
2024-02,CUST050,Kinetic Digital 050,87442.39,61604.47,0.7045149383496951,0.7052294410105691,
2024-03,CUST050,Kinetic Digital 050,87982.22,61978.96,0.704448694293006,0.7049691921047146,
2024-04,CUST050,Kinetic Digital 050,85899.25,60519.38,0.7045390966743016,0.7045009097723343,
2024-05,CUST050,Kinetic Digital 050,88659.25,62514.28,0.7051072505124959,0.7046983471599345,
2024-06,CUST050,Kinetic Digital 050,84095.02,59255.03,0.7046199644164423,0.7047554372010799,
2024-07,CUST050,Kinetic Digital 050,82190.77,58022.39,0.7059477603142056,0.7052249917477146,
2024-08,CUST050,Kinetic Digital 050,77924.88,54769.85,0.7028544670200325,0.7044740639168934,
2024-09,CUST050,Kinetic Digital 050,78330.52,55038.17,0.7026401714172202,0.7038141329171528,
2024-10,CUST050,Kinetic Digital 050,76846.14,53950.35,0.7020567331033153,0.702517123846856,
2024-11,CUST050,Kinetic Digital 050,78939.45,55367.54,0.7013925230033906,0.7020298091746421,
2024-12,CUST050,Kinetic Digital 050,81726.26,57409.75,0.7024639326453945,0.7019710629173668,
2025-01,CUST050,Kinetic Digital 050,97733.07,62676.20,0.6412998179633567,0.6817187578707139,-0.06464412570808631
2025-02,CUST050,Kinetic Digital 050,97977.36,62815.89,0.6411265827125777,0.6616301111071096,-0.06338835563711742
2025-03,CUST050,Kinetic Digital 050,104645.24,67081.62,0.6410384265925521,0.6411549424228288,-0.06341026770045399
2025-04,CUST050,Kinetic Digital 050,100894.31,65077.43,0.6450059473125888,0.6423903188725729,-0.059533149361712834
2025-05,CUST050,Kinetic Digital 050,102334.81,66052.36,0.6454534874301325,0.6438326204450912,-0.059653763082363365
2025-06,CUST050,Kinetic Digital 050,99483.41,63573.45,0.6390356944941875,0.6431650430789696,-0.06558426992225475
2025-07,CUST050,Kinetic Digital 050,98077.75,62865.79,0.6409791211564295,0.6418227676935832,-0.06496863915777606
2025-08,CUST050,Kinetic Digital 050,90784.36,58055.09,0.6394833867860058,0.639832734145541,-0.06337108023402671
2025-09,CUST050,Kinetic Digital 050,89467.99,57573.43,0.6435087007096058,0.641323736217347,-0.059131470707614486
2025-10,CUST050,Kinetic Digital 050,83570.08,53702.93,0.6426095320239014,0.6418672065065043,-0.059447201079413925
2025-11,CUST050,Kinetic Digital 050,86469.33,55306.80,0.6396117559833064,0.641909996238938,-0.06178076702008417
2025-12,CUST050,Kinetic Digital 050,82812.76,53238.58,0.6428789476404362,0.6417000785492146,-0.059584985004958346
2024-01,CUST051,Lattice Digital 051,45537.64,32000.13,0.7027182348492368,0.7027182348492368,
2024-02,CUST051,Lattice Digital 051,45690.41,32222.02,0.7052250133014784,0.7039716240753575,
2024-03,CUST051,Lattice Digital 051,45838.22,32283.59,0.7042941458023457,0.704079131317687,
2024-04,CUST051,Lattice Digital 051,47260.23,33291.35,0.7044263220894185,0.704648493731081,
2024-05,CUST051,Lattice Digital 051,44665.72,31424.86,0.7035565529896305,0.7040923402937982,
2024-06,CUST051,Lattice Digital 051,44455.40,31200.82,0.7018454450977833,0.7032761067256107,
2024-07,CUST051,Lattice Digital 051,42782.73,30127.81,0.7042049443782573,0.7032023141552237,
2024-08,CUST051,Lattice Digital 051,42055.40,29673.68,0.7055854896160778,0.7038786263640396,
2024-09,CUST051,Lattice Digital 051,41214.05,28868.46,0.7004519089970531,0.7034141143304629,
2024-10,CUST051,Lattice Digital 051,41032.88,28940.05,0.7052892704582276,0.7037755563571194,
2024-11,CUST051,Lattice Digital 051,41418.27,29083.81,0.7021976050665565,0.702646261507279,
2024-12,CUST051,Lattice Digital 051,44154.17,31115.14,0.704693124114891,0.7040599998798918,
2025-01,CUST051,Lattice Digital 051,52637.00,33649.09,0.6392668655128521,0.6820525315647665,-0.06345136933638473
2025-02,CUST051,Lattice Digital 051,52408.27,33571.21,0.6405708488374068,0.6615102794883834,-0.06465416446407157
2025-03,CUST051,Lattice Digital 051,53026.40,33973.47,0.6406897319071255,0.640175815419128,-0.0636044138952202
2025-04,CUST051,Lattice Digital 051,55287.85,35420.29,0.6406523313892655,0.6406376373779326,-0.063773990700153
2025-05,CUST051,Lattice Digital 051,52670.07,33785.57,0.641456713461744,0.640932925586045,-0.06209983952788645
2025-06,CUST051,Lattice Digital 051,54523.49,34824.92,0.6387140661758812,0.640274370342297,-0.06313137892190213
2025-07,CUST051,Lattice Digital 051,52617.44,33772.84,0.6418563883001529,0.640675722645926,-0.06234855607810441
2025-08,CUST051,Lattice Digital 051,49911.09,32032.38,0.6417888288955421,0.6407864277905254,-0.06379666072053569
2025-09,CUST051,Lattice Digital 051,46140.36,29580.25,0.6410927439664537,0.641579320387383,-0.05935916503059946
2025-10,CUST051,Lattice Digital 051,44460.14,28466.66,0.6402737373296621,0.6410517700638859,-0.06501553312856556
2025-11,CUST051,Lattice Digital 051,44981.41,28902.83,0.6425505558851979,0.6413056790604378,-0.05964704918135855
2025-12,CUST051,Lattice Digital 051,44954.78,28888.55,0.6426135329769159,0.641812608730592,-0.06207959113797512
2024-01,CUST052,Mosaic Digital 052,43855.95,30924.09,0.7051287225564604,0.7051287225564604,
2024-02,CUST052,Mosaic Digital 052,45167.32,31807.38,0.7042122490331505,0.7046704857948054,
2024-03,CUST052,Mosaic Digital 052,46823.45,33067.09,0.706207893694292,0.7051829550946342,
2024-04,CUST052,Mosaic Digital 052,47927.85,33632.87,0.7017395939938889,0.704053245573777,
2024-05,CUST052,Mosaic Digital 052,46667.52,32837.58,0.7036495618365837,0.7038656831749215,
2024-06,CUST052,Mosaic Digital 052,46663.99,32769.53,0.7022444930234213,0.7025445496179646,
2024-07,CUST052,Mosaic Digital 052,43866.35,30759.24,0.7012035421228345,0.7023658656609465,
2024-08,CUST052,Mosaic Digital 052,41624.69,29252.03,0.7027567052151018,0.7020682467871192,
2024-09,CUST052,Mosaic Digital 052,43267.35,30426.46,0.7032198644012171,0.7023933705797178,
2024-10,CUST052,Mosaic Digital 052,40732.49,28612.88,0.7024584060537424,0.702811658556687,
2024-11,CUST052,Mosaic Digital 052,41060.52,28911.38,0.7041162654540177,0.7032648453029924,
2024-12,CUST052,Mosaic Digital 052,43727.00,30869.34,0.705956045463901,0.7041769056572204,
2025-01,CUST052,Mosaic Digital 052,50265.27,32207.47,0.640749965134973,0.683607425350964,-0.06437875742148746
2025-02,CUST052,Mosaic Digital 052,51582.28,33106.65,0.6418221528788569,0.6628427211592437,-0.062390096154293584
2025-03,CUST052,Mosaic Digital 052,54876.78,34992.88,0.6376627783189902,0.6400782987776067,-0.06854511537530183
2025-04,CUST052,Mosaic Digital 052,52695.06,33651.36,0.6386055922509625,0.6393635078162698,-0.06313400174292638
2025-05,CUST052,Mosaic Digital 052,54855.22,35007.01,0.6381709890143545,0.638146453194769,-0.06547857282222913
2025-06,CUST052,Mosaic Digital 052,51077.24,32761.26,0.6414062310336267,0.6393942707663146,-0.060838261989794584
2025-07,CUST052,Mosaic Digital 052,53126.24,33992.61,0.6398459593601957,0.6398077264693923,-0.06135758276263881
2025-08,CUST052,Mosaic Digital 052,50618.73,32398.90,0.6400575439170442,0.6404365781036222,-0.06269916129805764
2025-09,CUST052,Mosaic Digital 052,47604.00,30480.46,0.6402919922695571,0.6400651651822656,-0.06292787213165996
2025-10,CUST052,Mosaic Digital 052,45188.13,29025.38,0.6423231056474344,0.6408908806113452,-0.06013530040630799
2025-11,CUST052,Mosaic Digital 052,44844.40,28666.38,0.6392410200604758,0.6406187059924892,-0.06487524539354195
2025-12,CUST052,Mosaic Digital 052,43298.40,27921.45,0.6448610110304307,0.6421417122461136,-0.06109503443347031
2024-01,CUST053,Nova Digital 053,42614.25,30026.47,0.7046110162680325,0.7046110162680325,
2024-02,CUST053,Nova Digital 053,46392.61,32538.89,0.701380888033676,0.7029959521508542,
2024-03,CUST053,Nova Digital 053,46311.57,32550.81,0.7028656122001479,0.7029525055006188,
2024-04,CUST053,Nova Digital 053,45322.75,31938.94,0.7046999575268491,0.702982152586891,
2024-05,CUST053,Nova Digital 053,44617.67,31393.23,0.7036053204929796,0.7037236300733256,
2024-06,CUST053,Nova Digital 053,46556.80,32633.34,0.7009360608976561,0.7030804463058283,
2024-07,CUST053,Nova Digital 053,44851.77,31588.90,0.7042955049488572,0.702945628779831,
2024-08,CUST053,Nova Digital 053,43750.80,30804.10,0.7040808396646461,0.7031041351703865,
2024-09,CUST053,Nova Digital 053,42911.61,30296.18,0.7060135939900647,0.7047966462011893,
2024-10,CUST053,Nova Digital 053,40305.97,28360.00,0.703617851152075,0.704570761602262,
2024-11,CUST053,Nova Digital 053,40747.72,28660.40,0.703362053140642,0.7043311660942605,
2024-12,CUST053,Nova Digital 053,43274.55,30445.33,0.7035389160603635,0.7035062734510268,
2025-01,CUST053,Nova Digital 053,51733.67,33184.00,0.641439124655181,0.6827800312853954,-0.06317189161285142
2025-02,CUST053,Nova Digital 053,54161.31,34673.16,0.6401831861156978,0.6617204089437475,-0.06119770191797824
2025-03,CUST053,Nova Digital 053,52443.06,33526.56,0.6392945034099841,0.6403056047269543,-0.06357110879016381
2025-04,CUST053,Nova Digital 053,53585.99,34344.87,0.6409300266730167,0.6401359053995662,-0.06376993085383242
2025-05,CUST053,Nova Digital 053,53802.85,34552.52,0.6422061284857586,0.6408102195229198,-0.06139919200722099
2025-06,CUST053,Nova Digital 053,52746.98,33877.54,0.6422650168786914,0.6418003906791556,-0.058671044018964724
2025-07,CUST053,Nova Digital 053,52179.56,33632.15,0.6445464469228948,0.6430058640957816,-0.05974905802596242
2025-08,CUST053,Nova Digital 053,50682.07,32600.38,0.6432330013355808,0.6433481550457224,-0.06084783832906526
2025-09,CUST053,Nova Digital 053,48249.69,30917.58,0.6407829770512515,0.6428541417699091,-0.06523061693881316
2025-10,CUST053,Nova Digital 053,45508.47,29164.61,0.6408611407942302,0.6416257063936875,-0.0627567103578448
2025-11,CUST053,Nova Digital 053,43904.04,28236.82,0.6431485576270429,0.6415975584908415,-0.06021349551359911
2025-12,CUST053,Nova Digital 053,44024.61,28170.23,0.6398746064985016,0.6412947683065915,-0.06366430956186186
2024-01,CUST054,Orchid Digital 054,44450.65,31440.85,0.7073203653939818,0.7073203653939818,
2024-02,CUST054,Orchid Digital 054,44931.20,31568.63,0.7025993073855139,0.7049598363897478,
2024-03,CUST054,Orchid Digital 054,46024.41,32314.72,0.702121330832921,0.7040136678708055,
2024-04,CUST054,Orchid Digital 054,45871.55,32198.42,0.7019257034043976,0.7022154472076109,
2024-05,CUST054,Orchid Digital 054,45738.06,32136.36,0.7026174700020071,0.7022215014131086,
2024-06,CUST054,Orchid Digital 054,44760.61,31437.54,0.7023483370758352,0.7022971701607466,
2024-07,CUST054,Orchid Digital 054,44488.00,31256.78,0.7025890127674879,0.7025182732817767,
2024-08,CUST054,Orchid Digital 054,42196.39,29636.47,0.702346101171214,0.7024278170048457,
2024-09,CUST054,Orchid Digital 054,41557.41,29335.55,0.7059041937406589,0.7036131025597868,
2024-10,CUST054,Orchid Digital 054,41406.16,29035.89,0.7012456600660384,0.7031653183259704,
2024-11,CUST054,Orchid Digital 054,42834.42,30070.89,0.7020263143518694,0.7030587227195223,
2024-12,CUST054,Orchid Digital 054,42700.45,30061.64,0.7040122527982726,0.7024280757387268,
2025-01,CUST054,Orchid Digital 054,53261.38,34104.65,0.6403260674056888,0.6821215448519435,-0.06699429798829304
2025-02,CUST054,Orchid Digital 054,51547.32,33127.18,0.6426557190558112,0.6623313464199242,-0.0599435883297027
2025-03,CUST054,Orchid Digital 054,55392.16,35499.73,0.6408800451182983,0.6412872771932661,-0.06124128571462273
2025-04,CUST054,Orchid Digital 054,55530.01,35724.69,0.643340240709483,0.6422920016278642,-0.0585854626949146
2025-05,CUST054,Orchid Digital 054,55275.44,35465.26,0.6416097275752124,0.6419433378009979,-0.06100774242679474
2025-06,CUST054,Orchid Digital 054,52486.16,33649.43,0.6411105327575879,0.6420201670140945,-0.061237804318247324
2025-07,CUST054,Orchid Digital 054,51627.46,33177.05,0.6426240996554935,0.6417814533294313,-0.05996491311199437
2025-08,CUST054,Orchid Digital 054,50438.19,32342.37,0.6412278077385409,0.6416541467172074,-0.061118293432673054
2025-09,CUST054,Orchid Digital 054,49140.91,31553.71,0.6421067497529044,0.6419862190489796,-0.06379744398775455
2025-10,CUST054,Orchid Digital 054,44530.61,28515.25,0.6403516592294604,0.6412287389069685,-0.06089400083657803
2025-11,CUST054,Orchid Digital 054,45507.33,29233.71,0.6423956316487914,0.6416180135437187,-0.05963068270307792
2025-12,CUST054,Orchid Digital 054,45088.18,29016.86,0.6435580234110138,0.6421017714297551,-0.06045422938725886
2024-01,CUST055,Pioneer Digital 055,44606.53,31379.60,0.7034754776935126,0.7034754776935126,
2024-02,CUST055,Pioneer Digital 055,45093.22,31693.12,0.7028355925791061,0.7031555351363094,
2024-03,CUST055,Pioneer Digital 055,45327.02,31840.68,0.7024657698653034,0.7029256133793074,
2024-04,CUST055,Pioneer Digital 055,47911.49,33730.49,0.7040167191627729,0.7031060272023941,
2024-05,CUST055,Pioneer Digital 055,45070.75,31764.98,0.7047803730801019,0.7037542873693927,
2024-06,CUST055,Pioneer Digital 055,46478.89,32694.62,0.7034294493693803,0.7040755138707517,
2024-07,CUST055,Pioneer Digital 055,44636.01,31526.74,0.7063073065894555,0.7048390430129792,
2024-08,CUST055,Pioneer Digital 055,44013.11,30983.78,0.7039670679940591,0.7045679413176317,
2024-09,CUST055,Pioneer Digital 055,40957.63,28761.43,0.7022239812215697,0.7041661186016949,
2024-10,CUST055,Pioneer Digital 055,42701.61,30061.04,0.7039790771354991,0.7033900421170426,
2024-11,CUST055,Pioneer Digital 055,43217.49,30352.32,0.7023156597016624,0.7028395726862438,
2024-12,CUST055,Pioneer Digital 055,42342.01,29797.07,0.7037235596515139,0.7033394321628919,
2025-01,CUST055,Pioneer Digital 055,50030.14,32017.35,0.6399612313697303,0.6820001502409688,-0.06351424632378233
2025-02,CUST055,Pioneer Digital 055,52208.13,33345.56,0.6387043550496828,0.6607963820236423,-0.06413123752942329
2025-03,CUST055,Pioneer Digital 055,55208.52,35332.02,0.6399740474839752,0.6395465446344628,-0.06249172238132816
2025-04,CUST055,Pioneer Digital 055,53936.88,34809.42,0.6453732585199589,0.6413505536845391,-0.058643460642814005
2025-05,CUST055,Pioneer Digital 055,55619.81,35901.56,0.6454815289732201,0.6436096116590514,-0.0592988441068818
2025-06,CUST055,Pioneer Digital 055,52165.75,33626.12,0.6446014866075922,0.6451520913669238,-0.058827962761788144
2025-07,CUST055,Pioneer Digital 055,52922.81,33926.02,0.6410472157468584,0.6437100771092236,-0.0652600908425971
2025-08,CUST055,Pioneer Digital 055,48501.61,31095.83,0.6411298511533947,0.6422595178359485,-0.06283721684066434
2025-09,CUST055,Pioneer Digital 055,47879.33,30631.44,0.6397633383758711,0.6406468017587081,-0.06246064284569863
2025-10,CUST055,Pioneer Digital 055,46354.80,29804.07,0.6429554220922105,0.6412828705404922,-0.06102365504328866
2025-11,CUST055,Pioneer Digital 055,44929.82,28802.67,0.641059100615137,0.6412592870277395,-0.061256559086525386
2025-12,CUST055,Pioneer Digital 055,43259.22,27824.39,0.6432013799601565,0.642405300889168,-0.060522179691357425
2024-01,CUST056,Quartz Digital 056,42677.01,30113.13,0.7056054301836047,0.7056054301836047,
2024-02,CUST056,Quartz Digital 056,45062.99,31678.20,0.7029759898311231,0.7042907100073639,
2024-03,CUST056,Quartz Digital 056,46273.62,32608.99,0.7046993513799007,0.7044269237982096,
2024-04,CUST056,Quartz Digital 056,46158.94,32463.92,0.7033073116497042,0.7036608842869093,
2024-05,CUST056,Quartz Digital 056,46765.33,32939.95,0.7043668888896966,0.7041245173064338,
2024-06,CUST056,Quartz Digital 056,46515.02,32758.21,0.7042501540362661,0.7039747848585556,
2024-07,CUST056,Quartz Digital 056,44607.52,31490.74,0.7059513732213762,0.7048561387157797,
2024-08,CUST056,Quartz Digital 056,43555.40,30607.70,0.702730315873577,0.7043106143770731,
2024-09,CUST056,Quartz Digital 056,40993.33,28749.61,0.7013240934561793,0.7033352608503775,
2024-10,CUST056,Quartz Digital 056,42627.75,29929.03,0.7021020344728492,0.7020521479342019,
2024-11,CUST056,Quartz Digital 056,42308.74,29780.15,0.7038770239907878,0.7024343839732721,
2024-12,CUST056,Quartz Digital 056,41936.83,29455.34,0.7023740230246301,0.702784360496089,
2025-01,CUST056,Quartz Digital 056,51548.61,32947.22,0.639148562880745,0.6817998699653876,-0.06645686730285971
2025-02,CUST056,Quartz Digital 056,54567.87,34897.22,0.6395195561050853,0.6603473806701535,-0.06345643372603782
2025-03,CUST056,Quartz Digital 056,55745.92,35799.15,0.6421842172485449,0.640284112078125,-0.06251513413135579
2025-04,CUST056,Quartz Digital 056,54649.93,34926.47,0.6390945057020201,0.6402660930185501,-0.06421280594768408
2025-05,CUST056,Quartz Digital 056,53185.87,34020.73,0.6396572999557966,0.6403120076354539,-0.0647095889339
2025-06,CUST056,Quartz Digital 056,51389.32,32914.71,0.6404970916135881,0.6397496324238016,-0.06375306242267798
2025-07,CUST056,Quartz Digital 056,52405.76,33527.26,0.6397628810268184,0.6399724241987345,-0.0661884921945578
2025-08,CUST056,Quartz Digital 056,51358.40,33025.60,0.6430418393096358,0.6411006039833475,-0.05968847656394127
2025-09,CUST056,Quartz Digital 056,47072.93,30043.85,0.6382404919345365,0.6403484040903301,-0.06308360152164283
2025-10,CUST056,Quartz Digital 056,44143.31,28387.57,0.643077512764675,0.6414532813362824,-0.05902452170817429
2025-11,CUST056,Quartz Digital 056,45849.88,29414.02,0.6415288327908383,0.6409489458300165,-0.0623481911999495
2025-12,CUST056,Quartz Digital 056,45036.42,28919.61,0.6421382960723788,0.642248213875964,-0.06023572695225132
2024-01,CUST057,Rivet Digital 057,43317.12,30492.28,0.7039313786327438,0.7039313786327438,
2024-02,CUST057,Rivet Digital 057,44627.04,31424.90,0.7041672492730865,0.7040493139529151,
2024-03,CUST057,Rivet Digital 057,45639.08,32217.01,0.7059084013087029,0.7046690097381777,
2024-04,CUST057,Rivet Digital 057,46108.26,32478.27,0.7043915775611571,0.7048224093809822,
2024-05,CUST057,Rivet Digital 057,46785.95,32886.41,0.7029120921986196,0.7044040236894933,
2024-06,CUST057,Rivet Digital 057,44670.61,31525.18,0.7057253079821386,0.7043429925806385,
2024-07,CUST057,Rivet Digital 057,43940.59,30922.38,0.7037315611829519,0.7041229871212367,
2024-08,CUST057,Rivet Digital 057,43768.08,30831.76,0.7044348301319134,0.7046305664323347,
2024-09,CUST057,Rivet Digital 057,42723.58,30089.88,0.7042921028621665,0.704152831392344,
2024-10,CUST057,Rivet Digital 057,42980.88,30292.70,0.704794783168702,0.7045072387209274,
2024-11,CUST057,Rivet Digital 057,41871.77,29358.14,0.701143992718722,0.7034102929165301,
2024-12,CUST057,Rivet Digital 057,43079.53,30202.39,0.7010844825837237,0.7023410861570492,
2025-01,CUST057,Rivet Digital 057,51298.60,32907.71,0.641493335100763,0.6812406034677362,-0.06243804353198079
2025-02,CUST057,Rivet Digital 057,53614.32,34419.54,0.6419840818646959,0.6615206331830609,-0.06218316740839058
2025-03,CUST057,Rivet Digital 057,54645.74,35056.85,0.6415294220555893,0.6416689463403494,-0.06437897925311364
2025-04,CUST057,Rivet Digital 057,55355.32,35681.72,0.6445942323158822,0.6427025787453892,-0.05979734524527491
2025-05,CUST057,Rivet Digital 057,52441.94,33739.44,0.6433675031854276,0.6431637191856331,-0.05954458901319204
2025-06,CUST057,Rivet Digital 057,52529.80,33669.98,0.6409691260960445,0.6429769538657847,-0.06475618188609411
2025-07,CUST057,Rivet Digital 057,51017.61,32749.17,0.6419189374022028,0.6420851888945583,-0.06181262378074903
2025-08,CUST057,Rivet Digital 057,49460.35,31763.50,0.6422012783977469,0.6416964472986647,-0.06223355173416656
2025-09,CUST057,Rivet Digital 057,46699.82,29935.14,0.6410118925511918,0.6417107027837138,-0.06328021031097464
2025-10,CUST057,Rivet Digital 057,44429.04,28646.70,0.644774228747684,0.6426624665655409,-0.06002055442101806
2025-11,CUST057,Rivet Digital 057,43463.33,27948.34,0.6430326438402212,0.642939588379699,-0.05811134887850078
2025-12,CUST057,Rivet Digital 057,42751.41,27365.54,0.6401084782934644,0.64263845029379,-0.06097600429025929
2024-01,CUST058,Summit Digital 058,44541.25,31320.07,0.7031699828810373,0.7031699828810373,
2024-02,CUST058,Summit Digital 058,45773.34,32306.18,0.7057859443947067,0.704477963637872,
2024-03,CUST058,Summit Digital 058,45277.43,31813.12,0.7026264520755705,0.7038607931171047,
2024-04,CUST058,Summit Digital 058,45640.09,32065.04,0.7025630317556342,0.7036584760753039,
2024-05,CUST058,Summit Digital 058,46073.09,32481.06,0.7049898324596854,0.7033931054302967,
2024-06,CUST058,Summit Digital 058,46667.16,32905.24,0.7051048317489215,0.7042192319880805,
2024-07,CUST058,Summit Digital 058,43825.47,30882.17,0.7046626082960433,0.7049190908348834,
2024-08,CUST058,Summit Digital 058,43895.07,31006.47,0.7063770487209612,0.7053814962553088,
2024-09,CUST058,Summit Digital 058,41492.23,29273.70,0.7055224556501302,0.7055207042223782,
2024-10,CUST058,Summit Digital 058,42543.23,29843.19,0.7014791777681195,0.7044595607130703,
2024-11,CUST058,Summit Digital 058,40759.73,28692.34,0.7039384215744314,0.7036466849975603,
2024-12,CUST058,Summit Digital 058,41388.92,29154.90,0.7044131617833952,0.7032769203753154,
2025-01,CUST058,Summit Digital 058,49900.01,32011.62,0.6415153023015426,0.6832889618864564,-0.061654680579494636
2025-02,CUST058,Summit Digital 058,54621.51,35085.22,0.6423333957629512,0.6627539532826296,-0.06345254863175542
2025-03,CUST058,Summit Digital 058,52515.72,33844.14,0.6444573167805754,0.642768671615023,-0.05816913529499512
2025-04,CUST058,Summit Digital 058,53695.00,34378.06,0.6402469503678182,0.642345887637115,-0.06231608138781597
2025-05,CUST058,Summit Digital 058,54877.08,35173.94,0.6409586661680979,0.6418876444388305,-0.06403116629158745
2025-06,CUST058,Summit Digital 058,54008.41,34705.64,0.6425969585107207,0.6412675250155456,-0.06250787323820073
2025-07,CUST058,Summit Digital 058,50519.49,32446.02,0.6422475761334883,0.641934400270769,-0.06241503216255506
2025-08,CUST058,Summit Digital 058,48594.69,31176.27,0.6415571330941714,0.6421338892461268,-0.06481991562678979
2025-09,CUST058,Summit Digital 058,47047.52,30338.30,0.6448437664727068,0.6428828252334555,-0.06067868917742336
2025-10,CUST058,Summit Digital 058,44464.26,28588.88,0.642963134886311,0.6431213448177298,-0.05851604288180856
2025-11,CUST058,Summit Digital 058,45520.48,29065.39,0.6385123794828174,0.6421064269472784,-0.06542604209161407
2025-12,CUST058,Summit Digital 058,43069.26,27613.40,0.6411394112645539,0.640871641877894,-0.06327375051884132
2024-01,CUST059,Tandem Digital 059,44391.71,31238.26,0.7036958026622538,0.7036958026622538,
2024-02,CUST059,Tandem Digital 059,46723.75,32976.43,0.7057744722972792,0.7047351374797666,
2024-03,CUST059,Tandem Digital 059,45299.55,31844.65,0.7029793894199832,0.7041498881265055,
2024-04,CUST059,Tandem Digital 059,46707.35,32870.99,0.703764825022186,0.704172895579816,
2024-05,CUST059,Tandem Digital 059,45572.80,32028.14,0.7027906997156198,0.703178304719263,
2024-06,CUST059,Tandem Digital 059,43960.65,30905.36,0.7030232719488907,0.7031929322288987,
2024-07,CUST059,Tandem Digital 059,42775.53,30173.62,0.705394415919569,0.7037361291946932,
2024-08,CUST059,Tandem Digital 059,42267.31,29794.73,0.7049119047320495,0.7044431975335029,
2024-09,CUST059,Tandem Digital 059,43209.77,30377.73,0.7030291991834254,0.7044451732783479,
2024-10,CUST059,Tandem Digital 059,42162.97,29676.96,0.7038631291865824,0.7039347443673525,
2024-11,CUST059,Tandem Digital 059,42712.92,30101.04,0.7047291545508947,0.7038738276403009,
2024-12,CUST059,Tandem Digital 059,41553.46,29288.27,0.7048334843837313,0.7044752560404027,
2025-01,CUST059,Tandem Digital 059,50270.27,32197.27,0.6404833314004481,0.683348656778358,-0.06321247126180574
2025-02,CUST059,Tandem Digital 059,51326.81,32967.22,0.6423001936025248,0.6625390031289013,-0.06347427869475442
2025-03,CUST059,Tandem Digital 059,52278.74,33519.27,0.6411644580569462,0.6413159943533063,-0.06181493136303695
2025-04,CUST059,Tandem Digital 059,54811.04,35134.36,0.64100881866135,0.6414911567736069,-0.062756006360836
2025-05,CUST059,Tandem Digital 059,52925.61,34014.15,0.64267846889247,0.641617248536922,-0.06011223082314976
2025-06,CUST059,Tandem Digital 059,51842.12,33161.83,0.63966963542386,0.6411189743258933,-0.06335363652503068
2025-07,CUST059,Tandem Digital 059,51474.87,32923.85,0.6396101631728258,0.6406527558297186,-0.06578425274674315
2025-08,CUST059,Tandem Digital 059,48742.08,31371.96,0.6436319500521931,0.6409705828829596,-0.06127995467985636
2025-09,CUST059,Tandem Digital 059,47761.85,30624.68,0.6411954310815012,0.6414791814355066,-0.0618337681019242
2025-10,CUST059,Tandem Digital 059,44646.19,28549.86,0.6394691237930941,0.6414321683089295,-0.06439400539348838
2025-11,CUST059,Tandem Digital 059,44721.21,28628.48,0.6401544144266221,0.6402729897670726,-0.06457474012427256
2025-12,CUST059,Tandem Digital 059,42544.06,27273.06,0.6410544738795498,0.6402260040330887,-0.06377901050418144
2024-01,CUST060,Vertex Digital 060,44372.51,31215.30,0.7034828545872207,0.7034828545872207,
2024-02,CUST060,Vertex Digital 060,43891.48,30918.25,0.7044248678786862,0.7039538612329534,
2024-03,CUST060,Vertex Digital 060,45154.18,31740.05,0.7029260635449476,0.7036112620036182,
2024-04,CUST060,Vertex Digital 060,48014.33,33696.60,0.7018029825679125,0.7030513046638488,
2024-05,CUST060,Vertex Digital 060,46146.20,32345.63,0.7009381054127968,0.7018890505085523,
2024-06,CUST060,Vertex Digital 060,46046.71,32486.90,0.7055205464190601,0.7027538781332564,
2024-07,CUST060,Vertex Digital 060,44699.69,31426.41,0.7030565536360542,0.7031717351559704,
2024-08,CUST060,Vertex Digital 060,41565.00,29247.99,0.7036687116564417,0.7040819372371855,
2024-09,CUST060,Vertex Digital 060,42360.15,29819.11,0.7039425025643204,0.7035559226189388,
2024-10,CUST060,Vertex Digital 060,41726.66,29417.71,0.7050099384901642,0.7042070509036421,
2024-11,CUST060,Vertex Digital 060,42915.76,30138.24,0.7022650886294453,0.70373917656131,
2024-12,CUST060,Vertex Digital 060,41382.26,29134.14,0.7040248647608902,0.7037666306268333,
2025-01,CUST060,Vertex Digital 060,49977.76,32140.60,0.6430980500126455,0.6831293344676603,-0.06038480457457518
2025-02,CUST060,Vertex Digital 060,54199.76,34895.33,0.6438281276522257,0.6636503474752539,-0.060596740226460444
2025-03,CUST060,Vertex Digital 060,54090.56,34683.70,0.6412153987682878,0.642713858811053,-0.06171066477665976
2025-04,CUST060,Vertex Digital 060,54716.79,35047.19,0.6405198477469165,0.64185445805581,-0.06128313482099601
2025-05,CUST060,Vertex Digital 060,53641.18,34498.24,0.6431297745500751,0.6416216736884265,-0.057808330862721635
2025-06,CUST060,Vertex Digital 060,51445.21,32903.61,0.6395854929934196,0.6410783717634705,-0.06593505342564054
2025-07,CUST060,Vertex Digital 060,52225.93,33543.19,0.6422708030283042,0.641662023523933,-0.060785750607750044
2025-08,CUST060,Vertex Digital 060,49898.48,31936.80,0.6400355281363279,0.6406306080526839,-0.06363318352011382
2025-09,CUST060,Vertex Digital 060,48183.11,30958.84,0.6425247353273792,0.641610355497337,-0.061417767236941256
2025-10,CUST060,Vertex Digital 060,44889.40,28827.52,0.6421899156593761,0.6415833930410276,-0.06282002283078814
2025-11,CUST060,Vertex Digital 060,44016.80,28281.15,0.6425080878210138,0.6424075796025898,-0.05975700080843149
2025-12,CUST060,Vertex Digital 060,45476.35,29127.83,0.6405050097468246,0.6417343377424048,-0.06351985501406565
2024-01,CUST061,Alto Dynamics 061,43241.48,30415.85,0.703395212189777,0.703395212189777,
2024-02,CUST061,Alto Dynamics 061,44866.39,31716.06,0.7069001985673463,0.7051477053785616,
2024-03,CUST061,Alto Dynamics 061,45703.86,32235.03,0.705302134217985,0.7051991816583695,
2024-04,CUST061,Alto Dynamics 061,46406.15,32774.35,0.7062501414144461,0.7061508247332592,
2024-05,CUST061,Alto Dynamics 061,44527.71,31257.00,0.7019673816596452,0.704506552430692,
2024-06,CUST061,Alto Dynamics 061,45281.46,31888.01,0.7042177968643237,0.7041451066461383,
2024-07,CUST061,Alto Dynamics 061,44791.49,31573.10,0.7048905941731343,0.7036919242323677,
2024-08,CUST061,Alto Dynamics 061,44029.69,30967.32,0.70332814062511,0.7041455105541893,
2024-09,CUST061,Alto Dynamics 061,41146.01,28965.31,0.703964005258347,0.7040609133521971,
2024-10,CUST061,Alto Dynamics 061,42850.77,30109.95,0.702669987027071,0.7033207109701759,
2024-11,CUST061,Alto Dynamics 061,41110.85,28911.30,0.703252304440312,0.70329543224191,
2024-12,CUST061,Alto Dynamics 061,43689.14,30712.68,0.7029820225346619,0.7029681046673483,
2025-01,CUST061,Alto Dynamics 061,50389.11,32354.57,0.6420944922424706,0.6827762730724815,-0.06130071994730635
2025-02,CUST061,Alto Dynamics 061,54048.42,34697.73,0.6419749180457079,0.6623504776076136,-0.06492528052163837
2025-03,CUST061,Alto Dynamics 061,52830.26,33889.54,0.6414797125738166,0.6418497076206652,-0.0638224216441684
2025-04,CUST061,Alto Dynamics 061,52957.76,33848.08,0.6391524112802355,0.6408690139665866,-0.06709773013421061
2025-05,CUST061,Alto Dynamics 061,52876.11,34027.07,0.64352445745347,0.6413855271025074,-0.05844292420617525
2025-06,CUST061,Alto Dynamics 061,51861.99,33189.92,0.6399661871825589,0.6408810186387548,-0.0642516096817648
2025-07,CUST061,Alto Dynamics 061,52146.39,33505.22,0.6425223299254272,0.6420043248538188,-0.06236826424770703
2025-08,CUST061,Alto Dynamics 061,49203.78,31496.91,0.6401319166942052,0.6408734779340638,-0.06319622393090474
2025-09,CUST061,Alto Dynamics 061,47381.91,30323.90,0.6399889746951949,0.6408810737716091,-0.06397503056315212
2025-10,CUST061,Alto Dynamics 061,45338.11,29030.40,0.6403090027352265,0.6401432980415422,-0.062360984291844446
2025-11,CUST061,Alto Dynamics 061,45732.76,29449.06,0.6439379560735018,0.6414119778346411,-0.059314348366810155
2025-12,CUST061,Alto Dynamics 061,42761.14,27447.35,0.641876011724664,0.6420409901777975,-0.06110601080999789
2024-01,CUST062,Beacon Dynamics 062,43996.86,30981.44,0.7041738887729715,0.7041738887729715,
2024-02,CUST062,Beacon Dynamics 062,44255.64,31239.48,0.7058869784732522,0.7050304336231119,
2024-03,CUST062,Beacon Dynamics 062,46974.11,33196.54,0.7066986474038571,0.7055865048833603,
2024-04,CUST062,Beacon Dynamics 062,46280.85,32691.85,0.7063796365019225,0.7063217541263439,
2024-05,CUST062,Beacon Dynamics 062,45537.01,31959.57,0.7018372528191903,0.70497184557499,
2024-06,CUST062,Beacon Dynamics 062,46006.32,32377.02,0.7037515715232169,0.7039894869481098,
2024-07,CUST062,Beacon Dynamics 062,45255.27,31972.06,0.7064825820285683,0.7040238021236584,
2024-08,CUST062,Beacon Dynamics 062,44286.71,31219.19,0.7049336019767556,0.7050559185095135,
2024-09,CUST062,Beacon Dynamics 062,40985.51,28766.68,0.7018743941456382,0.7044301927169873,
2024-10,CUST062,Beacon Dynamics 062,41909.43,29535.26,0.7047401980890696,0.7038493980704877,
2024-11,CUST062,Beacon Dynamics 062,43201.01,30427.49,0.7043235794718689,0.7036460572355255,
2024-12,CUST062,Beacon Dynamics 062,42844.15,30197.64,0.7048252795305776,0.704629685697172,
2025-01,CUST062,Beacon Dynamics 062,50979.99,32718.56,0.6417922012146334,0.68364702007236,-0.06238168755833806
2025-02,CUST062,Beacon Dynamics 062,53994.58,34701.78,0.6426900625951716,0.6631025144467942,-0.06319691587808063
2025-03,CUST062,Beacon Dynamics 062,53626.58,34481.67,0.6429958800281501,0.6424927146126517,-0.06370276737570701
2025-04,CUST062,Beacon Dynamics 062,53954.00,34604.43,0.6413691292582571,0.6423516906271929,-0.06501050724366542
2025-05,CUST062,Beacon Dynamics 062,54943.72,35107.84,0.6389782126146536,0.6411144073003535,-0.0628590402045367
2025-06,CUST062,Beacon Dynamics 062,51816.04,33308.24,0.6428171662674338,0.6410548360467815,-0.060934405255783086
2025-07,CUST062,Beacon Dynamics 062,52671.34,33608.95,0.6380880000394902,0.6399611263071925,-0.06839458198907811
2025-08,CUST062,Beacon Dynamics 062,48885.00,31490.60,0.6441771504551498,0.6416941055873578,-0.0607564515216058
2025-09,CUST062,Beacon Dynamics 062,47365.59,30360.26,0.6409771312887689,0.6410807605944696,-0.06089726285686936
2025-10,CUST062,Beacon Dynamics 062,44393.65,28494.61,0.6418622933685335,0.6423388583708175,-0.06287790472053612
2025-11,CUST062,Beacon Dynamics 062,45332.86,29132.19,0.6426285480333691,0.6418226575635572,-0.06169503143849975
2025-12,CUST062,Beacon Dynamics 062,45022.72,28857.50,0.6409541671405015,0.6418150028474681,-0.06387111239007615
2024-01,CUST063,Cedar Dynamics 063,42669.49,30010.26,0.7033189288177571,0.7033189288177571,
2024-02,CUST063,Cedar Dynamics 063,44631.01,31419.90,0.703992582735636,0.7036557557766966,
2024-03,CUST063,Cedar Dynamics 063,45008.31,31642.63,0.7030397275525343,0.7034504130353092,
2024-04,CUST063,Cedar Dynamics 063,45583.48,32095.83,0.7041110068823179,0.7037144390568294,
2024-05,CUST063,Cedar Dynamics 063,46250.08,32487.83,0.7024383525390658,0.7031963623246393,
2024-06,CUST063,Cedar Dynamics 063,43779.39,30798.65,0.703496553972086,0.7033486377978232,
2024-07,CUST063,Cedar Dynamics 063,43060.49,30328.08,0.7043133972697478,0.7034161012602999,
2024-08,CUST063,Cedar Dynamics 063,41294.23,29168.23,0.7063512263093414,0.7047203925170584,
2024-09,CUST063,Cedar Dynamics 063,41218.26,29028.98,0.7042747558970223,0.7049797931587038,
2024-10,CUST063,Cedar Dynamics 063,42356.72,29858.83,0.7049372567092069,0.7051877463051902,
2024-11,CUST063,Cedar Dynamics 063,42805.58,30216.74,0.7059065663869056,0.7050395263310448,
2024-12,CUST063,Cedar Dynamics 063,42400.52,29855.33,0.7041265059956813,0.7049901096972646,
2025-01,CUST063,Cedar Dynamics 063,52654.79,33826.68,0.6424236047660621,0.6841522257162164,-0.060895324051695066
2025-02,CUST063,Cedar Dynamics 063,51245.61,33002.99,0.6440159459512727,0.6635220189043387,-0.05997663678436338
2025-03,CUST063,Cedar Dynamics 063,53030.67,34011.15,0.6413486761528754,0.6425960756234034,-0.061691051399658914
2025-04,CUST063,Cedar Dynamics 063,53264.49,34291.73,0.643800963831626,0.6430551953119247,-0.060310043050691875
2025-05,CUST063,Cedar Dynamics 063,52207.44,33633.56,0.6442292516162447,0.6431262972002487,-0.058209100922821166
2025-06,CUST063,Cedar Dynamics 063,51994.24,33417.66,0.6427185011262787,0.6435829055247164,-0.060778052845807284
2025-07,CUST063,Cedar Dynamics 063,52942.73,33952.61,0.6413082589432014,0.6427520038952417,-0.06300513832654642
2025-08,CUST063,Cedar Dynamics 063,50131.28,32071.26,0.639745484256536,0.6412574147753387,-0.06660574205280545
2025-09,CUST063,Cedar Dynamics 063,46272.16,29792.07,0.6438443764025712,0.6416327065341029,-0.06043037949445107
2025-10,CUST063,Cedar Dynamics 063,46573.41,29848.00,0.6408807085416335,0.6414901897335802,-0.06405654816757345
2025-11,CUST063,Cedar Dynamics 063,44666.98,28730.15,0.6432078013781097,0.6426442954407715,-0.0626987650087959
2025-12,CUST063,Cedar Dynamics 063,43392.46,27881.62,0.6425452716900586,0.6422112605366006,-0.06158123430562268
2024-01,CUST064,Delta Dynamics 064,43592.68,30727.60,0.7048798100965574,0.7048798100965574,
2024-02,CUST064,Delta Dynamics 064,44835.78,31608.60,0.7049860624706429,0.7049329362836001,
2024-03,CUST064,Delta Dynamics 064,46183.97,32482.40,0.7033262839898778,0.7043973855190261,
2024-04,CUST064,Delta Dynamics 064,46951.99,33045.04,0.7038048866512367,0.7040390777039192,
2024-05,CUST064,Delta Dynamics 064,46304.67,32648.12,0.7050718642417708,0.7040676782942952,
2024-06,CUST064,Delta Dynamics 064,44853.00,31435.79,0.7008625955900386,0.7032464488276821,
2024-07,CUST064,Delta Dynamics 064,43738.25,30683.37,0.7015225803501511,0.7024856800606535,
2024-08,CUST064,Delta Dynamics 064,43692.31,30686.19,0.7023247340321443,0.701569969990778,
2024-09,CUST064,Delta Dynamics 064,41999.65,29574.71,0.7041656299516781,0.7026709814446579,
2024-10,CUST064,Delta Dynamics 064,42295.31,29686.40,0.7018839677496158,0.7027914439111461,
2024-11,CUST064,Delta Dynamics 064,41370.31,29169.50,0.7050829447495076,0.7037108474836006,
2024-12,CUST064,Delta Dynamics 064,41592.12,29384.44,0.7064905563842381,0.7044858229611206,
2025-01,CUST064,Delta Dynamics 064,52672.58,33821.12,0.6421010704241182,0.684558190519288,-0.06277873967243919
2025-02,CUST064,Delta Dynamics 064,54064.27,34905.14,0.645623070467797,0.6647382324253844,-0.059362992002845894
2025-03,CUST064,Delta Dynamics 064,52659.07,33825.57,0.6423503111619707,0.6433581506846288,-0.06097597282790712
2025-04,CUST064,Delta Dynamics 064,53148.32,34236.72,0.6441731366109033,0.6440488394135571,-0.0596317500403335
2025-05,CUST064,Delta Dynamics 064,54405.55,34897.66,0.6414356623543003,0.642653036709058,-0.06363620188747054
2025-06,CUST064,Delta Dynamics 064,51401.73,32980.90,0.6416301552496385,0.6424129847382808,-0.059232440340400094
2025-07,CUST064,Delta Dynamics 064,50246.52,32287.50,0.6425818146211917,0.6418825440750435,-0.058940765728959454
2025-08,CUST064,Delta Dynamics 064,48724.88,31385.24,0.6441317043777225,0.6427812247495176,-0.05819302965442186
2025-09,CUST064,Delta Dynamics 064,48562.98,31227.31,0.6430270547647611,0.6432468579212252,-0.06113857518691701
2025-10,CUST064,Delta Dynamics 064,44419.24,28475.31,0.6410580190025764,0.6427389260483533,-0.06082594874703939
2025-11,CUST064,Delta Dynamics 064,44758.29,28731.76,0.6419315840707944,0.6420055526127106,-0.06315136067871319
2025-12,CUST064,Delta Dynamics 064,43739.11,28069.53,0.6417489976362116,0.6415795335698609,-0.06474155874802645
2024-01,CUST065,Ember Dynamics 065,44180.42,31105.73,0.7040614371705838,0.7040614371705838,
2024-02,CUST065,Ember Dynamics 065,44458.57,31233.52,0.7025309181109514,0.7032961776407676,
2024-03,CUST065,Ember Dynamics 065,46774.94,32888.23,0.7031164550932615,0.7032362701249322,
2024-04,CUST065,Ember Dynamics 065,47875.05,33806.73,0.7061450588563354,0.7039308106868495,
2024-05,CUST065,Ember Dynamics 065,47538.45,33612.58,0.7070609159532968,0.7054408099676314,
2024-06,CUST065,Ember Dynamics 065,45305.09,31940.70,0.7050134984832831,0.7060731577643051,
2024-07,CUST065,Ember Dynamics 065,45352.01,31891.69,0.7032034522835923,0.7050926222400573,
2024-08,CUST065,Ember Dynamics 065,43444.98,30519.42,0.7024843836963441,0.7035671114877399,
2024-09,CUST065,Ember Dynamics 065,41741.57,29468.74,0.705980632736143,0.7038894895720264,
2024-10,CUST065,Ember Dynamics 065,41794.67,29295.36,0.7009353106508558,0.7031334423611142,
2024-11,CUST065,Ember Dynamics 065,40913.39,28745.29,0.7025888101670382,0.7031682511846791,
2024-12,CUST065,Ember Dynamics 065,43130.11,30375.15,0.7042678537105517,0.7025973248428152,
2025-01,CUST065,Ember Dynamics 065,51511.78,33138.42,0.6433173149908623,0.6833913262894841,-0.06074412217972147
2025-02,CUST065,Ember Dynamics 065,52657.94,33830.10,0.6424501224316788,0.6633450970443643,-0.0600807956792726
2025-03,CUST065,Ember Dynamics 065,54831.07,34984.42,0.638040074724057,0.6412691707155327,-0.06507638036920449
2025-04,CUST065,Ember Dynamics 065,52881.06,34022.65,0.6433806357134294,0.641290277623055,-0.06276442314290598
2025-05,CUST065,Ember Dynamics 065,54695.08,35055.01,0.6409170623756287,0.6407792576043717,-0.06614385357766805
2025-06,CUST065,Ember Dynamics 065,52739.08,33916.94,0.6431082984382739,0.6424686655091106,-0.06190520004500921
2025-07,CUST065,Ember Dynamics 065,51913.93,33527.60,0.6458305121573342,0.6432852909904122,-0.05737294012625804
2025-08,CUST065,Ember Dynamics 065,49840.67,31824.36,0.6385219139309324,0.6424869081755135,-0.06396246976541176
2025-09,CUST065,Ember Dynamics 065,48269.02,31015.06,0.6425458813955619,0.6422994358279429,-0.06343475134058107
2025-10,CUST065,Ember Dynamics 065,46132.01,29614.54,0.641952084897233,0.6410066267412424,-0.0589832257536228
2025-11,CUST065,Ember Dynamics 065,45229.26,29077.43,0.6428898018671984,0.6424625893866645,-0.05969900829983987
2025-12,CUST065,Ember Dynamics 065,44334.59,28277.77,0.6378263563506509,0.640889414371694,-0.06644149735990079
2024-01,CUST066,Foundry Dynamics 066,44826.14,31493.56,0.7025713121852563,0.7025713121852563,
2024-02,CUST066,Foundry Dynamics 066,45931.59,32435.32,0.7061658435947896,0.7043685778900229,
2024-03,CUST066,Foundry Dynamics 066,46443.07,32665.04,0.7033350723800128,0.7040240760533529,
2024-04,CUST066,Foundry Dynamics 066,47182.49,33106.17,0.7016622056190761,0.7037210405312928,
2024-05,CUST066,Foundry Dynamics 066,44632.39,31324.80,0.7018400762316336,0.7022791180769076,
2024-06,CUST066,Foundry Dynamics 066,46377.45,32619.47,0.7033476398551451,0.7022833072352849,
2024-07,CUST066,Foundry Dynamics 066,43848.42,30838.44,0.7032964927812678,0.7028280696226822,
2024-08,CUST066,Foundry Dynamics 066,41504.53,29266.67,0.7051439927159758,0.7039293751174629,
2024-09,CUST066,Foundry Dynamics 066,41105.09,28981.62,0.7050615872632806,0.7045006909201748,
2024-10,CUST066,Foundry Dynamics 066,40711.55,28688.38,0.7046742263559113,0.7049599354450559,
2024-11,CUST066,Foundry Dynamics 066,43174.55,30310.48,0.7020450705334508,0.7039269613842142,
2024-12,CUST066,Foundry Dynamics 066,42387.14,29819.80,0.7035105458872667,0.7034099475922097,
2025-01,CUST066,Foundry Dynamics 066,52398.51,33599.45,0.641229111285798,0.6822615759021717,-0.0613422008994583
2025-02,CUST066,Foundry Dynamics 066,52053.20,33360.66,0.6408954684822452,0.6618783752184366,-0.06527037511254441
2025-03,CUST066,Foundry Dynamics 066,54373.26,34919.09,0.6422107116623134,0.6414450971434521,-0.061124360717699444
2025-04,CUST066,Foundry Dynamics 066,55218.00,35440.48,0.6418283892933464,0.6416448564793016,-0.059833816325729705
2025-05,CUST066,Foundry Dynamics 066,55737.81,35737.76,0.6411762500177169,0.6417384503244589,-0.06066382621391664
2025-06,CUST066,Foundry Dynamics 066,51262.08,32959.40,0.6429586938337266,0.64198777771493,-0.06038894602141853
2025-07,CUST066,Foundry Dynamics 066,51516.15,33092.81,0.6423773903911685,0.6421707780808706,-0.060919102390099344
2025-08,CUST066,Foundry Dynamics 066,48446.59,31013.40,0.6401565104995006,0.6418308649081319,-0.06498748221647521
2025-09,CUST066,Foundry Dynamics 066,47849.33,30818.97,0.6440836266672908,0.6422058425193199,-0.06097796059598981
2025-10,CUST066,Foundry Dynamics 066,45653.36,29255.92,0.6408273126008688,0.6416891499225533,-0.06384691375504248
2025-11,CUST066,Foundry Dynamics 066,43469.01,27780.92,0.6390971406986263,0.6413360266555953,-0.06294792983482445
2025-12,CUST066,Foundry Dynamics 066,44066.01,28346.30,0.6432690411498567,0.641064498149784,-0.06024150473740997
2024-01,CUST067,Granite Dynamics 067,45537.14,32052.86,0.703883906630939,0.703883906630939,
2024-02,CUST067,Granite Dynamics 067,44928.72,31607.48,0.7035027928683478,0.7036933497496434,
2024-03,CUST067,Granite Dynamics 067,46411.51,32640.40,0.7032824400671299,0.7035563798554723,
2024-04,CUST067,Granite Dynamics 067,44946.74,31720.65,0.7057386141909292,0.7041746157088022,
2024-05,CUST067,Granite Dynamics 067,47468.08,33389.05,0.7034000532568413,0.7041403691716335,
2024-06,CUST067,Granite Dynamics 067,45949.49,32429.69,0.705768225066263,0.7049689641713445,
2024-07,CUST067,Granite Dynamics 067,42507.83,29875.41,0.7028213390333028,0.7039965391188024,
2024-08,CUST067,Granite Dynamics 067,41861.02,29446.60,0.7034372311042588,0.7040089317346082,
2024-09,CUST067,Granite Dynamics 067,42227.65,29760.53,0.7047640586203588,0.7036742095859735,
2024-10,CUST067,Granite Dynamics 067,41017.68,28935.57,0.7054414096555437,0.7045475664600538,
2024-11,CUST067,Granite Dynamics 067,43163.33,30410.14,0.7045364664867145,0.7049139782542057,
2024-12,CUST067,Granite Dynamics 067,43685.52,30801.99,0.7050846596309258,0.705020845257728,
2025-01,CUST067,Granite Dynamics 067,49857.91,31929.30,0.6404059055022563,0.6833423438732988,-0.06347800112868274
2025-02,CUST067,Granite Dynamics 067,53636.01,34364.93,0.6407063090636309,0.662065624732271,-0.06279648380471692
2025-03,CUST067,Granite Dynamics 067,52490.79,33767.94,0.6433117123975464,0.6414746423211445,-0.05997072766958356
2025-04,CUST067,Granite Dynamics 067,53395.94,34173.43,0.6400005318756444,0.6413395177789406,-0.06573808231528477
2025-05,CUST067,Granite Dynamics 067,53058.14,34055.21,0.6418470379851234,0.6417197607527715,-0.06155301527171786
2025-06,CUST067,Granite Dynamics 067,51213.98,32941.32,0.6432095298978912,0.6416856999195529,-0.06255869516837187
2025-07,CUST067,Granite Dynamics 067,51079.82,32838.79,0.6428916546691041,0.6426494075173729,-0.059929684364198654
2025-08,CUST067,Granite Dynamics 067,49315.82,31544.41,0.6396407886962033,0.641913991087733,-0.06379644240805549
2025-09,CUST067,Granite Dynamics 067,47640.59,30518.92,0.6406075155660331,0.6410466529771135,-0.06415654305432572
2025-10,CUST067,Granite Dynamics 067,45765.19,29289.38,0.639992535811607,0.6400802800246145,-0.06544887384393672
2025-11,CUST067,Granite Dynamics 067,43255.86,27620.13,0.6385292073721341,0.6397097529165915,-0.06600725911458039
2025-12,CUST067,Granite Dynamics 067,42970.25,27500.11,0.6399802188723593,0.6395006540187002,-0.06510444075856647
2024-01,CUST068,Helix Dynamics 068,45104.69,31688.68,0.7025584257424228,0.7025584257424228,
2024-02,CUST068,Helix Dynamics 068,46331.96,32717.98,0.7061643841529691,0.704361404947696,
2024-03,CUST068,Helix Dynamics 068,44665.47,31434.98,0.7037870641459723,0.704169958013788,
2024-04,CUST068,Helix Dynamics 068,47365.81,33385.20,0.7048375188770127,0.7049296557253181,
2024-05,CUST068,Helix Dynamics 068,45173.22,31790.00,0.7037355318040202,0.7041200382756685,
2024-06,CUST068,Helix Dynamics 068,46418.89,32623.62,0.7028091365390253,0.703794062406686,
2024-07,CUST068,Helix Dynamics 068,44085.87,31029.97,0.703852957875165,0.7034658754060702,
2024-08,CUST068,Helix Dynamics 068,42059.69,29506.64,0.7015420227776286,0.7027347057306063,
2024-09,CUST068,Helix Dynamics 068,42044.15,29570.17,0.7033123514210656,0.7029024440246197,
2024-10,CUST068,Helix Dynamics 068,40755.66,28671.67,0.7035015504594944,0.7027853082193962,
2024-11,CUST068,Helix Dynamics 068,41653.69,29431.22,0.7065693339533664,0.7044610786113088,
2024-12,CUST068,Helix Dynamics 068,42167.78,29650.27,0.7031498931174466,0.7044069258434358,
2025-01,CUST068,Helix Dynamics 068,50315.89,32345.46,0.6428478160676478,0.6841890143794869,-0.05971060967477493
2025-02,CUST068,Helix Dynamics 068,52351.74,33643.26,0.6426388120051024,0.6628788403967323,-0.0635255721478667
2025-03,CUST068,Helix Dynamics 068,52086.81,33228.89,0.6379521034211925,0.6411462438313142,-0.06583496072477979
2025-04,CUST068,Helix Dynamics 068,55901.21,35880.01,0.6418467507232849,0.6408125553831933,-0.06299076815372784
2025-05,CUST068,Helix Dynamics 068,53918.38,34487.10,0.6396167689014396,0.6398052076819724,-0.06411876290258056
2025-06,CUST068,Helix Dynamics 068,52653.01,33848.81,0.642865621547562,0.6414430470574288,-0.05994351499146333
2025-07,CUST068,Helix Dynamics 068,52803.94,33843.85,0.6409341802903343,0.6411388569131119,-0.06291877758483067
2025-08,CUST068,Helix Dynamics 068,50399.04,32272.22,0.6403340222353442,0.6413779413577468,-0.06120800054228437
2025-09,CUST068,Helix Dynamics 068,47023.93,30246.00,0.6432044280433388,0.6414908768563391,-0.06010792337772686
2025-10,CUST068,Helix Dynamics 068,45712.27,29237.77,0.6396044213074521,0.641047623862045,-0.06389712915204226
2025-11,CUST068,Helix Dynamics 068,43442.27,27772.88,0.6393054506590011,0.6407047666699306,-0.06726388329436528
2025-12,CUST068,Helix Dynamics 068,45442.52,29059.22,0.6394720187172719,0.6394606302279083,-0.0636778744001747
2024-01,CUST069,Indigo Dynamics 069,45536.27,31956.40,0.7017790433867334,0.7017790433867334,
2024-02,CUST069,Indigo Dynamics 069,45364.74,31901.84,0.7032298653094893,0.7025044543481114,
2024-03,CUST069,Indigo Dynamics 069,46580.78,32901.97,0.7063421866271883,0.703783698441137,
2024-04,CUST069,Indigo Dynamics 069,45902.54,32335.77,0.7044440242304674,0.7046720253890483,
2024-05,CUST069,Indigo Dynamics 069,45210.27,31816.61,0.7037474007565095,0.7048445372047217,
2024-06,CUST069,Indigo Dynamics 069,43856.68,30901.69,0.7046062310234154,0.7042658853367975,
2024-07,CUST069,Indigo Dynamics 069,43243.55,30460.48,0.7043936032078771,0.7042490783292673,
2024-08,CUST069,Indigo Dynamics 069,44101.60,31039.47,0.7038173218205236,0.7042723853506053,
2024-09,CUST069,Indigo Dynamics 069,42699.72,29963.79,0.7017327045704281,0.7033145431996096,
2024-10,CUST069,Indigo Dynamics 069,41879.45,29509.64,0.7046329404994575,0.703394322296803,
2024-11,CUST069,Indigo Dynamics 069,41647.92,29283.69,0.703124909959489,0.7031635183431248,
2024-12,CUST069,Indigo Dynamics 069,42718.82,30128.60,0.7052769716017436,0.7043449406868967,
2025-01,CUST069,Indigo Dynamics 069,52968.59,34085.22,0.6434987225448139,0.6839668680353488,-0.058280320841919475
2025-02,CUST069,Indigo Dynamics 069,53565.76,34490.72,0.6438949059996535,0.6642235333820703,-0.05933495930983579
2025-03,CUST069,Indigo Dynamics 069,52204.06,33436.60,0.6404980762032685,0.6426305682492454,-0.0658441104239198
2025-04,CUST069,Indigo Dynamics 069,54357.49,34993.27,0.6437616968701093,0.6427182263576771,-0.06068232736035806
2025-05,CUST069,Indigo Dynamics 069,54307.08,34820.00,0.6411687021287096,0.6418094917340291,-0.06257869862779997
2025-06,CUST069,Indigo Dynamics 069,51387.79,32860.92,0.6394694148162433,0.6414666046050207,-0.06513681620717204
2025-07,CUST069,Indigo Dynamics 069,52375.08,33680.99,0.6430728124902148,0.6412369764783893,-0.06132079071766239
2025-08,CUST069,Indigo Dynamics 069,48348.13,30899.55,0.6391053800839868,0.6405492024634816,-0.06471194173653683
2025-09,CUST069,Indigo Dynamics 069,49020.19,31481.74,0.6422198689968358,0.6414660205236791,-0.059512835573592326
2025-10,CUST069,Indigo Dynamics 069,45286.53,29008.75,0.6405602283946242,0.6406284924918156,-0.06407271210483323
2025-11,CUST069,Indigo Dynamics 069,46095.42,29583.64,0.6417913102863582,0.6415238025592728,-0.06133359967313079
2025-12,CUST069,Indigo Dynamics 069,44544.65,28598.46,0.6420178405263034,0.6414564597357618,-0.06325913107544023
2024-01,CUST070,Kinetic Dynamics 070,43155.34,30396.15,0.7043427302391779,0.7043427302391779,
2024-02,CUST070,Kinetic Dynamics 070,45963.20,32431.00,0.7055862080969123,0.7049644691680451,
2024-03,CUST070,Kinetic Dynamics 070,44991.45,31694.53,0.704456735668666,0.7047952246682522,
2024-04,CUST070,Kinetic Dynamics 070,46501.71,32748.25,0.7042375430925013,0.7047601622860266,
2024-05,CUST070,Kinetic Dynamics 070,44995.06,31669.56,0.7038452665692635,0.7041798484434768,
2024-06,CUST070,Kinetic Dynamics 070,44811.88,31422.39,0.7012066889405221,0.7030964995340957,
2024-07,CUST070,Kinetic Dynamics 070,42622.17,30096.55,0.7061243010386379,0.7037254188494745,
2024-08,CUST070,Kinetic Dynamics 070,42539.34,29990.69,0.7050107030339446,0.7041138976710348,
2024-09,CUST070,Kinetic Dynamics 070,41710.27,29445.65,0.7059568302962317,0.7056972781229381,
2024-10,CUST070,Kinetic Dynamics 070,40280.27,28332.59,0.7033862980560955,0.7047846104620906,
2024-11,CUST070,Kinetic Dynamics 070,41801.61,29411.22,0.7035906033284364,0.7043112438935878,
2024-12,CUST070,Kinetic Dynamics 070,41411.40,29162.31,0.7042097103696083,0.7037288705847135,
2025-01,CUST070,Kinetic Dynamics 070,52748.78,33834.86,0.6414339819802468,0.6830780985594306,-0.06290874825893111
2025-02,CUST070,Kinetic Dynamics 070,52393.21,33610.01,0.6414955296688255,0.6623797406728936,-0.0640906784280868
2025-03,CUST070,Kinetic Dynamics 070,54256.85,34849.63,0.6423083905534508,0.641745967400841,-0.062148345115215164
2025-04,CUST070,Kinetic Dynamics 070,53914.32,34415.72,0.6383409825070594,0.6407149675764453,-0.06589656058544191
2025-05,CUST070,Kinetic Dynamics 070,52108.64,33348.40,0.6399783222129766,0.640209231757829,-0.06386694435628693
2025-06,CUST070,Kinetic Dynamics 070,54070.79,34769.50,0.6430366562056888,0.6404519869752416,-0.05817003273483323
2025-07,CUST070,Kinetic Dynamics 070,53219.79,34148.18,0.6416443958159174,0.6415531247448608,-0.06447990522272051
2025-08,CUST070,Kinetic Dynamics 070,51674.99,33056.47,0.6396995916206274,0.6414602145474112,-0.06531111141331725
2025-09,CUST070,Kinetic Dynamics 070,47328.89,30329.40,0.6408221278800327,0.6407220384388591,-0.06513470241619901
2025-10,CUST070,Kinetic Dynamics 070,45449.59,29236.10,0.6432643286771124,0.6412620160592576,-0.060121969378983176
2025-11,CUST070,Kinetic Dynamics 070,45722.69,29365.17,0.6422450210169174,0.6421104925246874,-0.06134558231151899
2025-12,CUST070,Kinetic Dynamics 070,44641.67,28681.08,0.6424732766493727,0.6426608754478008,-0.06173643372023563
2024-01,CUST071,Lattice Dynamics 071,44378.06,31198.68,0.7030203663702289,0.7030203663702289,
2024-02,CUST071,Lattice Dynamics 071,44769.48,31460.52,0.7027224796892882,0.7028714230297586,
2024-03,CUST071,Lattice Dynamics 071,46521.65,32735.90,0.7036702266579109,0.7031376909058094,
2024-04,CUST071,Lattice Dynamics 071,46151.35,32518.03,0.7045954235358229,0.7036627099610074,
2024-05,CUST071,Lattice Dynamics 071,44650.35,31462.33,0.7046379255705723,0.7043011919214354,
2024-06,CUST071,Lattice Dynamics 071,43840.54,30941.48,0.705773240931795,0.7050021966793968,
2024-07,CUST071,Lattice Dynamics 071,42507.59,30050.74,0.7069499823443297,0.7057870496155657,
2024-08,CUST071,Lattice Dynamics 071,41662.19,29382.76,0.7052620133507144,0.705995078875613,
2024-09,CUST071,Lattice Dynamics 071,40786.44,28669.71,0.7029225889781014,0.7050448615577153,
2024-10,CUST071,Lattice Dynamics 071,42266.42,29754.26,0.703969250293732,0.704051284207516,
2024-11,CUST071,Lattice Dynamics 071,41053.39,28979.49,0.7058976128402551,0.7042631507040295,
2024-12,CUST071,Lattice Dynamics 071,41292.49,29138.49,0.7056607630104167,0.7051758753814679,
2025-01,CUST071,Lattice Dynamics 071,49906.87,32093.64,0.6430705832683957,0.6848763197063558,-0.05994978310183319
2025-02,CUST071,Lattice Dynamics 071,54278.85,34775.22,0.6406771698368702,0.6631361720385609,-0.062045309852418074
2025-03,CUST071,Lattice Dynamics 071,55311.96,35322.35,0.638602392683246,0.640783381929504,-0.06506783397466487
2025-04,CUST071,Lattice Dynamics 071,54315.41,34873.93,0.6420632744924506,0.6404476123375222,-0.06253214904337234
2025-05,CUST071,Lattice Dynamics 071,52419.47,33512.52,0.6393143616293716,0.6399933429350227,-0.06532356394120065
2025-06,CUST071,Lattice Dynamics 071,54014.73,34649.54,0.6414831657957005,0.6409536006391743,-0.06429007513609453
2025-07,CUST071,Lattice Dynamics 071,50416.02,32382.91,0.6423138914971869,0.641037139640753,-0.06463609084714284
2025-08,CUST071,Lattice Dynamics 071,51186.21,32727.94,0.6393897887731871,0.6410622820220248,-0.06587222457752728
2025-09,CUST071,Lattice Dynamics 071,48903.98,31263.44,0.6392821197783901,0.6403286000162547,-0.06364046919971134
2025-10,CUST071,Lattice Dynamics 071,44908.40,28691.52,0.6388898290742935,0.6391872458752902,-0.06507942121943855
2025-11,CUST071,Lattice Dynamics 071,43348.21,27787.02,0.6410188563726161,0.6397302684084333,-0.06487875646763896
2025-12,CUST071,Lattice Dynamics 071,43945.54,28182.99,0.6413162746435702,0.64040832003016,-0.06434448836684648
2024-01,CUST072,Mosaic Dynamics 072,44393.88,31098.28,0.7005082682567958,0.7005082682567958,
2024-02,CUST072,Mosaic Dynamics 072,43770.01,30861.72,0.7050882556343944,0.702798261945595,
2024-03,CUST072,Mosaic Dynamics 072,45141.28,31803.67,0.7045362913944841,0.7033776050952247,
2024-04,CUST072,Mosaic Dynamics 072,45958.20,32296.83,0.7027435800357718,0.7041227090215502,
2024-05,CUST072,Mosaic Dynamics 072,46747.66,32920.06,0.7042076544579985,0.7038291752960847,
2024-06,CUST072,Mosaic Dynamics 072,45385.48,31949.49,0.7039584025551784,0.7036365456829828,
2024-07,CUST072,Mosaic Dynamics 072,44946.80,31643.44,0.704019863483051,0.7040619734987427,
2024-08,CUST072,Mosaic Dynamics 072,42650.39,30089.25,0.7054859287335943,0.7044880649239412,
2024-09,CUST072,Mosaic Dynamics 072,42694.55,29996.01,0.7025723423715673,0.7040260448627377,
2024-10,CUST072,Mosaic Dynamics 072,42840.72,30091.08,0.7023943575178009,0.7034842095409873,
2024-11,CUST072,Mosaic Dynamics 072,42258.00,29740.20,0.7037767996592361,0.7029144998495348,
2024-12,CUST072,Mosaic Dynamics 072,43550.12,30599.16,0.7026194187295006,0.7029301919688459,
2025-01,CUST072,Mosaic Dynamics 072,52325.13,33476.92,0.6397866570040055,0.6820609584642474,-0.0607216112527903
2025-02,CUST072,Mosaic Dynamics 072,52291.66,33439.94,0.6394889739587537,0.6606316832307533,-0.06559928167564066
2025-03,CUST072,Mosaic Dynamics 072,53830.85,34581.57,0.6424117397366008,0.6405624568997866,-0.06212455165788333
2025-04,CUST072,Mosaic Dynamics 072,53873.04,34589.54,0.6420565834042408,0.6413190990331984,-0.06068699663153099
2025-05,CUST072,Mosaic Dynamics 072,53144.21,34041.21,0.6405440969016192,0.6416708066808202,-0.06366355755637931
2025-06,CUST072,Mosaic Dynamics 072,52766.25,33701.34,0.6386912088693056,0.6404306297250552,-0.06526719368587275
2025-07,CUST072,Mosaic Dynamics 072,50266.41,32065.48,0.6379106842919555,0.6390486633542934,-0.06610917919109549
2025-08,CUST072,Mosaic Dynamics 072,50137.81,32118.37,0.6406017733921765,0.639067888851146,-0.06488415534141778
2025-09,CUST072,Mosaic Dynamics 072,46047.71,29542.21,0.6415565508035036,0.6400230028292119,-0.06101579156806369
2025-10,CUST072,Mosaic Dynamics 072,45399.71,29169.85,0.6425118134014512,0.6415567125323771,-0.059882544116349634
2025-11,CUST072,Mosaic Dynamics 072,43867.38,28137.95,0.6414321985949469,0.6418335209333006,-0.062344601064289185
2025-12,CUST072,Mosaic Dynamics 072,42675.45,27439.11,0.6429717788564621,0.6423052636176201,-0.05964763987303856
2024-01,CUST073,Nova Dynamics 073,44266.91,31263.65,0.7062532713487343,0.7062532713487343,
2024-02,CUST073,Nova Dynamics 073,45573.76,31933.60,0.7007014562765942,0.7034773638126642,
2024-03,CUST073,Nova Dynamics 073,45489.41,32001.53,0.7034940659815108,0.7034829312022798,
2024-04,CUST073,Nova Dynamics 073,45469.80,32000.09,0.7037657961987956,0.7026537728189668,
2024-05,CUST073,Nova Dynamics 073,45441.59,31902.52,0.7020555398699738,0.7031051340167601,
2024-06,CUST073,Nova Dynamics 073,45981.00,32449.03,0.7057051825754116,0.7038421728813936,
2024-07,CUST073,Nova Dynamics 073,44862.85,31679.34,0.7061374834634893,0.7046327353029582,
2024-08,CUST073,Nova Dynamics 073,41628.51,29273.57,0.7032096512702471,0.7050174391030494,
2024-09,CUST073,Nova Dynamics 073,42778.65,30102.39,0.7036778860482974,0.7043416735940112,
2024-10,CUST073,Nova Dynamics 073,40804.39,28659.24,0.7023567807287403,0.703081439349095,
2024-11,CUST073,Nova Dynamics 073,41181.61,28998.82,0.7041691667712845,0.7034012778494407,
2024-12,CUST073,Nova Dynamics 073,41875.08,29450.96,0.7033051638349108,0.7032770371116452,
2025-01,CUST073,Nova Dynamics 073,52870.42,33838.09,0.6400193151482435,0.6824978819181463,-0.06623395620049077
2025-02,CUST073,Nova Dynamics 073,51869.56,33206.67,0.6401957140180098,0.6611733976670547,-0.060505742258584405
2025-03,CUST073,Nova Dynamics 073,53894.42,34641.45,0.642765058052392,0.6409933624062151,-0.06072900792911873
2025-04,CUST073,Nova Dynamics 073,53940.52,34773.29,0.6446598957518394,0.6425402226074137,-0.059105900446956294
2025-05,CUST073,Nova Dynamics 073,52547.87,33814.55,0.6434999173134897,0.6436416237059069,-0.058555622556484166
2025-06,CUST073,Nova Dynamics 073,51157.40,32808.04,0.6413156258918553,0.6431584796523948,-0.06438955668355628
2025-07,CUST073,Nova Dynamics 073,50077.39,32179.38,0.6425929945630154,0.6424695125894534,-0.06354448890047382
2025-08,CUST073,Nova Dynamics 073,50583.41,32493.85,0.6423815634414524,0.6420967279654411,-0.060828087828794786
2025-09,CUST073,Nova Dynamics 073,46547.59,29822.47,0.6406877348537272,0.6418874309527317,-0.06299015119457019
2025-10,CUST073,Nova Dynamics 073,46803.41,30046.94,0.6419818555955644,0.6416837179635814,-0.06037492513317588
2025-11,CUST073,Nova Dynamics 073,43977.20,28144.10,0.6399702573151542,0.6408799492548153,-0.06419890945613027
2025-12,CUST073,Nova Dynamics 073,43354.68,27751.11,0.6400949101688675,0.6406823410265287,-0.06321025366604327
2024-01,CUST074,Orchid Dynamics 074,42647.60,29941.07,0.7020575600971685,0.7020575600971685,
2024-02,CUST074,Orchid Dynamics 074,45336.27,31915.10,0.7039639564525269,0.7030107582748477,
2024-03,CUST074,Orchid Dynamics 074,47158.97,33134.25,0.702607584516795,0.7028763670221635,
2024-04,CUST074,Orchid Dynamics 074,46353.18,32667.40,0.7047499222275581,0.7037738210656266,
2024-05,CUST074,Orchid Dynamics 074,45810.91,32273.90,0.7045024864164453,0.7039533310535994,
2024-06,CUST074,Orchid Dynamics 074,43687.47,30758.58,0.7040595392683532,0.7044373159707855,
2024-07,CUST074,Orchid Dynamics 074,43766.82,30771.10,0.7030691286230071,0.7038770514359353,
2024-08,CUST074,Orchid Dynamics 074,41387.95,29056.32,0.7020478182659446,0.7030588287191016,
2024-09,CUST074,Orchid Dynamics 074,40792.93,28649.91,0.7023253784418035,0.7024807751102516,
2024-10,CUST074,Orchid Dynamics 074,42807.27,30147.26,0.7042556089187655,0.7028762685421711,
2024-11,CUST074,Orchid Dynamics 074,42150.25,29738.06,0.705525115509398,0.7040353676233223,
2024-12,CUST074,Orchid Dynamics 074,43095.31,30301.46,0.7031266279323667,0.7043024507868433,
2025-01,CUST074,Orchid Dynamics 074,52788.32,33895.84,0.6421087088962103,0.6835868174459917,-0.059948851200958164
2025-02,CUST074,Orchid Dynamics 074,53235.86,34028.99,0.6392118019695746,0.6614823795993838,-0.06475215448295224
2025-03,CUST074,Orchid Dynamics 074,53779.89,34476.57,0.6410680646613446,0.6407961918423765,-0.061539519855450364
2025-04,CUST074,Orchid Dynamics 074,55218.88,35419.98,0.6414469109116303,0.6405755925141832,-0.06330301131592775
2025-05,CUST074,Orchid Dynamics 074,55164.93,35418.43,0.6420461332951931,0.6415203696227226,-0.062456353121252195
2025-06,CUST074,Orchid Dynamics 074,54064.19,34565.42,0.6393403840878777,0.6409444760982338,-0.06471915518047544
2025-07,CUST074,Orchid Dynamics 074,49706.81,31901.60,0.6417953596297972,0.641060625670956,-0.06127376899320991
2025-08,CUST074,Orchid Dynamics 074,48385.12,30968.10,0.6400335475038607,0.6403897637405119,-0.06201427076208399
2025-09,CUST074,Orchid Dynamics 074,48219.87,31055.18,0.6440328437218931,0.6419539169518503,-0.05829253471991047
2025-10,CUST074,Orchid Dynamics 074,44214.68,28438.03,0.6431807264012767,0.6424157058756768,-0.06107488251748883
2025-11,CUST074,Orchid Dynamics 074,43470.64,27880.70,0.6413685190740234,0.6428606963990644,-0.06415659643537464
2025-12,CUST074,Orchid Dynamics 074,44161.87,28364.74,0.6422902834504064,0.6422798429752355,-0.06083634448196029
2024-01,CUST075,Pioneer Dynamics 075,43548.99,30605.00,0.7027717519970038,0.7027717519970038,
2024-02,CUST075,Pioneer Dynamics 075,44818.98,31523.18,0.7033444313101279,0.7030580916535658,
2024-03,CUST075,Pioneer Dynamics 075,46557.12,32864.84,0.7059036297777869,0.7040066043616395,
2024-04,CUST075,Pioneer Dynamics 075,47767.98,33583.82,0.7030613394160691,0.704103133501328,
2024-05,CUST075,Pioneer Dynamics 075,45421.80,32080.95,0.7062897111078821,0.7050848934339126,
2024-06,CUST075,Pioneer Dynamics 075,45923.39,32303.42,0.7034197606056521,0.7042569370432011,
2024-07,CUST075,Pioneer Dynamics 075,44085.40,31083.44,0.7050733349362827,0.7049276022166057,
2024-08,CUST075,Pioneer Dynamics 075,42302.01,29739.01,0.7030164760492468,0.7038365238637271,
2024-09,CUST075,Pioneer Dynamics 075,42779.42,30132.34,0.7043653233260292,0.7041517114371861,
2024-10,CUST075,Pioneer Dynamics 075,42825.16,30017.32,0.7009272119473692,0.7027696704408818,
2024-11,CUST075,Pioneer Dynamics 075,43131.40,30378.81,0.7043316470135447,0.7032080607623143,
2024-12,CUST075,Pioneer Dynamics 075,43812.37,30848.57,0.7041063973485113,0.7031217521031418,
2025-01,CUST075,Pioneer Dynamics 075,50533.66,32329.39,0.6397595187049582,0.6827325210223382,-0.06301223329204564
2025-02,CUST075,Pioneer Dynamics 075,54599.98,34941.18,0.6399485860617531,0.6612715007050742,-0.06339584524837483
2025-03,CUST075,Pioneer Dynamics 075,54902.20,35356.62,0.6439927726029194,0.6412336257898769,-0.06191085717486744
2025-04,CUST075,Pioneer Dynamics 075,53862.88,34713.13,0.6444722227998205,0.642804527154831,-0.05858911661624855
2025-05,CUST075,Pioneer Dynamics 075,52518.46,33735.56,0.6423562305520764,0.6436070753182722,-0.06393348055580572
2025-06,CUST075,Pioneer Dynamics 075,51617.87,33135.49,0.6419383442207126,0.6429222658575364,-0.061481416384939536
2025-07,CUST075,Pioneer Dynamics 075,52114.47,33473.89,0.6423146968586652,0.6422030905438181,-0.0627586380776175
2025-08,CUST075,Pioneer Dynamics 075,48489.52,31221.17,0.6438745939328746,0.6427092116707508,-0.05914188211637217
2025-09,CUST075,Pioneer Dynamics 075,48742.33,31201.68,0.6401351761395074,0.6421081556436824,-0.06423014718652176
2025-10,CUST075,Pioneer Dynamics 075,46254.84,29646.37,0.6409355215583926,0.6416484305435916,-0.05999169038897656
2025-11,CUST075,Pioneer Dynamics 075,45708.67,29417.20,0.6435803098186843,0.6415503358388615,-0.060751337194860366
2025-12,CUST075,Pioneer Dynamics 075,45209.62,29135.89,0.6444621742009775,0.6429926685260181,-0.059644223147533815
2024-01,CUST076,Quartz Dynamics 076,42923.40,30148.69,0.702383548367557,0.702383548367557,
2024-02,CUST076,Quartz Dynamics 076,45409.02,31897.07,0.7024390748798367,0.7024113116236969,
2024-03,CUST076,Quartz Dynamics 076,46877.25,32986.24,0.7036726770448352,0.7028317667640763,
2024-04,CUST076,Quartz Dynamics 076,44804.91,31589.22,0.7050392468146905,0.7037169995797875,
2024-05,CUST076,Quartz Dynamics 076,45360.25,31810.66,0.701289344745675,0.7033337562017336,
2024-06,CUST076,Quartz Dynamics 076,46099.76,32530.74,0.7056596390089667,0.7039960768564439,
2024-07,CUST076,Quartz Dynamics 076,45020.80,31736.78,0.7049359407207335,0.7039616414917917,
2024-08,CUST076,Quartz Dynamics 076,42819.61,30069.28,0.702231524294593,0.704275701341431,
2024-09,CUST076,Quartz Dynamics 076,41034.65,28828.96,0.7025516240543053,0.7032396963565439,
2024-10,CUST076,Quartz Dynamics 076,42793.98,30087.86,0.7030862752190845,0.7026231411893274,
2024-11,CUST076,Quartz Dynamics 076,41804.15,29345.74,0.7019815018365402,0.7025398003699767,
2024-12,CUST076,Quartz Dynamics 076,42359.66,29845.03,0.7045625484246095,0.7032101084934114,
2025-01,CUST076,Quartz Dynamics 076,50314.28,32093.15,0.6378537067409094,0.6814659190006864,-0.06452984162664765
2025-02,CUST076,Quartz Dynamics 076,52841.18,33913.08,0.6417926321857309,0.6614029624504166,-0.060646442694105795
2025-03,CUST076,Quartz Dynamics 076,52244.40,33505.71,0.6413263431104578,0.6403242273456993,-0.062346333934377385
2025-04,CUST076,Quartz Dynamics 076,54276.74,34672.24,0.6388047624083539,0.6406412459015142,-0.06623448440633661
2025-05,CUST076,Quartz Dynamics 076,52951.04,33946.24,0.64108731386579,0.6404061397948673,-0.06020203087988496
2025-06,CUST076,Quartz Dynamics 076,54120.13,34636.44,0.6399918108105063,0.6399612956948834,-0.0656678281984604
2025-07,CUST076,Quartz Dynamics 076,51650.87,33253.19,0.6438069678206776,0.6416286974989913,-0.06112897290005592
2025-08,CUST076,Quartz Dynamics 076,50023.88,32060.48,0.6409035044862574,0.6415674277058138,-0.06132801980833558
2025-09,CUST076,Quartz Dynamics 076,47390.32,30338.11,0.640175250979525,0.6416285744288199,-0.06237637307478028
2025-10,CUST076,Quartz Dynamics 076,45048.53,28852.26,0.6404706213499086,0.6405164589385636,-0.06261565386917589
2025-11,CUST076,Quartz Dynamics 076,46081.79,29611.86,0.642593527725377,0.6410798000182703,-0.059387974111163144
2025-12,CUST076,Quartz Dynamics 076,43264.54,27790.86,0.6423472894892677,0.6418038128548511,-0.062215258935341855
2024-01,CUST077,Rivet Dynamics 077,43340.53,30463.12,0.7028783450502336,0.7028783450502336,
2024-02,CUST077,Rivet Dynamics 077,46547.76,32692.85,0.7023506609125766,0.702614502981405,
2024-03,CUST077,Rivet Dynamics 077,46071.73,32381.58,0.7028514014993577,0.702693469154056,
2024-04,CUST077,Rivet Dynamics 077,45616.84,32210.92,0.706119056032816,0.7037737061482501,
2024-05,CUST077,Rivet Dynamics 077,46692.75,32951.89,0.7057174829068753,0.7048959801463496,
2024-06,CUST077,Rivet Dynamics 077,44265.84,31124.53,0.7031275132246446,0.7049880173881119,
2024-07,CUST077,Rivet Dynamics 077,43000.74,30293.02,0.7044767136565557,0.7044405699293584,
2024-08,CUST077,Rivet Dynamics 077,42286.74,29836.49,0.7055755539443335,0.7043932602751779,
2024-09,CUST077,Rivet Dynamics 077,42786.93,30189.34,0.7055738750127667,0.7052087142045519,
2024-10,CUST077,Rivet Dynamics 077,40944.73,28728.44,0.701639502812694,0.7042629772565979,
2024-11,CUST077,Rivet Dynamics 077,40889.59,28732.00,0.7026727340626306,0.7032953706293638,
2024-12,CUST077,Rivet Dynamics 077,42440.41,29862.02,0.7036223259860118,0.7026448542871121,
2025-01,CUST077,Rivet Dynamics 077,52111.31,33326.44,0.6395241263364901,0.6819397287950443,-0.06335421871374347
2025-02,CUST077,Rivet Dynamics 077,52807.94,33837.46,0.6407646274404947,0.6613036932543322,-0.061586033472081914
2025-03,CUST077,Rivet Dynamics 077,54771.44,35169.58,0.6421153068095343,0.6408013535288397,-0.06073609468982333
2025-04,CUST077,Rivet Dynamics 077,55001.19,35329.27,0.6423364658110123,0.6417388000203471,-0.06378259022180366
2025-05,CUST077,Rivet Dynamics 077,54639.29,35009.42,0.6407370959615324,0.641729622860693,-0.06498038694534292
2025-06,CUST077,Rivet Dynamics 077,53514.13,34332.19,0.6415537354339873,0.6415424324021773,-0.061573777790657314
2025-07,CUST077,Rivet Dynamics 077,50636.47,32528.19,0.6423866039635069,0.6415591451196755,-0.062090109693048845
2025-08,CUST077,Rivet Dynamics 077,51566.08,33163.54,0.6431270323437422,0.6423557905804121,-0.06244852160059122
2025-09,CUST077,Rivet Dynamics 077,48171.47,30790.05,0.6391760517169187,0.6415632293413892,-0.06639782329584798
2025-10,CUST077,Rivet Dynamics 077,45007.42,28908.17,0.6422978699956585,0.6415336513521065,-0.05934163281703553
2025-11,CUST077,Rivet Dynamics 077,43498.07,27785.52,0.638775927299763,0.6400832830041133,-0.06389680676286769
2025-12,CUST077,Rivet Dynamics 077,44816.52,28685.50,0.6400653152007341,0.6403797041653851,-0.06355701078527776
2024-01,CUST078,Summit Dynamics 078,43569.08,30689.56,0.7043885250732859,0.7043885250732859,
2024-02,CUST078,Summit Dynamics 078,45187.82,31800.99,0.7037513648589377,0.7040699449661119,
2024-03,CUST078,Summit Dynamics 078,46726.39,32847.30,0.7029710619630578,0.7037036506317605,
2024-04,CUST078,Summit Dynamics 078,47931.52,33811.59,0.7054145163766974,0.7040456477328977,
2024-05,CUST078,Summit Dynamics 078,45386.51,32002.69,0.7051145814031525,0.704500053247636,
2024-06,CUST078,Summit Dynamics 078,44576.41,31465.73,0.7058829995506591,0.7054706991101697,
2024-07,CUST078,Summit Dynamics 078,43422.52,30563.36,0.7038596562336779,0.70495241239583,
2024-08,CUST078,Summit Dynamics 078,42729.63,30048.78,0.7032305217714265,0.7043243925185879,
2024-09,CUST078,Summit Dynamics 078,40821.40,28799.89,0.7055096101554577,0.704199929386854,
2024-10,CUST078,Summit Dynamics 078,41147.31,29001.88,0.704830522335482,0.7045235514207887,
2024-11,CUST078,Summit Dynamics 078,42212.42,29731.61,0.7043332270454999,0.7048911198454798,
2024-12,CUST078,Summit Dynamics 078,42091.55,29662.75,0.7047198309399392,0.7046278601069739,
2025-01,CUST078,Summit Dynamics 078,51925.82,33348.31,0.642229819384653,0.6837609591233641,-0.06215870568863291
2025-02,CUST078,Summit Dynamics 078,52047.81,33347.67,0.6407122605158603,0.6625539702801508,-0.06303910434307747
2025-03,CUST078,Summit Dynamics 078,53309.09,34163.76,0.6408618117473025,0.6412679638826052,-0.06210925021575531
2025-04,CUST078,Summit Dynamics 078,55786.84,35929.28,0.6440458000489004,0.6418732907706878,-0.061368716327796946
2025-05,CUST078,Summit Dynamics 078,52557.31,33761.35,0.6423721077049035,0.6424265731670356,-0.06274247369824903
2025-06,CUST078,Summit Dynamics 078,54172.01,34598.73,0.6386827810155097,0.6417002295897712,-0.06720021853514946
2025-07,CUST078,Summit Dynamics 078,50287.56,32239.01,0.6410931451038786,0.640716011274764,-0.06276651112979925
2025-08,CUST078,Summit Dynamics 078,49059.74,31431.89,0.6406860289108748,0.6401539850100876,-0.06254449286055175
2025-09,CUST078,Summit Dynamics 078,48390.81,31220.33,0.6451706429381944,0.6423166056509827,-0.060338967217263284
2025-10,CUST078,Summit Dynamics 078,46303.08,29635.79,0.6400392803243327,0.6419653173911339,-0.06479124201114939
2025-11,CUST078,Summit Dynamics 078,44305.72,28343.95,0.6397356819841772,0.6416485350822346,-0.06459754506132276
2025-12,CUST078,Summit Dynamics 078,44696.21,28764.60,0.6435579213539582,0.6411109612208227,-0.061161909585981
2024-01,CUST079,Tandem Dynamics 079,43158.76,30422.29,0.7048925872754453,0.7048925872754453,
2024-02,CUST079,Tandem Dynamics 079,44480.78,31284.16,0.7033186018770354,0.7041055945762404,
2024-03,CUST079,Tandem Dynamics 079,47054.20,33109.55,0.7036470708247087,0.7039527533257299,
2024-04,CUST079,Tandem Dynamics 079,44840.22,31612.77,0.7050092528537996,0.7039916418518479,
2024-05,CUST079,Tandem Dynamics 079,45014.52,31666.56,0.7034743456111495,0.7040435564298858,
2024-06,CUST079,Tandem Dynamics 079,45170.35,31660.03,0.7009029152973134,0.7031288379207542,
2024-07,CUST079,Tandem Dynamics 079,44092.01,31063.51,0.7045156253933536,0.7029642954339389,
2024-08,CUST079,Tandem Dynamics 079,43439.07,30488.62,0.7018709194280632,0.7024298200395768,
2024-09,CUST079,Tandem Dynamics 079,42594.45,29991.70,0.7041222506688078,0.7035029318300748,
2024-10,CUST079,Tandem Dynamics 079,42836.32,30157.60,0.7040193928890249,0.7033375209952987,
2024-11,CUST079,Tandem Dynamics 079,43170.77,30288.78,0.7016038861479654,0.7032485099019329,
2024-12,CUST079,Tandem Dynamics 079,43304.33,30526.31,0.7049251194972882,0.7035161328447596,
2025-01,CUST079,Tandem Dynamics 079,50714.32,32606.76,0.6429497625128365,0.68315958938603,-0.06194282476260882
2025-02,CUST079,Tandem Dynamics 079,51453.95,32976.26,0.640888794737819,0.6629212255826479,-0.06242980713921642
2025-03,CUST079,Tandem Dynamics 079,53766.79,34616.07,0.6438187959519249,0.6425524510675268,-0.05982827487278375
2025-04,CUST079,Tandem Dynamics 079,53164.39,34097.29,0.6413558022578647,0.6420211309825362,-0.06365345059593486
2025-05,CUST079,Tandem Dynamics 079,53134.96,34248.86,0.644563579232957,0.6432460591475823,-0.05891076637819248
2025-06,CUST079,Tandem Dynamics 079,52571.11,33571.56,0.6385933262584715,0.6415042359164311,-0.06230958903884187
2025-07,CUST079,Tandem Dynamics 079,53163.94,34097.23,0.6413601023550926,0.6415056692821737,-0.063155523038261
2025-08,CUST079,Tandem Dynamics 079,50532.88,32512.17,0.6433864446277354,0.6411132910804332,-0.05848447480032781
2025-09,CUST079,Tandem Dynamics 079,47589.98,30512.28,0.6411492503253835,0.6419652657694038,-0.06297300034342435
2025-10,CUST079,Tandem Dynamics 079,47317.40,30251.34,0.6393280273218731,0.6412879074249974,-0.06469136556715183
2025-11,CUST079,Tandem Dynamics 079,43863.00,28203.53,0.6429913594601372,0.6411562123691312,-0.05861252668782824
2025-12,CUST079,Tandem Dynamics 079,44800.59,28642.19,0.6393261785168455,0.6405485217662852,-0.06559894098044272
2024-01,CUST080,Vertex Dynamics 080,43904.26,30804.71,0.7016337366806774,0.7016337366806774,
2024-02,CUST080,Vertex Dynamics 080,44899.25,31650.76,0.704928478760781,0.7032811077207293,
2024-03,CUST080,Vertex Dynamics 080,45506.86,32072.19,0.7047770380114119,0.7037797511509568,
2024-04,CUST080,Vertex Dynamics 080,45188.80,31676.57,0.7009827656410438,0.7035627608044122,
2024-05,CUST080,Vertex Dynamics 080,46865.74,32913.27,0.7022884947511764,0.7026827661345441,
2024-06,CUST080,Vertex Dynamics 080,44348.68,31172.85,0.7029036715410695,0.7020583106444299,
2024-07,CUST080,Vertex Dynamics 080,42803.85,30094.14,0.7030708686251353,0.7027543449724604,
2024-08,CUST080,Vertex Dynamics 080,42213.11,29785.39,0.7055957260670914,0.7038567554110987,
2024-09,CUST080,Vertex Dynamics 080,40547.41,28489.84,0.7026303282996373,0.703765640997288,
2024-10,CUST080,Vertex Dynamics 080,41516.26,29213.35,0.7036604453291312,0.7039621665652867,
2024-11,CUST080,Vertex Dynamics 080,40536.01,28495.76,0.7029739730180646,0.7030882488822776,
2024-12,CUST080,Vertex Dynamics 080,42394.15,29788.95,0.7026665235651617,0.7031003139707859,
2025-01,CUST080,Vertex Dynamics 080,50419.32,32191.83,0.6384820342678165,0.6813741769503476,-0.06315170241286094
2025-02,CUST080,Vertex Dynamics 080,53329.41,34230.25,0.6418644046502671,0.6610043208277484,-0.06306407411051396
2025-03,CUST080,Vertex Dynamics 080,55620.80,35510.31,0.638435800995311,0.6395940799711315,-0.06634123701610084
2025-04,CUST080,Vertex Dynamics 080,53824.34,34388.51,0.6389025857075071,0.6397342637843617,-0.06208017993353665
2025-05,CUST080,Vertex Dynamics 080,53423.15,34144.64,0.6391356556099743,0.6388246807709308,-0.06315283914120207
2025-06,CUST080,Vertex Dynamics 080,52802.99,33923.59,0.6424558533522439,0.6401646982232418,-0.06044781818882561
2025-07,CUST080,Vertex Dynamics 080,52904.98,33958.79,0.6418826734269628,0.6411580607963937,-0.061188195198172535
2025-08,CUST080,Vertex Dynamics 080,50157.09,32153.73,0.6410605160706094,0.6417996809499388,-0.06453520999648199
2025-09,CUST080,Vertex Dynamics 080,48401.33,31177.27,0.6441407705118847,0.6423613200031523,-0.058489557787752666
2025-10,CUST080,Vertex Dynamics 080,45601.53,29164.58,0.6395526641321027,0.6415846502381989,-0.06410778119702853
2025-11,CUST080,Vertex Dynamics 080,45512.07,29203.40,0.6416627501232091,0.6417853949223988,-0.06131122289485558
2025-12,CUST080,Vertex Dynamics 080,43774.12,28018.21,0.6400633525014323,0.6404262555855814,-0.06260317106372937
2024-01,CUST081,Alto Industries 081,43601.09,30669.10,0.7034021397171493,0.7034021397171493,
2024-02,CUST081,Alto Industries 081,43857.34,30887.67,0.7042759547204641,0.7038390472188067,
2024-03,CUST081,Alto Industries 081,47387.22,33324.17,0.703231166546592,0.7036364203280684,
2024-04,CUST081,Alto Industries 081,45176.37,31778.52,0.7034323474860862,0.7036464895843807,
2024-05,CUST081,Alto Industries 081,45655.20,32078.80,0.70263190173299,0.7030984719218893,
2024-06,CUST081,Alto Industries 081,44366.61,31121.67,0.7014660349303226,0.7025100947164663,
2024-07,CUST081,Alto Industries 081,43728.85,30698.50,0.7020193762241632,0.7020391042958253,
2024-08,CUST081,Alto Industries 081,44263.41,31150.43,0.7037512473620988,0.7024122195055282,
2024-09,CUST081,Alto Industries 081,42422.86,29837.62,0.7033382473506029,0.7030362903122883,
2024-10,CUST081,Alto Industries 081,42190.33,29574.92,0.7009881174193233,0.7026925373773416,
2024-11,CUST081,Alto Industries 081,42149.67,29695.23,0.7045186830644226,0.7029483492781162,
2024-12,CUST081,Alto Industries 081,44235.34,31149.67,0.7041806392807199,0.7032291465881553,
2025-01,CUST081,Alto Industries 081,52114.81,33442.02,0.6416989719429084,0.6834660980960169,-0.0617031677742409
2025-02,CUST081,Alto Industries 081,52374.42,33581.53,0.6411818975751903,0.6623538362662728,-0.06309405714527383
2025-03,CUST081,Alto Industries 081,55741.07,35859.99,0.6433315686261494,0.6420708127147493,-0.05989959792044264
2025-04,CUST081,Alto Industries 081,55615.73,35760.17,0.6429866154773118,0.6425000272262172,-0.060445732008774344
2025-05,CUST081,Alto Industries 081,54441.13,34745.65,0.638224261693319,0.6415141485989267,-0.06440764003967092
2025-06,CUST081,Alto Industries 081,52402.49,33641.92,0.6419908672278741,0.6410672481328351,-0.05947516770244843
2025-07,CUST081,Alto Industries 081,52969.00,34020.01,0.6422626441881101,0.6408259243697677,-0.05975673203605314
2025-08,CUST081,Alto Industries 081,50682.92,32390.00,0.6390713084407923,0.6411082732855923,-0.06467993892130652
2025-09,CUST081,Alto Industries 081,47221.40,30302.17,0.6417041849669852,0.6410127125319626,-0.06163406238361768
2025-10,CUST081,Alto Industries 081,47290.89,30248.40,0.6396242489832609,0.6401332474636795,-0.06136386843606245
2025-11,CUST081,Alto Industries 081,43422.01,27789.09,0.6399770531120047,0.6404351623540836,-0.06454162995241786
2025-12,CUST081,Alto Industries 081,44412.28,28545.14,0.6427307942758174,0.6407773654570277,-0.06144984500490258
2024-01,CUST082,Beacon Industries 082,44189.33,31074.14,0.7032045971278587,0.7032045971278587,
2024-02,CUST082,Beacon Industries 082,44192.92,31054.25,0.7026974003980728,0.7029509987629657,
2024-03,CUST082,Beacon Industries 082,47660.59,33471.37,0.7022861026269294,0.7027293667176203,
2024-04,CUST082,Beacon Industries 082,46790.27,32870.18,0.7025003275253595,0.7024946101834538,
2024-05,CUST082,Beacon Industries 082,46071.26,32429.88,0.7039069476285216,0.7028977925936036,
2024-06,CUST082,Beacon Industries 082,44956.67,31607.69,0.7030700894883896,0.7031591215474235,
2024-07,CUST082,Beacon Industries 082,45534.22,32015.94,0.7031182262483029,0.7033650877884048,
2024-08,CUST082,Beacon Industries 082,42302.35,29749.00,0.7032469827326379,0.7031450994897769,
2024-09,CUST082,Beacon Industries 082,41839.86,29446.39,0.7037879667857397,0.7033843919222268,
2024-10,CUST082,Beacon Industries 082,40662.25,28613.60,0.7036895400525056,0.7035748298569611,
2024-11,CUST082,Beacon Industries 082,43268.82,30428.53,0.7032438139057178,0.7035737735813209,
2024-12,CUST082,Beacon Industries 082,41986.08,29560.89,0.7040640612317225,0.7036658050633152,
2025-01,CUST082,Beacon Industries 082,53252.27,34283.74,0.6437986587238441,0.6837021779537614,-0.059405938404014536
2025-02,CUST082,Beacon Industries 082,53964.19,34516.68,0.6396219418840531,0.6624948872798733,-0.06307545851401974
2025-03,CUST082,Beacon Industries 082,53859.84,34587.92,0.642183860924949,0.641868153844282,-0.06010224170198042
2025-04,CUST082,Beacon Industries 082,56167.92,36226.15,0.6449615723708481,0.6422557917266167,-0.057538755154511456
2025-05,CUST082,Beacon Industries 082,54233.84,34916.32,0.6438105802576399,0.6436520045178123,-0.06009636737088164
2025-06,CUST082,Beacon Industries 082,54246.51,34620.47,0.6382064025870051,0.642326185071831,-0.06486368690138444
2025-07,CUST082,Beacon Industries 082,50415.40,32328.37,0.6412399782606109,0.641085653701752,-0.06187824798769204
2025-08,CUST082,Beacon Industries 082,48687.87,31168.26,0.6401647884781158,0.6398703897752439,-0.0630821942545221
2025-09,CUST082,Beacon Industries 082,48539.75,31114.99,0.641020812838962,0.6408085265258961,-0.06276715394677779
2025-10,CUST082,Beacon Industries 082,44412.64,28457.58,0.640754073615079,0.6406465583107189,-0.06293546643742665
2025-11,CUST082,Beacon Industries 082,43651.53,28053.85,0.6426773586172122,0.6414840816904177,-0.06056645528850557
2025-12,CUST082,Beacon Industries 082,43515.51,27880.38,0.6406998332318753,0.6413770884880554,-0.0633642279998472
2024-01,CUST083,Cedar Industries 083,43740.17,30822.94,0.7046826749873172,0.7046826749873172,
2024-02,CUST083,Cedar Industries 083,44812.67,31637.68,0.7059985490710552,0.7053406120291862,
2024-03,CUST083,Cedar Industries 083,44721.00,31459.22,0.7034552000178887,0.7047121413587537,
2024-04,CUST083,Cedar Industries 083,45411.45,32064.21,0.7060820563976706,0.7051786018288716,
2024-05,CUST083,Cedar Industries 083,45587.35,32090.54,0.7039351925479328,0.704490816321164,
2024-06,CUST083,Cedar Industries 083,45767.71,32252.58,0.7047016335315881,0.7049062941590639,
2024-07,CUST083,Cedar Industries 083,44687.09,31325.03,0.7009861237328275,0.7032076499374494,
2024-08,CUST083,Cedar Industries 083,41602.75,29232.49,0.702657636814874,0.7027817980264298,
2024-09,CUST083,Cedar Industries 083,40910.94,28725.04,0.7021359079014072,0.7019265561497029,
2024-10,CUST083,Cedar Industries 083,40731.15,28725.00,0.7052342003601666,0.7033425816921492,
2024-11,CUST083,Cedar Industries 083,43084.82,30282.51,0.7028579903548395,0.703409366205471,
2024-12,CUST083,Cedar Industries 083,41408.52,29152.72,0.7040270939410538,0.70403976155202,
2025-01,CUST083,Cedar Industries 083,50795.73,32406.20,0.6379709475579936,0.681618677284629,-0.06671172742932363
2025-02,CUST083,Cedar Industries 083,52107.35,33287.32,0.6388219704130031,0.6602733373040168,-0.06717657865805204
2025-03,CUST083,Cedar Industries 083,54916.49,35351.57,0.6437332393239262,0.6401753857649743,-0.05972196069396252
2025-04,CUST083,Cedar Industries 083,53384.79,34240.34,0.6413875562683677,0.6413142553350991,-0.06469450012930289
2025-05,CUST083,Cedar Industries 083,53229.61,34107.25,0.640757089897897,0.6419592951633969,-0.06317810265003576
2025-06,CUST083,Cedar Industries 083,52990.46,33955.51,0.6407853413614452,0.6409766625092366,-0.06391629217014294
2025-07,CUST083,Cedar Industries 083,52507.28,33560.32,0.6391555609050783,0.6402326640548068,-0.061830562827749236
2025-08,CUST083,Cedar Industries 083,48438.80,31026.35,0.6405268090869303,0.6401559037844846,-0.06213082772794376
2025-09,CUST083,Cedar Industries 083,47822.12,30642.29,0.6407555750351511,0.6401459816757199,-0.061380332866256104
2025-10,CUST083,Cedar Industries 083,45635.09,29200.17,0.6398622200591694,0.6403815347270836,-0.06537198030099722
2025-11,CUST083,Cedar Industries 083,45540.18,29097.54,0.6389421385686223,0.6398533112209809,-0.06391585178621728
2025-12,CUST083,Cedar Industries 083,43465.96,27897.17,0.6418164927221209,0.6402069504499708,-0.06221060121893285
2024-01,CUST084,Delta Industries 084,42755.01,30151.43,0.705213962059651,0.705213962059651,
2024-02,CUST084,Delta Industries 084,45792.40,32122.51,0.7014812501637826,0.7033476061117168,
2024-03,CUST084,Delta Industries 084,44566.35,31438.55,0.7054324619359674,0.7040425580531336,
2024-04,CUST084,Delta Industries 084,45073.22,31706.83,0.7034516282617483,0.7034551134538328,
2024-05,CUST084,Delta Industries 084,44858.04,31539.34,0.7030922438876063,0.703992111361774,
2024-06,CUST084,Delta Industries 084,46335.69,32658.61,0.7048262365360265,0.7037900362284604,
2024-07,CUST084,Delta Industries 084,43999.53,30881.16,0.7018520425104541,0.703256840978029,
2024-08,CUST084,Delta Industries 084,43576.13,30680.27,0.7040613748857459,0.7035798846440754,
2024-09,CUST084,Delta Industries 084,43224.52,30392.53,0.7031316946955108,0.7030150373639037,
2024-10,CUST084,Delta Industries 084,40666.52,28670.11,0.7050052475599093,0.704066105713722,
2024-11,CUST084,Delta Industries 084,40552.34,28610.18,0.7055124315884115,0.7045497912812771,
2024-12,CUST084,Delta Industries 084,42353.25,29767.63,0.7028416945570883,0.7044531245684696,
2025-01,CUST084,Delta Industries 084,52463.60,33669.94,0.641777155970997,0.6833770940388323,-0.06343680608865399
2025-02,CUST084,Delta Industries 084,51289.62,32905.65,0.6415654863498697,0.662061445625985,-0.05991576381391295
2025-03,CUST084,Delta Industries 084,53284.12,34208.50,0.6420017821444738,0.6417814748217802,-0.06343067979149364
2025-04,CUST084,Delta Industries 084,53364.20,34300.05,0.6427539436551097,0.6421070707164843,-0.0606976846066386
2025-05,CUST084,Delta Industries 084,53424.47,34248.27,0.6410596118220733,0.6419384458738856,-0.062032632065533
2025-06,CUST084,Delta Industries 084,52175.66,33676.74,0.6454492382080073,0.6430875978950634,-0.05937699832801924
2025-07,CUST084,Delta Industries 084,52605.79,33870.77,0.6438601150177575,0.6434563216826127,-0.05799192749269655
2025-08,CUST084,Delta Industries 084,48322.42,30887.68,0.6391997751768227,0.6428363761341959,-0.06486159970892325
2025-09,CUST084,Delta Industries 084,47882.15,30737.69,0.6419446495197062,0.6416681799047622,-0.061187045175804644
2025-10,CUST084,Delta Industries 084,45942.41,29564.52,0.6435126063260503,0.6415523436741931,-0.061492641233859
2025-11,CUST084,Delta Industries 084,44608.11,28503.41,0.6389737202495241,0.6414769920317602,-0.06653871133888734
2025-12,CUST084,Delta Industries 084,45023.33,29009.79,0.6443279517530134,0.6422714261095294,-0.05851374280407495
2024-01,CUST085,Ember Industries 085,44177.83,31067.76,0.7032432330877274,0.7032432330877274,
2024-02,CUST085,Ember Industries 085,46440.69,32713.78,0.7044206276866256,0.7038319303871765,
2024-03,CUST085,Ember Industries 085,46334.33,32590.51,0.7033771719586751,0.7036803442443427,
2024-04,CUST085,Ember Industries 085,45597.83,32215.41,0.7065119107641745,0.704769903469825,
2024-05,CUST085,Ember Industries 085,46525.33,32665.19,0.7020947513967122,0.7039946113731873,
2024-06,CUST085,Ember Industries 085,44067.16,31122.63,0.7062544988149906,0.7049537203252925,
2024-07,CUST085,Ember Industries 085,45284.93,31740.44,0.7009051355495084,0.7030847952537371,
2024-08,CUST085,Ember Industries 085,41930.77,29569.84,0.7052062244504455,0.7041219529383148,
2024-09,CUST085,Ember Industries 085,42487.02,29855.76,0.7027030843772992,0.702938148125751,
2024-10,CUST085,Ember Industries 085,41060.75,28962.27,0.7053517044866447,0.7044203377714632,
2024-11,CUST085,Ember Industries 085,43331.73,30448.17,0.7026760759378865,0.7035769549339435,
2024-12,CUST085,Ember Industries 085,41850.88,29548.24,0.706036288842672,0.7046880230890679,
2025-01,CUST085,Ember Industries 085,50403.41,32343.63,0.64169527418879,0.6834692129897828,-0.06154795889893738
2025-02,CUST085,Ember Industries 085,54376.79,34760.35,0.6392497607894838,0.6623271079403152,-0.0651708668971418
2025-03,CUST085,Ember Industries 085,54392.11,34909.57,0.6418131232636498,0.6409193860806411,-0.0615640486950253
2025-04,CUST085,Ember Industries 085,54665.16,35133.55,0.6427046038098123,0.6412558292876487,-0.06380730695436221
2025-05,CUST085,Ember Industries 085,53495.32,34343.01,0.6419815789493362,0.6421664353409328,-0.06011317244737602
2025-06,CUST085,Ember Industries 085,53977.13,34672.01,0.6423463048146503,0.6423441625245996,-0.06390819400034031
2025-07,CUST085,Ember Industries 085,52007.81,33303.95,0.6403643991162097,0.6415640942933987,-0.060540736433298714
2025-08,CUST085,Ember Industries 085,48464.74,31151.70,0.6427703934860685,0.6418270324723095,-0.06243583096437699
2025-09,CUST085,Ember Industries 085,46750.98,29872.50,0.6389705627561176,0.6407017851194653,-0.06373252162118159
2025-10,CUST085,Ember Industries 085,45582.55,29300.00,0.6427898395328914,0.6415102652583591,-0.06256186495375338
2025-11,CUST085,Ember Industries 085,44257.82,28402.95,0.6417611622081703,0.6411738548323931,-0.06091491372971625
2025-12,CUST085,Ember Industries 085,42573.60,27322.07,0.6417608564932259,0.6421039527447624,-0.0642754323494461
2024-01,CUST086,Foundry Industries 086,43834.16,30889.23,0.7046839724999863,0.7046839724999863,
2024-02,CUST086,Foundry Industries 086,45669.97,32263.19,0.7064421106473247,0.7055630415736555,
2024-03,CUST086,Foundry Industries 086,46531.47,32700.86,0.7027686853649798,0.704631589504097,
2024-04,CUST086,Foundry Industries 086,46338.91,32746.03,0.7066637950698451,0.7052915303607165,
2024-05,CUST086,Foundry Industries 086,45167.74,31915.79,0.7066058651595143,0.7053461151981132,
2024-06,CUST086,Foundry Industries 086,46534.14,32769.28,0.7041986807965077,0.7058227803419556,
2024-07,CUST086,Foundry Industries 086,42886.13,30201.16,0.7042174241415582,0.70500732336586,
2024-08,CUST086,Foundry Industries 086,43437.98,30649.61,0.7055947352984646,0.7046702800788435,
2024-09,CUST086,Foundry Industries 086,41998.55,29412.90,0.7003313209622714,0.7033811601340981,
2024-10,CUST086,Foundry Industries 086,41329.75,29022.11,0.7022086995445169,0.7027115852684176,
2024-11,CUST086,Foundry Industries 086,41599.52,29359.70,0.705770162732647,0.7027700610798119,
2024-12,CUST086,Foundry Industries 086,42785.06,30038.56,0.702080586073737,0.7033531494503004,
2025-01,CUST086,Foundry Industries 086,51981.39,33375.10,0.6420586290593614,0.6833031259552484,-0.06262534344062487
2025-02,CUST086,Foundry Industries 086,51210.53,32965.16,0.643718391510496,0.6626192022145315,-0.06272371913682862
2025-03,CUST086,Foundry Industries 086,53936.52,34591.13,0.6413304009973205,0.6423691405223927,-0.0614382843676593
2025-04,CUST086,Foundry Industries 086,54894.54,35226.17,0.6417062607683751,0.6422516844253972,-0.06495753430147
2025-05,CUST086,Foundry Industries 086,54999.02,35189.95,0.6398286733109062,0.6409551116922007,-0.06677719184860809
2025-06,CUST086,Foundry Industries 086,51613.47,33157.61,0.642421639157375,0.6413188577455521,-0.06177704163913267
2025-07,CUST086,Foundry Industries 086,53171.52,34198.41,0.6431715700435121,0.6418072941705978,-0.06104585409804608
2025-08,CUST086,Foundry Industries 086,49937.49,32040.56,0.641613345003924,0.6424021847349372,-0.06398139029454064
2025-09,CUST086,Foundry Industries 086,47230.24,30308.66,0.6417214902994353,0.6421688017822905,-0.05860983066283609
2025-10,CUST086,Foundry Industries 086,45688.29,29365.21,0.6427294608749856,0.6420214320594483,-0.05947923866953131
2025-11,CUST086,Foundry Industries 086,44651.67,28597.35,0.6404542092154671,0.641635053463296,-0.06531595351717989
2025-12,CUST086,Foundry Industries 086,43885.67,28111.01,0.6405510044622766,0.6412448915175765,-0.06152958161146038
2024-01,CUST087,Granite Industries 087,42835.31,30263.82,0.7065157226596469,0.7065157226596469,
2024-02,CUST087,Granite Industries 087,45181.80,31798.45,0.7037889150055996,0.7051523188326232,
2024-03,CUST087,Granite Industries 087,45159.11,31772.73,0.7035729889273725,0.7046258755308731,
2024-04,CUST087,Granite Industries 087,45104.25,31621.65,0.7010791665973828,0.702813690176785,
2024-05,CUST087,Granite Industries 087,44511.51,31297.38,0.70313004434134,0.7025940666220318,
2024-06,CUST087,Granite Industries 087,46239.27,32495.67,0.7027721242138987,0.7023271117175405,
2024-07,CUST087,Granite Industries 087,43807.35,30861.53,0.7044829235276728,0.7034616973609705,
2024-08,CUST087,Granite Industries 087,41704.02,29270.77,0.7018692682384097,0.7030414386599938,
2024-09,CUST087,Granite Industries 087,41351.52,29199.44,0.7061273684740005,0.7041598534133611,
2024-10,CUST087,Granite Industries 087,41801.59,29402.04,0.703371331090516,0.7037893226009754,
2024-11,CUST087,Granite Industries 087,41189.22,28978.90,0.703555444846977,0.7043513814704978,
2024-12,CUST087,Granite Industries 087,42860.67,30265.77,0.7061431844159226,0.7043566534511384,
2025-01,CUST087,Granite Industries 087,51287.07,32827.25,0.6400687346732812,0.683255787978727,-0.06644698798636572
2025-02,CUST087,Granite Industries 087,54571.05,35139.18,0.6439161423502021,0.6633760204798019,-0.05987277265539748
2025-03,CUST087,Granite Industries 087,52488.62,33765.44,0.6432906790081355,0.6424251853438729,-0.060282309919237
2025-04,CUST087,Granite Industries 087,55356.44,35335.82,0.6383325950874008,0.6418464721485795,-0.06274657150998197
2025-05,CUST087,Granite Industries 087,53570.51,34295.85,0.64020017729904,0.6406078171315254,-0.06292986704229997
2025-06,CUST087,Granite Industries 087,53506.56,34412.32,0.643142074541888,0.6405582823094429,-0.05963004967201069
2025-07,CUST087,Granite Industries 087,52082.85,33344.41,0.6402186132287309,0.6411869550232195,-0.06426431029894197
2025-08,CUST087,Granite Industries 087,50259.26,32380.35,0.6442663501213507,0.6425423459639897,-0.05760291811705898
2025-09,CUST087,Granite Industries 087,45935.12,29449.49,0.6411105489655845,0.6418651707718886,-0.06501681950841598
2025-10,CUST087,Granite Industries 087,46892.19,30163.17,0.6432450691682345,0.6428739894183899,-0.06012626192228143
2025-11,CUST087,Granite Industries 087,45094.69,28804.02,0.6387452713390424,0.6410336298242871,-0.06481017350793461
2025-12,CUST087,Granite Industries 087,42641.56,27419.19,0.6430156401407453,0.6416686602160074,-0.0631275442751773
2024-01,CUST088,Helix Industries 088,44229.14,31078.73,0.7026754307228221,0.7026754307228221,
2024-02,CUST088,Helix Industries 088,46166.63,32504.93,0.7040784653330772,0.7033769480279497,
2024-03,CUST088,Helix Industries 088,46591.79,32893.94,0.7060029245495827,0.7042522735351607,
2024-04,CUST088,Helix Industries 088,44856.91,31640.17,0.7053577698508434,0.7051463865778343,
2024-05,CUST088,Helix Industries 088,46721.92,33017.95,0.7066907781187074,0.7060171575063778,
2024-06,CUST088,Helix Industries 088,45454.92,32104.12,0.7062848202130815,0.7061111227275441,
2024-07,CUST088,Helix Industries 088,44113.76,31075.50,0.7044400658660699,0.7058052213992863,
2024-08,CUST088,Helix Industries 088,41645.51,29274.39,0.7029422859751266,0.7045557240180926,
2024-09,CUST088,Helix Industries 088,40669.71,28559.73,0.7022358900518346,0.7032060806310104,
2024-10,CUST088,Helix Industries 088,41782.88,29376.39,0.7030724066890555,0.7027501942386722,
2024-11,CUST088,Helix Industries 088,41281.80,28987.83,0.7021939450314666,0.7025007472574522,
2024-12,CUST088,Helix Industries 088,43154.91,30384.51,0.7040800224122816,0.7031154580442679,
2025-01,CUST088,Helix Industries 088,50456.69,32536.49,0.6448399607663523,0.6837046427367003,-0.05783546995646982
2025-02,CUST088,Helix Industries 088,54134.92,34946.91,0.6455520761829888,0.6648240197872076,-0.05852638915008834
2025-03,CUST088,Helix Industries 088,55231.39,35372.57,0.6404432334583648,0.6436117568025687,-0.06555969109121784
2025-04,CUST088,Helix Industries 088,55164.82,35428.08,0.6422223438778555,0.6427392178397363,-0.06313542597298794
2025-05,CUST088,Helix Industries 088,54352.31,34904.00,0.6421806175303313,0.6416153982888505,-0.06451016058837611
2025-06,CUST088,Helix Industries 088,54409.68,34951.08,0.6423687843780739,0.6422572485954202,-0.0639160358350076
2025-07,CUST088,Helix Industries 088,51162.02,32859.48,0.6422631475457772,0.6422708498180608,-0.06217691832029271
2025-08,CUST088,Helix Industries 088,49388.91,31630.18,0.640430817363655,0.6416875830958354,-0.06251146861147161
2025-09,CUST088,Helix Industries 088,48166.72,30886.48,0.6412410892832229,0.641311684730885,-0.060994800768611745
2025-10,CUST088,Helix Industries 088,44203.07,28408.41,0.6426795695412106,0.6414504920626961,-0.060392837147844824
2025-11,CUST088,Helix Industries 088,45855.16,29397.41,0.6410927363463567,0.6416711317235967,-0.06110120868510993
2025-12,CUST088,Helix Industries 088,44227.68,28392.55,0.6419633586930176,0.6419118881935283,-0.062116663719264054
2024-01,CUST089,Indigo Industries 089,43631.85,30600.01,0.7013227722409203,0.7013227722409203,
2024-02,CUST089,Indigo Industries 089,45877.11,32257.05,0.7031186140539367,0.7022206931474285,
2024-03,CUST089,Indigo Industries 089,47503.47,33400.56,0.7031183195669705,0.7025199019539424,
2024-04,CUST089,Indigo Industries 089,45010.43,31663.32,0.7034662854809429,0.7032344063672834,
2024-05,CUST089,Indigo Industries 089,45379.25,31881.45,0.7025556834897007,0.7030467628458714,
2024-06,CUST089,Indigo Industries 089,45073.09,31806.11,0.7056563017978134,0.7038927569228189,
2024-07,CUST089,Indigo Industries 089,45449.20,31888.47,0.7016288515529427,0.7032802789468189,
2024-08,CUST089,Indigo Industries 089,42378.57,29962.74,0.7070257443797656,0.7047702992435072,
2024-09,CUST089,Indigo Industries 089,42007.59,29574.91,0.7040372942127839,0.7042306300484974,
2024-10,CUST089,Indigo Industries 089,41645.33,29282.58,0.703141984947652,0.7047350078467338,
2024-11,CUST089,Indigo Industries 089,42345.78,29894.23,0.7059553513951096,0.7043782101851818,
2024-12,CUST089,Indigo Industries 089,43843.14,30818.37,0.7029234219994279,0.7040069194473966,
2025-01,CUST089,Indigo Industries 089,51906.09,33165.95,0.6389606691623275,0.6826131475189549,-0.0623621030785928
2025-02,CUST089,Indigo Industries 089,52550.60,33658.05,0.6404884054606418,0.6607908322074657,-0.06263020859329493
2025-03,CUST089,Indigo Industries 089,53815.52,34495.89,0.6410026326977794,0.6401505691069161,-0.06211568686919111
2025-04,CUST089,Indigo Industries 089,54872.99,35080.16,0.6392974029663775,0.6402628137082663,-0.06416888251456543
2025-05,CUST089,Indigo Industries 089,54558.61,34958.14,0.6407446963916419,0.6403482440185996,-0.06181098709805877
2025-06,CUST089,Indigo Industries 089,54204.73,34765.52,0.6413742859709843,0.6404721284430013,-0.06428201582682902
2025-07,CUST089,Indigo Industries 089,49953.34,32085.79,0.6423152085526214,0.6414780636384159,-0.05931364300032138
2025-08,CUST089,Indigo Industries 089,50624.73,32433.99,0.6406748243398038,0.6414547729544698,-0.06635092003996179
2025-09,CUST089,Indigo Industries 089,49050.00,31440.87,0.6409963302752293,0.6413287877225514,-0.06304096393755465
2025-10,CUST089,Indigo Industries 089,46894.67,29951.77,0.638703076490356,0.6401247437017963,-0.06443890845729605
2025-11,CUST089,Indigo Industries 089,43146.80,27678.58,0.6414978631091993,0.6403990899582616,-0.06445748828591025
2025-12,CUST089,Indigo Industries 089,43556.66,27858.39,0.6395896746903917,0.6399302047633156,-0.06333374730903618
2024-01,CUST090,Kinetic Industries 090,42952.29,30302.67,0.7054960282676429,0.7054960282676429,
2024-02,CUST090,Kinetic Industries 090,46023.95,32449.65,0.7050600828481693,0.7052780555579061,
2024-03,CUST090,Kinetic Industries 090,46720.86,32877.32,0.7036968069508994,0.7047509726889039,
2024-04,CUST090,Kinetic Industries 090,45601.86,32094.16,0.7037905909978234,0.7041824935989641,
2024-05,CUST090,Kinetic Industries 090,47581.67,33536.82,0.7048264594328026,0.704104619127175,
2024-06,CUST090,Kinetic Industries 090,44172.52,31009.09,0.701999568962785,0.703538873131137,
2024-07,CUST090,Kinetic Industries 090,44283.80,31133.35,0.7030415185688671,0.703289182321485,
2024-08,CUST090,Kinetic Industries 090,43654.88,30818.08,0.7059481093522649,0.7036630656279724,
2024-09,CUST090,Kinetic Industries 090,40720.31,28690.38,0.7045717481030965,0.7045204586747428,
2024-10,CUST090,Kinetic Industries 090,41533.48,29180.39,0.7025751273430494,0.7043649949328037,
2024-11,CUST090,Kinetic Industries 090,43340.65,30547.30,0.7048186863833376,0.7039885206098279,
2024-12,CUST090,Kinetic Industries 090,41432.01,29174.69,0.7041582100409803,0.7038506745891224,
2025-01,CUST090,Kinetic Industries 090,52839.12,33967.56,0.6428487075484981,0.6839418679909386,-0.0626473207191448
2025-02,CUST090,Kinetic Industries 090,52107.71,33284.44,0.6387622868093801,0.6619230681329529,-0.06629779603878927
2025-03,CUST090,Kinetic Industries 090,54017.59,34459.21,0.6379257201219085,0.6398455714932623,-0.06577108682899091
2025-04,CUST090,Kinetic Industries 090,54814.52,35116.34,0.6406393780334115,0.6391091283215666,-0.06315121296441184
2025-05,CUST090,Kinetic Industries 090,54643.85,35036.00,0.6411700493285155,0.6399117158279451,-0.06365641010428713
2025-06,CUST090,Kinetic Industries 090,52129.52,33441.16,0.6415013988235457,0.6411036087284909,-0.060498170139239305
2025-07,CUST090,Kinetic Industries 090,50012.07,32189.68,0.6436382257323082,0.6421032246281232,-0.059403292836558874
2025-08,CUST090,Kinetic Industries 090,51127.16,32763.98,0.6408331696890655,0.6419909314149731,-0.06511493966319948
2025-09,CUST090,Kinetic Industries 090,46979.41,30049.27,0.6396263810039334,0.6413659254751024,-0.0649453670991631
2025-10,CUST090,Kinetic Industries 090,45269.39,28953.31,0.6395780901841178,0.6400125469590389,-0.06299703715893157
2025-11,CUST090,Kinetic Industries 090,43402.56,27866.29,0.6420425431126644,0.6404156714335719,-0.06277614327067316
2025-12,CUST090,Kinetic Industries 090,44373.11,28338.49,0.6386410598671133,0.6400872310546318,-0.06551715017386706
2024-01,CUST091,Lattice Industries 091,44680.47,31361.33,0.7019024195582545,0.7019024195582545,
2024-02,CUST091,Lattice Industries 091,44055.06,31022.28,0.7041706446433168,0.7030365321007856,
2024-03,CUST091,Lattice Industries 091,45063.05,31705.24,0.7035751019959812,0.7032160553991842,
2024-04,CUST091,Lattice Industries 091,46219.64,32487.69,0.7028979455486888,0.7035478973959955,
2024-05,CUST091,Lattice Industries 091,45782.89,32137.00,0.7019434552951987,0.702805500946623,
2024-06,CUST091,Lattice Industries 091,43802.13,30786.31,0.7028496102815092,0.7025636703751322,
2024-07,CUST091,Lattice Industries 091,45022.14,31750.08,0.7052103698313763,0.7033344784693614,
2024-08,CUST091,Lattice Industries 091,42608.29,29884.43,0.7013759528955515,0.7031453110028124,
2024-09,CUST091,Lattice Industries 091,40526.35,28597.53,0.7056527419814516,0.7040796882361264,
2024-10,CUST091,Lattice Industries 091,42762.66,30068.42,0.7031466237133049,0.7033917728634359,
2024-11,CUST091,Lattice Industries 091,40885.91,28730.26,0.7026934217680368,0.7038309291542645,
2024-12,CUST091,Lattice Industries 091,41460.43,29157.72,0.7032662227574582,0.7030354227462666,
2025-01,CUST091,Lattice Industries 091,52839.48,33801.68,0.6397050084520135,0.6818882176591695,-0.062197411106240996
2025-02,CUST091,Lattice Industries 091,51565.41,32966.43,0.6393128649612211,0.6607613653902309,-0.06485777968209572
2025-03,CUST091,Lattice Industries 091,54853.68,35243.06,0.6424921719016846,0.6405033484383065,-0.06108293009429655
2025-04,CUST091,Lattice Industries 091,53465.75,34221.14,0.6400572329014369,0.6406207565881142,-0.06284071264725188
2025-05,CUST091,Lattice Industries 091,54647.16,34902.97,0.6386968691511141,0.6404154246514119,-0.06324658614408463
2025-06,CUST091,Lattice Industries 091,52121.31,33372.73,0.6402895475957915,0.6396812165494475,-0.06256006268571768
2025-07,CUST091,Lattice Industries 091,52351.01,33443.19,0.6388260704043723,0.639270829050426,-0.06638429942700397
2025-08,CUST091,Lattice Industries 091,50401.44,32328.13,0.6414128247129447,0.6401761475710362,-0.05996312818260685
2025-09,CUST091,Lattice Industries 091,46227.73,29661.66,0.641642148554558,0.6406270145572917,-0.06401059342689353
2025-10,CUST091,Lattice Industries 091,47201.32,30277.23,0.6414487984658056,0.6415012572444362,-0.06169782524749934
2025-11,CUST091,Lattice Industries 091,45005.13,28957.77,0.6434326486780507,0.6421745318994714,-0.05926077308998612
2025-12,CUST091,Lattice Industries 091,44331.13,28572.21,0.6445179719082279,0.6431331396840281,-0.0587482508492303
2024-01,CUST092,Mosaic Industries 092,43492.27,30660.72,0.7049694118058222,0.7049694118058222,
2024-02,CUST092,Mosaic Industries 092,45082.17,31808.41,0.7055651935122023,0.7052673026590122,
2024-03,CUST092,Mosaic Industries 092,45708.99,32006.78,0.7002294297029972,0.7035880116736738,
2024-04,CUST092,Mosaic Industries 092,46379.54,32661.91,0.7042310035847703,0.7033418755999898,
2024-05,CUST092,Mosaic Industries 092,46571.99,32746.65,0.7031404498712639,0.7025336277196771,
2024-06,CUST092,Mosaic Industries 092,44565.55,31323.90,0.7028725102685819,0.7034146545748721,
2024-07,CUST092,Mosaic Industries 092,43728.23,30755.07,0.7033230020972722,0.7031119874123727,
2024-08,CUST092,Mosaic Industries 092,43533.34,30722.42,0.70572163771491,0.7039723833602546,
2024-09,CUST092,Mosaic Industries 092,41245.09,29135.56,0.7064006891486964,0.7051484429869594,
2024-10,CUST092,Mosaic Industries 092,41966.73,29484.35,0.7025648650728803,0.7048957306454956,
2024-11,CUST092,Mosaic Industries 092,40802.48,28621.25,0.7014585878113291,0.7034747140109685,
2024-12,CUST092,Mosaic Industries 092,43935.52,30852.71,0.7022270363478116,0.7020834964106736,
2025-01,CUST092,Mosaic Industries 092,50243.31,32142.72,0.6397412909300761,0.681142305029739,-0.06522812087574603
2025-02,CUST092,Mosaic Industries 092,53991.79,34573.13,0.6403405036210135,0.6607696102996338,-0.06522468989118879
2025-03,CUST092,Mosaic Industries 092,54818.13,35288.40,0.6437359318896869,0.6412725754802588,-0.056493497813310256
2025-04,CUST092,Mosaic Industries 092,53424.60,34379.00,0.6435050519797996,0.6425271624968333,-0.06072595160497074
2025-05,CUST092,Mosaic Industries 092,54957.48,35398.41,0.6441054065797777,0.6437821301497547,-0.05903504329148623
2025-06,CUST092,Mosaic Industries 092,51478.16,33077.78,0.6425594854206133,0.6433899813267302,-0.06031302484796863
2025-07,CUST092,Mosaic Industries 092,50944.52,32759.23,0.6430373669238615,0.6432340863080842,-0.06028563517341068
2025-08,CUST092,Mosaic Industries 092,51207.27,32829.38,0.6411077958266472,0.6422348827237073,-0.0646138418882628
2025-09,CUST092,Mosaic Industries 092,47023.26,30058.62,0.6392287561517427,0.6411246396340838,-0.06717193299695368
2025-10,CUST092,Mosaic Industries 092,44787.89,28762.24,0.6421878771248211,0.6408414763677369,-0.060376987948059235
2025-11,CUST092,Mosaic Industries 092,45429.39,29251.91,0.6438983662338411,0.6417716665034683,-0.05756022157748797
2025-12,CUST092,Mosaic Industries 092,45518.12,29281.97,0.6433035898670683,0.6431299444085768,-0.058923446480743324
2024-01,CUST093,Nova Industries 093,45294.74,31878.64,0.7038044594140512,0.7038044594140512,
2024-02,CUST093,Nova Industries 093,44539.72,31337.90,0.7035944545677432,0.7036994569908972,
2024-03,CUST093,Nova Industries 093,44709.26,31387.42,0.7020339858007043,0.7031442999274996,
2024-04,CUST093,Nova Industries 093,46151.63,32447.58,0.7030646588213678,0.7028976997299384,
2024-05,CUST093,Nova Industries 093,44516.93,31279.50,0.7026427923039616,0.7025804789753446,
2024-06,CUST093,Nova Industries 093,45920.23,32400.83,0.7055894537113598,0.7037656349455631,
2024-07,CUST093,Nova Industries 093,44269.60,31174.89,0.7042053689213366,0.7041458716455526,
2024-08,CUST093,Nova Industries 093,43985.92,31026.76,0.705379357758119,0.7050580601302717,
2024-09,CUST093,Nova Industries 093,41967.09,29460.35,0.7019869616883134,0.7038572294559229,
2024-10,CUST093,Nova Industries 093,41512.49,29148.11,0.7021527737796505,0.703173031075361,
2024-11,CUST093,Nova Industries 093,40617.35,28656.92,0.7055339651651327,0.7032245668776987,
2024-12,CUST093,Nova Industries 093,41421.63,29226.99,0.7055972930085079,0.704428010651097,
2025-01,CUST093,Nova Industries 093,50542.48,32450.63,0.64204665065901,0.6843926362775502,-0.06175780875504122
2025-02,CUST093,Nova Industries 093,53445.02,34329.35,0.642330192785034,0.6633247121508506,-0.06126426178270916
2025-03,CUST093,Nova Industries 093,55406.38,35642.26,0.6432880112362512,0.6425549515600983,-0.058745974564453074
2025-04,CUST093,Nova Industries 093,55322.18,35666.16,0.644699106217434,0.6434391034129064,-0.058365552603933835
2025-05,CUST093,Nova Industries 093,52446.80,33688.88,0.6423438608265899,0.6434436594267584,-0.06029893147737175
2025-06,CUST093,Nova Industries 093,51778.56,33138.84,0.6400108461880747,0.6423512710773662,-0.06557860752328515
2025-07,CUST093,Nova Industries 093,50772.61,32661.17,0.6432832584340257,0.6418793218162301,-0.06092211048731089
2025-08,CUST093,Nova Industries 093,50446.39,32345.15,0.6411786849366229,0.6414909298529078,-0.06420067282149611
2025-09,CUST093,Nova Industries 093,48617.11,31336.31,0.6445531213188115,0.6430050215631534,-0.05743384036950194
2025-10,CUST093,Nova Industries 093,46320.93,29720.66,0.6416248551140921,0.6424522204565087,-0.0605279186655584
2025-11,CUST093,Nova Industries 093,44383.59,28397.32,0.6398157517226525,0.6419979093851853,-0.06571821344248019
2025-12,CUST093,Nova Industries 093,42786.49,27412.47,0.640680504523741,0.6407070371201619,-0.0649167884847669
2024-01,CUST094,Orchid Industries 094,44753.00,31394.34,0.7015024691082162,0.7015024691082162,
2024-02,CUST094,Orchid Industries 094,46436.01,32589.93,0.7018245107622295,0.7016634899352229,
2024-03,CUST094,Orchid Industries 094,44597.69,31504.35,0.7064121482525215,0.703246376040989,
2024-04,CUST094,Orchid Industries 094,46242.26,32523.04,0.7033185661773451,0.7038517417306988,
2024-05,CUST094,Orchid Industries 094,47708.68,33558.17,0.7033975788053662,0.7043760977450776,
2024-06,CUST094,Orchid Industries 094,45623.26,32185.17,0.7054552875002794,0.704057144160997,
2024-07,CUST094,Orchid Industries 094,42806.92,30237.06,0.7063591587528372,0.7050706750194943,
2024-08,CUST094,Orchid Industries 094,41606.06,29238.46,0.7027452250946137,0.7048532237825768,
2024-09,CUST094,Orchid Industries 094,41557.86,29366.74,0.7066470698924343,0.7052504845799618,
2024-10,CUST094,Orchid Industries 094,40712.26,28648.05,0.7036713265242459,0.7043545405037647,
2024-11,CUST094,Orchid Industries 094,40542.09,28550.31,0.7042140649384382,0.7048441537850394,
2024-12,CUST094,Orchid Industries 094,41840.06,29533.21,0.7058596474288039,0.704581679630496,
2025-01,CUST094,Orchid Industries 094,50181.93,32094.42,0.6395612922819031,0.6832116682163818,-0.06194117682631317
2025-02,CUST094,Orchid Industries 094,52768.91,33742.86,0.6394458403631986,0.6616222600246352,-0.06237867039903089
2025-03,CUST094,Orchid Industries 094,55079.41,35293.03,0.6407663045047142,0.6399244790499385,-0.06564584374780735
2025-04,CUST094,Orchid Industries 094,55475.98,35690.66,0.6433533936669529,0.6411885128449553,-0.05996517251039224
2025-05,CUST094,Orchid Industries 094,52515.44,33574.44,0.6393251203836434,0.6411482728517702,-0.06407245842172282
2025-06,CUST094,Orchid Industries 094,53872.59,34491.97,0.6402508214288566,0.6409764451598177,-0.06520446607142283
2025-07,CUST094,Orchid Industries 094,52550.73,33644.88,0.640236206043189,0.6399373826185629,-0.06612295270964819
2025-08,CUST094,Orchid Industries 094,51025.13,32913.51,0.6450450983662365,0.641844041946094,-0.05770012672837721
2025-09,CUST094,Orchid Industries 094,48731.64,31221.07,0.6406734926220419,0.6419849323438225,-0.06597357727039244
2025-10,CUST094,Orchid Industries 094,46504.81,29796.15,0.640711143642991,0.6421432448770897,-0.06296018288125493
2025-11,CUST094,Orchid Industries 094,44179.53,28361.73,0.6419654079615604,0.6411166814088644,-0.06224865697687776
2025-12,CUST094,Orchid Industries 094,42650.39,27344.86,0.6411397410433997,0.641272097549317,-0.06471990638540426
2024-01,CUST095,Pioneer Industries 095,43950.95,30931.63,0.7037761413575816,0.7037761413575816,
2024-02,CUST095,Pioneer Industries 095,45472.77,31949.04,0.7025971806863757,0.7031866610219786,
2024-03,CUST095,Pioneer Industries 095,46939.51,33109.00,0.7053546149075693,0.7039093123171755,
2024-04,CUST095,Pioneer Industries 095,47058.33,33201.20,0.705532899276281,0.7044948982900753,
2024-05,CUST095,Pioneer Industries 095,45796.08,32217.28,0.7034942728722633,0.7047939290187045,
2024-06,CUST095,Pioneer Industries 095,45260.99,31740.53,0.7012778553893761,0.7034350091793069,
2024-07,CUST095,Pioneer Industries 095,44960.40,31668.51,0.7043645074332078,0.7030455452316158,
2024-08,CUST095,Pioneer Industries 095,42037.66,29499.58,0.7017417239684607,0.7024613622636814,
2024-09,CUST095,Pioneer Industries 095,40654.77,28623.00,0.7040502258406579,0.7033854857474421,
2024-10,CUST095,Pioneer Industries 095,42752.73,29963.45,0.7008546588720767,0.7022155362270651,
2024-11,CUST095,Pioneer Industries 095,41320.26,29068.67,0.7034967834181101,0.7028005560436149,
2024-12,CUST095,Pioneer Industries 095,42404.18,29914.86,0.7054696022892083,0.703273681526465,
2025-01,CUST095,Pioneer Industries 095,52743.51,33861.39,0.6420010727386175,0.6836558194819786,-0.06177506861896409
2025-02,CUST095,Pioneer Industries 095,51791.98,33019.43,0.6375394414347549,0.6616700388208603,-0.06505773925162073
2025-03,CUST095,Pioneer Industries 095,52312.09,33606.43,0.6424218569741718,0.6406541237158481,-0.06293275793339759
2025-04,CUST095,Pioneer Industries 095,54754.12,35111.10,0.6412503753142229,0.6404038912410498,-0.06428252396205814
2025-05,CUST095,Pioneer Industries 095,52770.67,33742.26,0.6394131437027425,0.6410284586637124,-0.0640811291695208
2025-06,CUST095,Pioneer Industries 095,51100.27,32853.85,0.6429290882416081,0.6411975357528579,-0.058348767147768044
2025-07,CUST095,Pioneer Industries 095,49886.87,31898.07,0.639408124823225,0.6405834522558586,-0.06495638260998282
2025-08,CUST095,Pioneer Industries 095,50660.07,32361.88,0.6388044864525454,0.6403805665057928,-0.06293723751591529
2025-09,CUST095,Pioneer Industries 095,49120.88,31438.71,0.640027418075572,0.6394133431171141,-0.06402280776508595
2025-10,CUST095,Pioneer Industries 095,45247.13,28986.68,0.6406302454984438,0.6398207166755204,-0.060224413373632824
2025-11,CUST095,Pioneer Industries 095,45489.62,29152.87,0.6408686201379566,0.6405087612373243,-0.06262816328015341
2025-12,CUST095,Pioneer Industries 095,45366.76,29007.39,0.6393974354791923,0.6402987670385308,-0.06607216681001604
2024-01,CUST096,Quartz Industries 096,45186.34,31844.21,0.7047308987627677,0.7047308987627677,
2024-02,CUST096,Quartz Industries 096,43773.65,30806.08,0.703758539669413,0.7042447192160903,
2024-03,CUST096,Quartz Industries 096,45885.48,32248.59,0.7028059856843603,0.7037651413721804,
2024-04,CUST096,Quartz Industries 096,46879.64,33033.81,0.7046515288939932,0.7037386847492555,
2024-05,CUST096,Quartz Industries 096,44529.67,31354.56,0.704127382933671,0.7038616325040081,
2024-06,CUST096,Quartz Industries 096,44051.67,31024.37,0.7042722784402953,0.7043503967559865,
2024-07,CUST096,Quartz Industries 096,42947.78,30223.81,0.7037339299027796,0.7040445304255819,
2024-08,CUST096,Quartz Industries 096,43492.67,30554.61,0.7025232067840398,0.7035098050423715,
2024-09,CUST096,Quartz Industries 096,41190.01,28969.80,0.7033210237142452,0.7031927201336882,
2024-10,CUST096,Quartz Industries 096,42400.65,29911.14,0.705440600556831,0.7037616103517053,
2024-11,CUST096,Quartz Industries 096,41339.81,29147.09,0.7050610537397245,0.7046075593369335,
2024-12,CUST096,Quartz Industries 096,41501.19,29246.07,0.7047043711276713,0.7050686751414089,
2025-01,CUST096,Quartz Industries 096,52786.06,33848.72,0.6412435404347284,0.683669655100708,-0.06348735832803931
2025-02,CUST096,Quartz Industries 096,53452.47,34374.89,0.6430926391240667,0.6630135168954888,-0.060665900545346374
2025-03,CUST096,Quartz Industries 096,55674.45,35717.97,0.6415504778224123,0.6419622191270692,-0.061255507861948
2025-04,CUST096,Quartz Industries 096,54636.16,34971.33,0.6400766452107908,0.6415732540524233,-0.06457488368320241
2025-05,CUST096,Quartz Industries 096,55587.44,35765.45,0.6434088348015307,0.6416786526115779,-0.06071854813214039
2025-06,CUST096,Quartz Industries 096,51771.87,33218.15,0.6416254618579549,0.6417036472900921,-0.06264681658234039
2025-07,CUST096,Quartz Industries 096,52929.47,34035.29,0.6430309995546905,0.642688432071392,-0.06070293034808916
2025-08,CUST096,Quartz Industries 096,51024.28,32798.16,0.6427951555612349,0.6424838723246268,-0.05972805122280489
2025-09,CUST096,Quartz Industries 096,48700.53,31358.26,0.6438997686472816,0.6432419745877357,-0.05942125506696361
2025-10,CUST096,Quartz Industries 096,46241.99,29564.48,0.6393427272485462,0.6420125504856876,-0.06609787330828476
2025-11,CUST096,Quartz Industries 096,45108.53,28971.97,0.642272536923726,0.6418383442731846,-0.06278851681599851
2025-12,CUST096,Quartz Industries 096,45230.87,29033.30,0.6418912570109749,0.6411688403944157,-0.06281311411669632
2024-01,CUST097,Rivet Industries 097,42962.65,30269.11,0.7045447615545131,0.7045447615545131,
2024-02,CUST097,Rivet Industries 097,44667.62,31446.63,0.7040140038802156,0.7042793827173643,
2024-03,CUST097,Rivet Industries 097,46884.76,33007.62,0.7040159744872321,0.7041915799739868,
2024-04,CUST097,Rivet Industries 097,47738.99,33657.75,0.7050369100812565,0.7043556294829014,
2024-05,CUST097,Rivet Industries 097,45097.69,31716.05,0.703274380572486,0.7041090883803248,
2024-06,CUST097,Rivet Industries 097,45392.29,31988.24,0.7047064600618299,0.7043392502385242,
2024-07,CUST097,Rivet Industries 097,44648.39,31342.07,0.701975367980794,0.7033187362050367,
2024-08,CUST097,Rivet Industries 097,41974.65,29515.43,0.7031727483135655,0.7032848587853965,
2024-09,CUST097,Rivet Industries 097,42753.65,30150.42,0.705212771307245,0.7034536292005349,
2024-10,CUST097,Rivet Industries 097,40340.23,28428.72,0.7047237955757812,0.7043697717321972,
2024-11,CUST097,Rivet Industries 097,42828.39,30182.60,0.7047334723532684,0.704890013078765,
2024-12,CUST097,Rivet Industries 097,41585.37,29316.81,0.7049789385064988,0.7048120688118495,
2025-01,CUST097,Rivet Industries 097,53102.40,34056.83,0.6413425758534455,0.683684995571071,-0.06320218570106761
2025-02,CUST097,Rivet Industries 097,54210.67,34668.94,0.6395224408774141,0.6619479850791194,-0.06449156300280157
2025-03,CUST097,Rivet Industries 097,54414.11,34833.05,0.6401473808907285,0.6403374658738626,-0.06386859359650354
2025-04,CUST097,Rivet Industries 097,53294.52,34311.35,0.6438063425658023,0.6411587214446482,-0.06123056751545419
2025-05,CUST097,Rivet Industries 097,52877.61,34009.72,0.6431780861502628,0.6423772698689313,-0.060096294422223195
2025-06,CUST097,Rivet Industries 097,52117.08,33517.90,0.6431269748804039,0.6433704678654898,-0.061579485181425975
2025-07,CUST097,Rivet Industries 097,53006.92,33857.77,0.6387424509856449,0.6416825040054372,-0.0632329169951491
2025-08,CUST097,Rivet Industries 097,51641.38,33211.93,0.6431263068492747,0.6416652442384412,-0.06004644146429072
2025-09,CUST097,Rivet Industries 097,48830.12,31233.83,0.6396427041342516,0.6405038206563903,-0.06557006717299341
2025-10,CUST097,Rivet Industries 097,47155.72,30163.99,0.639667679763982,0.6408122302491694,-0.06505611581179926
2025-11,CUST097,Rivet Industries 097,44478.53,28710.14,0.645483112863667,0.6415978322539669,-0.059250359489601445
2025-12,CUST097,Rivet Industries 097,44992.54,28767.25,0.6393782169221831,0.6415096698499441,-0.06560072158431574
2024-01,CUST098,Summit Industries 098,42573.14,29848.39,0.7011084923498713,0.7011084923498713,
2024-02,CUST098,Summit Industries 098,46107.47,32423.95,0.7032255293990323,0.7021670108744518,
2024-03,CUST098,Summit Industries 098,47354.69,33248.57,0.7021177838984902,0.7021506018824647,
2024-04,CUST098,Summit Industries 098,46106.74,32552.00,0.7060139146684411,0.7037857426553211,
2024-05,CUST098,Summit Industries 098,46348.52,32702.17,0.7055709653727886,0.7045675546465734,
2024-06,CUST098,Summit Industries 098,45572.65,32118.88,0.7047841194225045,0.705456333154578,
2024-07,CUST098,Summit Industries 098,45336.33,31902.24,0.7036793670771322,0.7046781506241416,
2024-08,CUST098,Summit Industries 098,44027.74,30960.37,0.7032014361854595,0.7038883075616988,
2024-09,CUST098,Summit Industries 098,41678.71,29401.05,0.7054213050259953,0.7041007027628624,
2024-10,CUST098,Summit Industries 098,42228.93,29677.49,0.7027762720959305,0.7037996711024617,
2024-11,CUST098,Summit Industries 098,42829.11,30045.57,0.7015221656485507,0.7032399142568254,
2024-12,CUST098,Summit Industries 098,43366.98,30541.75,0.7042627824210954,0.7028537400551923,
2025-01,CUST098,Summit Industries 098,52238.52,33448.05,0.6402947480135349,0.6820265653610603,-0.06081374433633635
2025-02,CUST098,Summit Industries 098,53168.82,34009.98,0.639660236958428,0.6614059224643528,-0.06356529244060427
2025-03,CUST098,Summit Industries 098,53033.19,33920.32,0.6396054998765867,0.6398534949495165,-0.06251228402190356
2025-04,CUST098,Summit Industries 098,54955.85,35248.05,0.6413884964021119,0.6402180777457088,-0.06462541826632917
2025-05,CUST098,Summit Industries 098,53703.21,34383.42,0.6402488789776254,0.6404142917521081,-0.06532208639516324
2025-06,CUST098,Summit Industries 098,54203.47,34701.12,0.6402010793773905,0.6406128182523759,-0.06458304004511406
2025-07,CUST098,Summit Industries 098,51281.55,32798.81,0.6395830469242836,0.6400110017597664,-0.06409632015284861
2025-08,CUST098,Summit Industries 098,51016.91,32821.01,0.6433359056830372,0.6410400106615705,-0.05986553050242227
2025-09,CUST098,Summit Industries 098,46091.34,29569.56,0.6415426411989759,0.6414871979354322,-0.06387866382701946
2025-10,CUST098,Summit Industries 098,46586.89,29856.13,0.6408697811766357,0.6419161093528829,-0.06190649091929479
2025-11,CUST098,Summit Industries 098,43120.20,27604.43,0.6401739787848851,0.6408621337201655,-0.06134818686366561
2025-12,CUST098,Summit Industries 098,44830.08,28823.63,0.6429529012662927,0.6413322204092712,-0.06130988115480274
2024-01,CUST099,Tandem Industries 099,43112.08,30353.19,0.7040530171589957,0.7040530171589957,
2024-02,CUST099,Tandem Industries 099,44550.47,31301.90,0.702616605391593,0.7033348112752944,
2024-03,CUST099,Tandem Industries 099,45001.88,31640.51,0.7030930707783764,0.7032542311096551,
2024-04,CUST099,Tandem Industries 099,47559.49,33438.81,0.7030943771684683,0.7029346844461459,
2024-05,CUST099,Tandem Industries 099,44986.52,31770.29,0.7062179959685702,0.7041351479718049,
2024-06,CUST099,Tandem Industries 099,45242.77,31765.55,0.7021132879352878,0.7038085536907754,
2024-07,CUST099,Tandem Industries 099,45354.58,31943.38,0.7043032919718362,0.704211525291898,
2024-08,CUST099,Tandem Industries 099,43659.94,30673.15,0.7025467739992314,0.7029877846354519,
2024-09,CUST099,Tandem Industries 099,41365.49,29175.31,0.7053055578454408,0.7040518746055028,
2024-10,CUST099,Tandem Industries 099,42247.59,29842.93,0.7063818314843522,0.7047447211096749,
2024-11,CUST099,Tandem Industries 099,41472.42,29090.57,0.7014437546687654,0.7043770479995195,
2024-12,CUST099,Tandem Industries 099,42580.91,29942.28,0.7031855354899648,0.7036703738810274,
2025-01,CUST099,Tandem Industries 099,49832.52,31978.30,0.641715490205994,0.6821149267882415,-0.062337526953001654
2025-02,CUST099,Tandem Industries 099,52024.12,33351.54,0.6410784074771472,0.6619931443910353,-0.061538197914445814
2025-03,CUST099,Tandem Industries 099,53194.67,34032.96,0.639781391631906,0.6408584297716824,-0.0633116791464704
2025-04,CUST099,Tandem Industries 099,55358.27,35504.31,0.6413551218273259,0.640738306978793,-0.06173925534114244
2025-05,CUST099,Tandem Industries 099,54095.33,34582.83,0.6392941867625173,0.640143566740583,-0.0669238092060529
2025-06,CUST099,Tandem Industries 099,54318.52,34767.28,0.6400630945025748,0.6402374676974727,-0.06205019343271301
2025-07,CUST099,Tandem Industries 099,50817.65,32771.53,0.6448847988838523,0.6414140267163148,-0.05941849308798386
2025-08,CUST099,Tandem Industries 099,50681.85,32438.78,0.6400472753066433,0.6416650562310234,-0.062499498692588085
2025-09,CUST099,Tandem Industries 099,46771.64,29900.44,0.6392856867965289,0.6414059203290081,-0.06601987104891194
2025-10,CUST099,Tandem Industries 099,45199.60,29094.02,0.6436787051212843,0.6410038890748188,-0.06270312636306785
2025-11,CUST099,Tandem Industries 099,44320.04,28427.76,0.6414199987184127,0.6414614635454087,-0.0600237559503527
2025-12,CUST099,Tandem Industries 099,45008.67,28865.92,0.6413413237938379,0.642146675877845,-0.06184421169612686
2024-01,CUST100,Vertex Industries 100,43310.06,30593.73,0.706388538829085,0.706388538829085,
2024-02,CUST100,Vertex Industries 100,45674.16,32092.72,0.7026449966458058,0.7045167677374454,
2024-03,CUST100,Vertex Industries 100,47353.27,33425.41,0.7058733219479881,0.7049689524742929,
2024-04,CUST100,Vertex Industries 100,46205.12,32634.25,0.7062907747020243,0.7049363644319394,
2024-05,CUST100,Vertex Industries 100,45811.35,32278.75,0.7046015889075524,0.7055885618525216,
2024-06,CUST100,Vertex Industries 100,45252.08,31813.97,0.7030388437393376,0.7046437357829713,
2024-07,CUST100,Vertex Industries 100,43165.71,30474.57,0.7059902408647976,0.7045435578372293,
2024-08,CUST100,Vertex Industries 100,44266.11,31217.59,0.7052255099894705,0.704751531531202,
2024-09,CUST100,Vertex Industries 100,40831.66,28682.95,0.7024683787041721,0.70456137651948,
2024-10,CUST100,Vertex Industries 100,42246.69,29722.97,0.7035573674529294,0.703750418715524,
2024-11,CUST100,Vertex Industries 100,41251.12,28952.73,0.7018653069298482,0.7026303510289832,
2024-12,CUST100,Vertex Industries 100,41813.11,29450.46,0.7043355540881795,0.7032527428236524,
2025-01,CUST100,Vertex Industries 100,52474.79,33549.47,0.6393445309642973,0.6818484639941084,-0.0670440078647877
2025-02,CUST100,Vertex Industries 100,53556.13,34289.51,0.6402536927145409,0.6613112592556726,-0.06239130393126491
2025-03,CUST100,Vertex Industries 100,52462.73,33718.31,0.6427097865475166,0.6407693367421182,-0.06316353540047148
2025-04,CUST100,Vertex Industries 100,55835.42,35939.02,0.6436598847111743,0.6422077879910774,-0.06263088999084998
2025-05,CUST100,Vertex Industries 100,53704.13,34420.78,0.6409335743824544,0.6424344152137151,-0.06366801452509807
2025-06,CUST100,Vertex Industries 100,52477.81,33680.12,0.6417973615895939,0.6421302735610741,-0.061241482149743676
2025-07,CUST100,Vertex Industries 100,50771.45,32692.40,0.643913065315251,0.6422146670957664,-0.062077175549546504
2025-08,CUST100,Vertex Industries 100,49889.68,31838.97,0.638187496893145,0.6412993079326633,-0.06703801309632551
2025-09,CUST100,Vertex Industries 100,45950.45,29611.42,0.6444206748791361,0.6421737456958441,-0.05804770382503599
2025-10,CUST100,Vertex Industries 100,44470.22,28545.87,0.641909799411831,0.641505990394704,-0.06164756804109839
2025-11,CUST100,Vertex Industries 100,44678.28,28706.04,0.6425054858871022,0.6429453200593565,-0.05935982104274595
2025-12,CUST100,Vertex Industries 100,45568.76,29354.18,0.6441733327832488,0.6428628726940607,-0.06016222130493065
2024-01,CUST101,Alto Labs 101,43123.53,30288.13,0.7023573905011951,0.7023573905011951,
2024-02,CUST101,Alto Labs 101,44850.65,31497.51,0.7022754408241575,0.7023164156626762,
2024-03,CUST101,Alto Labs 101,45260.54,31853.16,0.7037733089353331,0.7028020467535617,
2024-04,CUST101,Alto Labs 101,46899.02,32922.18,0.7019801266636275,0.7026762921410393,
2024-05,CUST101,Alto Labs 101,45108.80,31828.96,0.705604227999858,0.7037858878662728,
2024-06,CUST101,Alto Labs 101,44951.98,31717.04,0.7055760391422135,0.704386797935233,
2024-07,CUST101,Alto Labs 101,43283.39,30516.59,0.7050415875466316,0.7054072848962344,
2024-08,CUST101,Alto Labs 101,42930.78,30232.09,0.7042054674990764,0.7049410313959737,
2024-09,CUST101,Alto Labs 101,40482.69,28482.24,0.7035658944600767,0.704270983168595,
2024-10,CUST101,Alto Labs 101,41343.80,29027.66,0.7021043058451327,0.7032918892680953,
2024-11,CUST101,Alto Labs 101,42062.87,29648.93,0.7048717788396274,0.7035139930482789,
2024-12,CUST101,Alto Labs 101,43861.59,30909.28,0.704700399597917,0.7038921614275591,
2025-01,CUST101,Alto Labs 101,51407.05,32943.61,0.6408383675001775,0.6834701819792407,-0.061519023001017525
2025-02,CUST101,Alto Labs 101,53241.28,34037.80,0.6393122028621401,0.6616169899867449,-0.06296323796201742
2025-03,CUST101,Alto Labs 101,53117.09,34212.63,0.6440983495142524,0.6414163066255233,-0.0596749594210807
2025-04,CUST101,Alto Labs 101,54410.19,34806.67,0.6397086648659009,0.6410397390807645,-0.06227146179772658
2025-05,CUST101,Alto Labs 101,54542.79,34966.80,0.6410893172131459,0.6416321105310998,-0.06451491078671212
2025-06,CUST101,Alto Labs 101,53284.14,34286.65,0.6434682064869585,0.6414220628553351,-0.06210783265525499
2025-07,CUST101,Alto Labs 101,49755.91,32106.74,0.6452849520790596,0.6432808252597213,-0.05975663546757204
2025-08,CUST101,Alto Labs 101,49502.27,31727.46,0.640929395763063,0.6432275181096937,-0.06327607173601346
2025-09,CUST101,Alto Labs 101,48080.22,30820.94,0.6410315926175046,0.6424153134865423,-0.06253430184257203
2025-10,CUST101,Alto Labs 101,46347.73,29787.77,0.6427018108545984,0.6415542664117221,-0.059402494990534294
2025-11,CUST101,Alto Labs 101,45451.69,29226.47,0.6430227346881932,0.6422520460534321,-0.06184904415143422
2025-12,CUST101,Alto Labs 101,45374.84,28969.89,0.6384571273419367,0.6413938909615761,-0.06624327225598026
2024-01,CUST102,Beacon Labs 102,43415.89,30567.25,0.7040567405159723,0.7040567405159723,
2024-02,CUST102,Beacon Labs 102,46284.65,32452.42,0.7011486529551373,0.7026026967355548,
2024-03,CUST102,Beacon Labs 102,45882.01,32341.68,0.7048880378170006,0.7033644770960367,
2024-04,CUST102,Beacon Labs 102,46034.49,32343.46,0.7025919044611986,0.7028761984111123,
2024-05,CUST102,Beacon Labs 102,45992.66,32456.49,0.7056884728998062,0.7043894717260017,
2024-06,CUST102,Beacon Labs 102,45055.88,31748.41,0.7046452094598974,0.7043085289403006,
2024-07,CUST102,Beacon Labs 102,43818.86,30747.54,0.7016964841166566,0.70401005549212,
2024-08,CUST102,Beacon Labs 102,42190.55,29704.38,0.7040529218035793,0.7034648717933778,
2024-09,CUST102,Beacon Labs 102,41168.20,29061.17,0.7059130591087296,0.7038874883429885,
2024-10,CUST102,Beacon Labs 102,41991.27,29547.87,0.703666976492971,0.7045443191350933,
2024-11,CUST102,Beacon Labs 102,41452.35,29085.26,0.7016552740676946,0.7037451032231318,
2024-12,CUST102,Beacon Labs 102,42664.89,30042.06,0.7041401020839384,0.7031541175482013,
2025-01,CUST102,Beacon Labs 102,53105.49,34088.01,0.641892391916542,0.6825625893560584,-0.06216434859943032
2025-02,CUST102,Beacon Labs 102,52374.16,33754.94,0.6444960644714874,0.663509519490656,-0.056652588483649846
2025-03,CUST102,Beacon Labs 102,54048.46,34533.98,0.6389447543926322,0.6417777369268872,-0.06594328342436839
2025-04,CUST102,Beacon Labs 102,53414.66,34309.97,0.6423324607888545,0.6419244265509915,-0.06025944367234404
2025-05,CUST102,Beacon Labs 102,54060.39,34548.66,0.6390753007886182,0.6401175053233682,-0.066613172111188
2025-06,CUST102,Beacon Labs 102,54176.19,34802.17,0.6423886581909876,0.6412654732561535,-0.06225655126890983
2025-07,CUST102,Beacon Labs 102,52847.27,33884.45,0.6411769236140297,0.6408802941978785,-0.06051956050262697
2025-08,CUST102,Beacon Labs 102,50860.53,32687.52,0.6426893309998932,0.6420849709349702,-0.06136359080368603
2025-09,CUST102,Beacon Labs 102,46345.41,29788.82,0.6427566397621685,0.6422076314586972,-0.06315641934656113
2025-10,CUST102,Beacon Labs 102,45244.27,28982.12,0.6405699550462413,0.6420053086027676,-0.0630970214467298
2025-11,CUST102,Beacon Labs 102,44458.18,28373.12,0.6381979649189418,0.6405081865757839,-0.0634573091487528
2025-12,CUST102,Beacon Labs 102,43898.54,28180.27,0.6419409392658617,0.6402362864103482,-0.06219916281807669
2024-01,CUST103,Cedar Labs 103,44464.42,31330.18,0.7046123619739109,0.7046123619739109,
2024-02,CUST103,Cedar Labs 103,46204.53,32435.08,0.7019891772516678,0.7033007696127893,
2024-03,CUST103,Cedar Labs 103,44827.58,31638.05,0.705771982337659,0.7041245071877459,
2024-04,CUST103,Cedar Labs 103,46635.60,32950.68,0.7065563646656203,0.7047725080849824,
2024-05,CUST103,Cedar Labs 103,47223.59,33174.33,0.7024948759719455,0.7049410743250749,
2024-06,CUST103,Cedar Labs 103,45148.27,31836.48,0.7051539294861132,0.7047350567078929,
2024-07,CUST103,Cedar Labs 103,45350.40,31790.45,0.700996022085803,0.7028816091812873,
2024-08,CUST103,Cedar Labs 103,43569.99,30727.60,0.7052468912662133,0.7037989476127099,
2024-09,CUST103,Cedar Labs 103,41501.92,29236.46,0.7044604201444175,0.7035677778321446,
2024-10,CUST103,Cedar Labs 103,40615.54,28649.76,0.7053891195340503,0.7050321436482271,
2024-11,CUST103,Cedar Labs 103,42720.16,30107.94,0.7047712368118471,0.7048735921634383,
2024-12,CUST103,Cedar Labs 103,42450.63,29868.47,0.7036048699395039,0.7045884087618003,
2025-01,CUST103,Cedar Labs 103,50617.72,32422.86,0.6405436673165049,0.6829732580226185,-0.06406869465740594
2025-02,CUST103,Cedar Labs 103,51686.71,33092.88,0.640258975663183,0.6614691709730639,-0.061730201588484745
2025-03,CUST103,Cedar Labs 103,53319.66,34365.32,0.644514987529928,0.6417725435032052,-0.06125699480773106
2025-04,CUST103,Cedar Labs 103,56190.01,36021.96,0.6410740984029011,0.6419493538653374,-0.06548226626271925
2025-05,CUST103,Cedar Labs 103,53103.47,34016.27,0.6405658613269528,0.6420516490865941,-0.061929014644992675
2025-06,CUST103,Cedar Labs 103,54660.69,34997.01,0.6402592063876252,0.640633055372493,-0.06489472309848798
2025-07,CUST103,Cedar Labs 103,49776.26,32022.92,0.6433372053263945,0.6413874243469908,-0.05765881675940854
2025-08,CUST103,Cedar Labs 103,50638.13,32522.62,0.6422555493261698,0.6419506536800631,-0.06299134194004352
2025-09,CUST103,Cedar Labs 103,48448.45,31199.64,0.6439760198726688,0.643189591508411,-0.06048440027174862
2025-10,CUST103,Cedar Labs 103,44464.12,28483.68,0.6405992067311801,0.6422769253100062,-0.06478991280287016
2025-11,CUST103,Cedar Labs 103,44255.22,28498.42,0.643956125401704,0.6428437840018509,-0.06081511141014306
2025-12,CUST103,Cedar Labs 103,42616.65,27343.95,0.6416259842103966,0.6420604387810935,-0.06197888572910726
2024-01,CUST104,Delta Labs 104,45020.37,31596.69,0.701830971180379,0.701830971180379,
2024-02,CUST104,Delta Labs 104,44079.83,30961.83,0.7024035709756594,0.7021172710780192,
2024-03,CUST104,Delta Labs 104,45097.63,31736.58,0.7037305508072155,0.7026550309877514,
2024-04,CUST104,Delta Labs 104,46499.85,32863.86,0.7067519572643783,0.7042953596824177,
2024-05,CUST104,Delta Labs 104,47096.00,33079.19,0.702377908951928,0.7042868056745073,
2024-06,CUST104,Delta Labs 104,46706.51,32891.43,0.7042151083435693,0.7044483248532919,
2024-07,CUST104,Delta Labs 104,45492.37,32015.81,0.7037621913301065,0.7034517362085345,
2024-08,CUST104,Delta Labs 104,42213.98,29752.47,0.7048013477999469,0.7042595491578743,
2024-09,CUST104,Delta Labs 104,43127.41,30411.24,0.7051487673384513,0.704570768822835,
2024-10,CUST104,Delta Labs 104,42938.59,30151.12,0.7021916648869932,0.7040472600084637,
2024-11,CUST104,Delta Labs 104,41618.47,29234.26,0.7024347603359757,0.7032583975204734,
2024-12,CUST104,Delta Labs 104,44049.63,31012.12,0.7040267988630098,0.7028844080286595,
2025-01,CUST104,Delta Labs 104,53084.59,34153.73,0.6433831362359586,0.6832815651449814,-0.05844783494442041
2025-02,CUST104,Delta Labs 104,52485.59,33546.37,0.6391539087204698,0.6621879479398127,-0.06324966225518958
2025-03,CUST104,Delta Labs 104,53526.12,34237.59,0.6396426641796565,0.6407265697120282,-0.06408788662755893
2025-04,CUST104,Delta Labs 104,56175.81,35969.83,0.6403081682311301,0.6397015803770855,-0.06644378903324821
2025-05,CUST104,Delta Labs 104,53714.62,34379.31,0.6400363625396586,0.6399957316501484,-0.06234154641226941
2025-06,CUST104,Delta Labs 104,52269.21,33452.64,0.6400066119231571,0.6401170475646486,-0.06420849642041215
2025-07,CUST104,Delta Labs 104,50242.47,32288.42,0.6426519237609137,0.6408982994079099,-0.0611102675691928
2025-08,CUST104,Delta Labs 104,48663.88,31355.75,0.6443331275681266,0.6423305544173992,-0.0604682202318203
2025-09,CUST104,Delta Labs 104,47966.41,30586.91,0.6376735302892169,0.6415528605394191,-0.06747523704923442
2025-10,CUST104,Delta Labs 104,45025.06,28890.54,0.6416546696439717,0.6412204425004383,-0.060536995243021585
2025-11,CUST104,Delta Labs 104,45937.64,29489.01,0.6419356762776668,0.6404212920702852,-0.06049908405830895
2025-12,CUST104,Delta Labs 104,43282.60,27820.45,0.64276291165503,0.6421177525255561,-0.06126388720797982
2024-01,CUST105,Ember Labs 105,44454.36,31377.32,0.705832228829748,0.705832228829748,
2024-02,CUST105,Ember Labs 105,45272.95,31784.64,0.7020669075021619,0.703949568165955,
2024-03,CUST105,Ember Labs 105,47431.26,33330.66,0.7027150448881181,0.7035380604066761,
2024-04,CUST105,Ember Labs 105,45781.85,32295.70,0.7054258401528117,0.7034025975143638,
2024-05,CUST105,Ember Labs 105,46750.41,32882.05,0.7033531898436827,0.7038313582948709,
2024-06,CUST105,Ember Labs 105,46373.97,32663.12,0.704341681335456,0.7043735704439835,
2024-07,CUST105,Ember Labs 105,43931.71,31001.97,0.7056854832192966,0.7044601181328117,
2024-08,CUST105,Ember Labs 105,43621.15,30742.57,0.7047629418298234,0.7049300354615253,
2024-09,CUST105,Ember Labs 105,41273.88,29026.83,0.7032735957947255,0.7045740069479485,
2024-10,CUST105,Ember Labs 105,42916.78,30229.09,0.7043652855596343,0.7041339410613944,
2024-11,CUST105,Ember Labs 105,42592.42,30038.61,0.7052571795638755,0.704298686972745,
2024-12,CUST105,Ember Labs 105,43307.48,30371.79,0.7013058714106662,0.7036427788447254,
2025-01,CUST105,Ember Labs 105,49760.67,31943.87,0.6419501586292949,0.6828377365346122,-0.06388207020045311
2025-02,CUST105,Ember Labs 105,52452.08,33645.60,0.6414540662639117,0.661570032101291,-0.06061284123825028
2025-03,CUST105,Ember Labs 105,54844.01,35251.78,0.6427644513958771,0.6420562254296946,-0.05995059349224097
2025-04,CUST105,Ember Labs 105,55110.09,35460.26,0.6434440589735928,0.6425541922111272,-0.06198178117921893
2025-05,CUST105,Ember Labs 105,53394.59,34226.97,0.6410194366133348,0.642409315660935,-0.062333753230347844
2025-06,CUST105,Ember Labs 105,52318.68,33542.30,0.6411151810405004,0.6418595588758094,-0.06322650029495569
2025-07,CUST105,Ember Labs 105,50921.82,32581.00,0.6398239497331399,0.6406528557956584,-0.06586153348615664
2025-08,CUST105,Ember Labs 105,49137.04,31433.54,0.6397117123864197,0.64021694772002,-0.06505122944340369
2025-09,CUST105,Ember Labs 105,47898.24,30702.98,0.6410043458799322,0.6401800026664973,-0.06226924991479332
2025-10,CUST105,Ember Labs 105,46981.06,30203.71,0.6428911991342895,0.6412024191335471,-0.0614740864253448
2025-11,CUST105,Ember Labs 105,43361.51,27876.10,0.6428765972402714,0.6422573807514976,-0.062380582323604106
2025-12,CUST105,Ember Labs 105,44733.07,28652.84,0.6405292549784757,0.6420990171176788,-0.06077661643219057
2024-01,CUST106,Foundry Labs 106,43341.75,30663.69,0.7074861997958088,0.7074861997958088,
2024-02,CUST106,Foundry Labs 106,46665.24,32858.82,0.7041390979667093,0.705812648881259,
2024-03,CUST106,Foundry Labs 106,45903.64,32281.30,0.7032405273307302,0.7049552750310828,
2024-04,CUST106,Foundry Labs 106,46403.60,32719.61,0.7051093018645106,0.7041629757206499,
2024-05,CUST106,Foundry Labs 106,47187.39,33193.58,0.7034417457714869,0.7039305249889093,
2024-06,CUST106,Foundry Labs 106,45094.23,31853.10,0.7063675330524547,0.7049728602294841,
2024-07,CUST106,Foundry Labs 106,44785.12,31512.69,0.7036419685824219,0.7044837491354544,
2024-08,CUST106,Foundry Labs 106,41897.60,29405.85,0.7018504639883907,0.7039533218744225,
2024-09,CUST106,Foundry Labs 106,42022.01,29493.86,0.7018669502006211,0.702453127590478,
2024-10,CUST106,Foundry Labs 106,42742.48,30184.58,0.7061962712505218,0.7033045618131779,
2024-11,CUST106,Foundry Labs 106,41968.78,29512.77,0.7032077177368511,0.7037569797293313,
2024-12,CUST106,Foundry Labs 106,42637.95,29966.47,0.7028121661571441,0.704072051714839,
2025-01,CUST106,Foundry Labs 106,53264.24,34254.70,0.6431087724146631,0.6830428854362195,-0.06437742738114571
2025-02,CUST106,Foundry Labs 106,54480.34,34954.57,0.6415997036729213,0.6625068807482429,-0.06253939429378796
2025-03,CUST106,Foundry Labs 106,53911.12,34480.65,0.6395832622286459,0.6414305794387435,-0.06365726510208425
2025-04,CUST106,Foundry Labs 106,52545.93,33710.59,0.6415452157759887,0.6409093938925187,-0.06356408608852193
2025-05,CUST106,Foundry Labs 106,52854.91,33892.73,0.6412408989060808,0.6407897923035718,-0.062200846865406056
2025-06,CUST106,Foundry Labs 106,53407.46,34364.88,0.6434471888384131,0.6420777678401608,-0.06292034421404158
2025-07,CUST106,Foundry Labs 106,50933.39,32652.31,0.6410786715747764,0.6419222531064235,-0.06256329700764551
2025-08,CUST106,Foundry Labs 106,51659.40,33272.30,0.6440705854113675,0.642865481941519,-0.05777987857702316
2025-09,CUST106,Foundry Labs 106,46805.25,30123.65,0.643595536825463,0.6429149312705357,-0.058271413375158065
2025-10,CUST106,Foundry Labs 106,45479.13,29064.72,0.6390781881711458,0.6422481034693255,-0.06711808307937595
2025-11,CUST106,Foundry Labs 106,44670.18,28618.06,0.6406524442032694,0.6411087230666261,-0.0625552735335817
2025-12,CUST106,Foundry Labs 106,43765.41,28164.57,0.6435349286114308,0.6410885203286153,-0.059277237545713346
2024-01,CUST107,Granite Labs 107,43536.28,30536.01,0.7013922641070849,0.7013922641070849,
2024-02,CUST107,Granite Labs 107,44914.48,31543.96,0.7023115930541776,0.7018519285806313,
2024-03,CUST107,Granite Labs 107,45920.89,32293.71,0.7032466051942808,0.7023168207851812,
2024-04,CUST107,Granite Labs 107,46872.88,33010.33,0.7042522243139318,0.70327014085413,
2024-05,CUST107,Granite Labs 107,47466.99,33271.40,0.7009376410848888,0.7028121568643672,
2024-06,CUST107,Granite Labs 107,46485.61,32752.65,0.7045761043041062,0.703255323234309,
2024-07,CUST107,Granite Labs 107,43853.75,30919.97,0.7050701479348973,0.7035279644412974,
2024-08,CUST107,Granite Labs 107,41996.71,29457.82,0.7014316121429512,0.7036926214606516,
2024-09,CUST107,Granite Labs 107,41041.73,28891.91,0.7039642334765127,0.7034886645181205,
2024-10,CUST107,Granite Labs 107,42061.63,29516.46,0.7017431326365622,0.7023796594186754,
2024-11,CUST107,Granite Labs 107,43196.66,30452.04,0.7049628374045586,0.7035567345058779,
2024-12,CUST107,Granite Labs 107,41625.45,29343.74,0.7049470936650536,0.7038843545687249,
2025-01,CUST107,Granite Labs 107,53230.06,34108.86,0.6407819190885752,0.6835639500527292,-0.060610345018509704
2025-02,CUST107,Granite Labs 107,52435.67,33707.88,0.6428425535518093,0.6628571887684793,-0.05946903950236826
2025-03,CUST107,Granite Labs 107,54999.60,35282.66,0.6415075746005426,0.6417106824136424,-0.0617390305937382
2025-04,CUST107,Granite Labs 107,55075.79,35258.71,0.6401852792306747,0.6415118024610088,-0.06406694508325705
2025-05,CUST107,Granite Labs 107,54505.95,34819.19,0.6388144780523962,0.6401691106278712,-0.062123163032492545
2025-06,CUST107,Granite Labs 107,53914.31,34590.50,0.6415829118465951,0.6401942230432219,-0.06299319245751112
2025-07,CUST107,Granite Labs 107,51515.47,32946.39,0.6395436167038755,0.6399803355342889,-0.06552653123102181
2025-08,CUST107,Granite Labs 107,50636.67,32531.87,0.6424567413299492,0.6411944232934732,-0.05897487081300201
2025-09,CUST107,Granite Labs 107,46098.75,29688.92,0.6440287426448656,0.6420097002262302,-0.059935490831647065
2025-10,CUST107,Granite Labs 107,45753.94,29348.49,0.6414418080716109,0.6426424306821419,-0.0603013245649513
2025-11,CUST107,Granite Labs 107,43076.86,27650.33,0.6418836006152724,0.6424513837772496,-0.06307923678928617
2025-12,CUST107,Granite Labs 107,45306.46,29065.79,0.6415374319688627,0.6416209468852486,-0.06340966169619089
2024-01,CUST108,Helix Labs 108,45316.49,31905.97,0.7040697547404929,0.7040697547404929,
2024-02,CUST108,Helix Labs 108,46235.96,32614.73,0.705397487150694,0.7047336209455934,
2024-03,CUST108,Helix Labs 108,44704.89,31447.50,0.7034465357145494,0.7043045925352454,
2024-04,CUST108,Helix Labs 108,45384.76,32023.83,0.7056075651826736,0.7048171960159723,
2024-05,CUST108,Helix Labs 108,45391.35,32061.70,0.7063394237007712,0.7051311748659982,
2024-06,CUST108,Helix Labs 108,45701.82,32144.13,0.703344637040713,0.7050972086413859,
2024-07,CUST108,Helix Labs 108,44163.55,31074.43,0.7036216517920321,0.7044352375111721,
2024-08,CUST108,Helix Labs 108,44120.91,31005.35,0.702735958981807,0.7032340826048507,
2024-09,CUST108,Helix Labs 108,40479.49,28493.79,0.7039068426998464,0.7034214844912284,
2024-10,CUST108,Helix Labs 108,41886.33,29466.12,0.7034781992120102,0.7033736669645544,
2024-11,CUST108,Helix Labs 108,42953.75,30214.83,0.703427058173035,0.7036040333616306,
2024-12,CUST108,Helix Labs 108,41424.01,29175.80,0.7043209964462639,0.7037420846104364,
2025-01,CUST108,Helix Labs 108,50459.60,32265.78,0.6394378869432179,0.6823953138541722,-0.06463186779727503
2025-02,CUST108,Helix Labs 108,52635.00,33716.21,0.6405663531870428,0.6614417455255083,-0.06483113396365114
2025-03,CUST108,Helix Labs 108,55470.65,35502.87,0.6400298175701925,0.6400113525668177,-0.0634167181443569
2025-04,CUST108,Helix Labs 108,54460.24,35052.87,0.6436414896445555,0.6414125534672636,-0.06196607553811817
2025-05,CUST108,Helix Labs 108,54271.80,34573.11,0.6370363614252705,0.6402358895466728,-0.06930306227550065
2025-06,CUST108,Helix Labs 108,52124.81,33367.12,0.6401389280843423,0.640272259718056,-0.06320570895637079
2025-07,CUST108,Helix Labs 108,50229.81,32322.31,0.6434885977072181,0.6402212957389436,-0.06013305408481395
2025-08,CUST108,Helix Labs 108,48741.64,31242.68,0.6409854079591906,0.6415376445835836,-0.061750551022616396
2025-09,CUST108,Helix Labs 108,46099.12,29583.87,0.641744788186846,0.6420729312844182,-0.06216205451300039
2025-10,CUST108,Helix Labs 108,45156.85,28989.15,0.6419657261301442,0.6415653074253936,-0.061512473081865915
2025-11,CUST108,Helix Labs 108,45616.99,29279.40,0.6418529587331387,0.6418544910167097,-0.061574099439896224
2025-12,CUST108,Helix Labs 108,42680.56,27393.20,0.6418191326449325,0.6418792725027386,-0.06250186380133138
2024-01,CUST109,Indigo Labs 109,42827.39,30066.58,0.7020409135368745,0.7020409135368745,
2024-02,CUST109,Indigo Labs 109,44431.09,31380.18,0.706266265356083,0.7041535894464788,
2024-03,CUST109,Indigo Labs 109,47383.31,33354.56,0.7039305612039345,0.704079246698964,
2024-04,CUST109,Indigo Labs 109,44859.52,31631.39,0.7051210088739247,0.7051059451446474,
2024-05,CUST109,Indigo Labs 109,47109.69,33233.74,0.7054544404771077,0.7048353368516557,
2024-06,CUST109,Indigo Labs 109,44077.66,31101.73,0.7056120946529375,0.7053958480013233,
2024-07,CUST109,Indigo Labs 109,44545.39,31402.28,0.7049501643155442,0.7053388998151965,
2024-08,CUST109,Indigo Labs 109,42249.20,29725.28,0.7035702451170673,0.704710834695183,
2024-09,CUST109,Indigo Labs 109,41738.20,29381.62,0.7039503380596193,0.7041569158307436,
2024-10,CUST109,Indigo Labs 109,40634.34,28586.43,0.7035042281971358,0.7036749371246075,
2024-11,CUST109,Indigo Labs 109,41536.75,29216.09,0.7033792966469452,0.7036112876345667,
2024-12,CUST109,Indigo Labs 109,43110.45,30237.27,0.7013907300898042,0.7027580849779618,
2025-01,CUST109,Indigo Labs 109,53023.19,34039.82,0.6419798582469293,0.6822499616612262,-0.06006105528994521
2025-02,CUST109,Indigo Labs 109,53026.80,34037.78,0.6418976819268747,0.6617560900878694,-0.06436858342920826
2025-03,CUST109,Indigo Labs 109,53744.99,34466.77,0.6413020078708731,0.6417265160148923,-0.06262855333306139
2025-04,CUST109,Indigo Labs 109,55780.93,35903.94,0.6436597597064087,0.6422864831680521,-0.06146124916751605
2025-05,CUST109,Indigo Labs 109,52283.48,33592.32,0.6425035211887196,0.6424884295886671,-0.06295091928838814
2025-06,CUST109,Indigo Labs 109,54203.82,34740.19,0.6409177434357948,0.642360341443641,-0.06469435121714273
2025-07,CUST109,Indigo Labs 109,51717.14,33245.09,0.6428253766546255,0.6420822137597133,-0.06212478766091878
2025-08,CUST109,Indigo Labs 109,50967.91,32745.06,0.642464248583079,0.6420691228911664,-0.061105996533988294
2025-09,CUST109,Indigo Labs 109,46969.08,30074.92,0.6403131592102719,0.6418675948159921,-0.06363717884934739
2025-10,CUST109,Indigo Labs 109,46953.56,30170.96,0.642570233226192,0.6417825470065143,-0.06093399497094376
2025-11,CUST109,Indigo Labs 109,45413.20,29078.01,0.6402986356389773,0.641060676025147,-0.06308066100796794
2025-12,CUST109,Indigo Labs 109,45262.11,29094.59,0.6428023351098745,0.6418904013250146,-0.05858839497992974
2024-01,CUST110,Kinetic Labs 110,44303.20,31172.39,0.7036148630347244,0.7036148630347244,
2024-02,CUST110,Kinetic Labs 110,44256.88,31028.85,0.701107940731475,0.7023614018830997,
2024-03,CUST110,Kinetic Labs 110,46471.29,32796.60,0.7057389627014873,0.7034872554892289,
2024-04,CUST110,Kinetic Labs 110,45511.69,32173.00,0.7069172777367748,0.7045880603899124,
2024-05,CUST110,Kinetic Labs 110,46050.34,32348.72,0.7024643031951556,0.7050401812111392,
2024-06,CUST110,Kinetic Labs 110,45959.74,32245.41,0.70160122750912,0.7036609361470169,
2024-07,CUST110,Kinetic Labs 110,43425.27,30662.34,0.7060944007947447,0.7033866438330069,
2024-08,CUST110,Kinetic Labs 110,42869.86,30151.82,0.7033337640944011,0.7036764641327554,
2024-09,CUST110,Kinetic Labs 110,42066.37,29609.50,0.70387580387849,0.7044346562558786,
2024-10,CUST110,Kinetic Labs 110,40339.61,28380.09,0.7035291119572054,0.7035795599766989,
2024-11,CUST110,Kinetic Labs 110,42933.60,30258.06,0.7047641008440942,0.7040563388932632,
2024-12,CUST110,Kinetic Labs 110,42626.15,29930.40,0.702160528220353,0.7034845803405508,
2025-01,CUST110,Kinetic Labs 110,50779.26,32544.39,0.6408992569013412,0.6826079619885962,-0.06271560613338323
2025-02,CUST110,Kinetic Labs 110,51771.80,33262.49,0.6424827802008042,0.6618475217741661,-0.058625160530670795
2025-03,CUST110,Kinetic Labs 110,54732.92,35160.49,0.6424011362814189,0.6419277244611882,-0.06333782642006835
2025-04,CUST110,Kinetic Labs 110,52482.58,33548.02,0.6392220047108964,0.6413686403977065,-0.06769527302587841
2025-05,CUST110,Kinetic Labs 110,53845.73,34562.52,0.6418804239444799,0.6411678549789318,-0.060583879250675765
2025-06,CUST110,Kinetic Labs 110,53406.53,34298.38,0.6422132274836054,0.6411052187129939,-0.05938800002551459
2025-07,CUST110,Kinetic Labs 110,50197.60,32193.69,0.6413392273734202,0.6418109596005018,-0.06475517342132453
2025-08,CUST110,Kinetic Labs 110,51431.39,33096.96,0.6435167317080095,0.6423563955216783,-0.05981703238639158
2025-09,CUST110,Kinetic Labs 110,48200.53,30961.35,0.6423445966258047,0.6424001852357448,-0.06153120725268535
2025-10,CUST110,Kinetic Labs 110,44533.92,28477.61,0.6394588664101432,0.6417733982479857,-0.0640702455470622
2025-11,CUST110,Kinetic Labs 110,46076.91,29600.10,0.6424063592806027,0.6414032741055169,-0.0623577415634915
2025-12,CUST110,Kinetic Labs 110,44013.99,28422.73,0.6457658121883519,0.6425436792930327,-0.05639471603200108
2024-01,CUST111,Lattice Labs 111,18924.59,13270.85,0.7012490098860794,0.7012490098860794,
2024-02,CUST111,Lattice Labs 111,19360.41,13636.75,0.704362665873295,0.7028058378796872,
2024-03,CUST111,Lattice Labs 111,19942.69,14059.48,0.7049941607676798,0.7035352788423515,
2024-04,CUST111,Lattice Labs 111,20041.83,14088.97,0.7029782210506724,0.7041116825638825,
2024-05,CUST111,Lattice Labs 111,20407.17,14338.97,0.7026437276702258,0.7035387031628594,
2024-06,CUST111,Lattice Labs 111,19116.25,13457.46,0.7039801216242725,0.7032006901150569,
2024-07,CUST111,Lattice Labs 111,18993.78,13401.80,0.7055888822551383,0.7040709105165455,
2024-08,CUST111,Lattice Labs 111,18932.33,13344.78,0.7048672825795874,0.7048120954863327,
2024-09,CUST111,Lattice Labs 111,18418.77,12935.38,0.7022933670380812,0.7042498439576024,
2024-10,CUST111,Lattice Labs 111,17603.60,12393.53,0.7040338339885025,0.7037314945353904,
2024-11,CUST111,Lattice Labs 111,17780.42,12484.10,0.702126271482901,0.7028178241698283,
2024-12,CUST111,Lattice Labs 111,18745.22,13185.71,0.7034171911559319,0.7031924322091118,
2025-01,CUST111,Lattice Labs 111,23054.08,14769.51,0.640646254372328,0.6820632390037202,-0.06060275551375138
2025-02,CUST111,Lattice Labs 111,23563.09,15108.80,0.6412062254992872,0.6617565570091823,-0.0631564403740078
2025-03,CUST111,Lattice Labs 111,23718.81,15271.97,0.6438758942796876,0.6419094580504342,-0.061118266487992234
2025-04,CUST111,Lattice Labs 111,23283.52,14901.35,0.6399955848600212,0.6416925682129987,-0.06298263619065125
2025-05,CUST111,Lattice Labs 111,23069.00,14764.94,0.6400338116086524,0.641301763582787,-0.0626099160615734
2025-06,CUST111,Lattice Labs 111,22431.61,14345.40,0.6395171813347326,0.639848859267802,-0.06446294028953992
2025-07,CUST111,Lattice Labs 111,22324.21,14351.72,0.6428769483892152,0.6408093137775334,-0.06271193386592311
2025-08,CUST111,Lattice Labs 111,21872.28,14005.08,0.6403118467759191,0.6409019921666222,-0.06455543580366829
2025-09,CUST111,Lattice Labs 111,20601.80,13142.18,0.6379141628401402,0.6403676526684249,-0.06437920419794096
2025-10,CUST111,Lattice Labs 111,20407.40,13110.55,0.6424409772925507,0.6402223289695367,-0.061592856695951825
2025-11,CUST111,Lattice Labs 111,19081.47,12200.19,0.6393736960517192,0.6399096120614701,-0.06275257543118173
2025-12,CUST111,Lattice Labs 111,19927.75,12802.13,0.6424272685074832,0.6414139806172511,-0.06098992264844871
2024-01,CUST112,Mosaic Labs 112,19809.81,13991.35,0.7062839068118271,0.7062839068118271,
2024-02,CUST112,Mosaic Labs 112,19538.69,13747.42,0.7035998831037291,0.7049418949577781,
2024-03,CUST112,Mosaic Labs 112,19480.15,13676.29,0.7020628691257511,0.7039822196804358,
2024-04,CUST112,Mosaic Labs 112,20417.23,14351.07,0.702890156989954,0.7028509697398114,
2024-05,CUST112,Mosaic Labs 112,20255.26,14207.98,0.7014464390977949,0.7021331550711666,
2024-06,CUST112,Mosaic Labs 112,19247.85,13560.18,0.7045036198848184,0.7029467386575224,
2024-07,CUST112,Mosaic Labs 112,19435.71,13655.90,0.7026190450464634,0.7028563680096922,
2024-08,CUST112,Mosaic Labs 112,18909.60,13294.93,0.7030783305834074,0.7034003318382297,
2024-09,CUST112,Mosaic Labs 112,18690.34,13185.16,0.7054531913277126,0.7037168556525278,
2024-10,CUST112,Mosaic Labs 112,18157.06,12802.84,0.7051163569432496,0.7045492929514565,
2024-11,CUST112,Mosaic Labs 112,18064.85,12687.03,0.7023047520461007,0.704291433439021,
2024-12,CUST112,Mosaic Labs 112,18651.33,13115.64,0.703201326661423,0.7035408118835912,
2025-01,CUST112,Mosaic Labs 112,23238.14,14993.78,0.6452228964968797,0.6835763250681345,-0.06106101031494737
2025-02,CUST112,Mosaic Labs 112,23740.12,15278.76,0.6435839414459573,0.6640027215347533,-0.0600159416577718
2025-03,CUST112,Mosaic Labs 112,23621.67,15173.88,0.6423711786677233,0.6437260055368534,-0.0596916904580278
2025-04,CUST112,Mosaic Labs 112,23482.87,15060.18,0.6413262092751014,0.6424271097962607,-0.06156394771485263
2025-05,CUST112,Mosaic Labs 112,23238.88,14953.19,0.6434557087088534,0.6423843655505593,-0.057990730388941536
2025-06,CUST112,Mosaic Labs 112,22874.08,14678.29,0.641699688031169,0.6421605353383746,-0.06280393185364941
2025-07,CUST112,Mosaic Labs 112,23296.60,14979.62,0.6429959736613927,0.6427171234671384,-0.059623071385070725
2025-08,CUST112,Mosaic Labs 112,22516.13,14411.20,0.6400389409725383,0.6415782008883667,-0.06303938961086908
2025-09,CUST112,Mosaic Labs 112,20517.96,13140.43,0.640435501385128,0.6411568053396863,-0.06501768994258461
2025-10,CUST112,Mosaic Labs 112,20411.15,13072.38,0.6404528897195895,0.6403091106924186,-0.06466346722366012
2025-11,CUST112,Mosaic Labs 112,19157.99,12276.82,0.6408198354837851,0.6405694088628342,-0.061484916562315584
2025-12,CUST112,Mosaic Labs 112,19547.60,12538.02,0.641409687122716,0.6408941374420302,-0.06179163953870703
2024-01,CUST113,Nova Labs 113,19485.86,13726.73,0.704445685230213,0.704445685230213,
2024-02,CUST113,Nova Labs 113,19274.80,13535.61,0.7022438624525288,0.703344773841371,
2024-03,CUST113,Nova Labs 113,19617.39,13841.87,0.7055918243966196,0.7040937906931205,
2024-04,CUST113,Nova Labs 113,19647.25,13825.05,0.7036633625571008,0.7038330164687497,
2024-05,CUST113,Nova Labs 113,19662.33,13882.30,0.7060353477944882,0.7050968449160696,
2024-06,CUST113,Nova Labs 113,19289.60,13562.25,0.7030861189449238,0.7042616097655042,
2024-07,CUST113,Nova Labs 113,19237.34,13541.90,0.7039382783690469,0.7043532483694862,
2024-08,CUST113,Nova Labs 113,18096.22,12752.22,0.7046897086794921,0.703904701997821,
2024-09,CUST113,Nova Labs 113,18656.87,13164.92,0.7056339032217087,0.7047539634234159,
2024-10,CUST113,Nova Labs 113,18189.69,12845.78,0.7062121454516268,0.7055119191176091,
2024-11,CUST113,Nova Labs 113,18545.01,13034.01,0.7028311119810666,0.7048923868848007,
2024-12,CUST113,Nova Labs 113,18901.43,13314.13,0.7043980270275846,0.7044804281534259,
2025-01,CUST113,Nova Labs 113,22758.53,14596.41,0.6413599648131931,0.6828630346072814,-0.06308572041701987
2025-02,CUST113,Nova Labs 113,22891.52,14689.48,0.6416996337508387,0.6624858751972055,-0.06054422870169007
2025-03,CUST113,Nova Labs 113,23369.67,15037.93,0.643480631091496,0.6421800765518426,-0.0621111933051236
2025-04,CUST113,Nova Labs 113,23024.18,14763.31,0.641208937734156,0.6421297341921636,-0.06245442482294483
2025-05,CUST113,Nova Labs 113,23990.94,15351.43,0.6398844730552451,0.6415246806269658,-0.06615087473924308
2025-06,CUST113,Nova Labs 113,22835.80,14708.22,0.6440860403401676,0.6417264837098562,-0.0590000786047562
2025-07,CUST113,Nova Labs 113,22913.25,14716.18,0.642256336399245,0.6420756165982192,-0.06168194196980192
2025-08,CUST113,Nova Labs 113,22582.75,14417.31,0.6384213614373803,0.6415879127255976,-0.06626834724211184
2025-09,CUST113,Nova Labs 113,20476.52,13147.09,0.6420568534106381,0.6409115170824211,-0.0635770498110706
2025-10,CUST113,Nova Labs 113,20305.40,13055.16,0.6429403015946497,0.6411395054808894,-0.06327184385697715
2025-11,CUST113,Nova Labs 113,19981.13,12807.68,0.640988772907238,0.6419953093041753,-0.061842339073828634
2025-12,CUST113,Nova Labs 113,18906.92,12120.58,0.6410658108248197,0.6416649617755691,-0.06333221620276486
2024-01,CUST114,Orchid Labs 114,19062.13,13439.28,0.7050250942575672,0.7050250942575672,
2024-02,CUST114,Orchid Labs 114,20397.76,14417.92,0.7068383979417349,0.705931746099651,
2024-03,CUST114,Orchid Labs 114,19605.00,13861.40,0.7070339199183882,0.7062991373725634,
2024-04,CUST114,Orchid Labs 114,20861.35,14644.91,0.7020116147804433,0.7052946442135221,
2024-05,CUST114,Orchid Labs 114,20041.52,14083.67,0.7027246436398038,0.7039233927795451,
2024-06,CUST114,Orchid Labs 114,19912.25,14004.61,0.7033163002674233,0.7026841862292236,
2024-07,CUST114,Orchid Labs 114,19570.44,13741.83,0.7021727666828135,0.7027379035300134,
2024-08,CUST114,Orchid Labs 114,18781.25,13202.36,0.7029542762063228,0.7028144477188532,
2024-09,CUST114,Orchid Labs 114,18268.35,12875.79,0.7048140636674906,0.7033137021855422,
2024-10,CUST114,Orchid Labs 114,18630.76,13086.35,0.70240559161301,0.7033913104956078,
2024-11,CUST114,Orchid Labs 114,18683.34,13165.36,0.7046577325039314,0.7039591292614773,
2024-12,CUST114,Orchid Labs 114,18504.39,12984.42,0.7016940304435867,0.7029191181868426,
2025-01,CUST114,Orchid Labs 114,23098.34,14865.39,0.6435696244838374,0.6833071291437851,-0.06145546977372984
2025-02,CUST114,Orchid Labs 114,23911.01,15400.21,0.644063550640479,0.6631090685226343,-0.06277484730125582
2025-03,CUST114,Orchid Labs 114,23518.42,15034.72,0.6392742369597958,0.642302470694704,-0.06775968295859236
2025-04,CUST114,Orchid Labs 114,23107.25,14835.50,0.6420279349554794,0.6417885741852514,-0.05998367982496389
2025-05,CUST114,Orchid Labs 114,23193.41,14913.16,0.6429912634666485,0.6414311451273078,-0.059733380173155326
2025-06,CUST114,Orchid Labs 114,22742.08,14568.19,0.6405830073590454,0.6418674019270577,-0.06273329290837792
2025-07,CUST114,Orchid Labs 114,21789.12,13953.63,0.640394380314579,0.6413228837134243,-0.06177838636823452
2025-08,CUST114,Orchid Labs 114,21746.13,13949.46,0.6414686199337537,0.6408153358691261,-0.06148565627256908
2025-09,CUST114,Orchid Labs 114,20416.41,13145.91,0.6438894007320581,0.6419174669934636,-0.060924662935432417
2025-10,CUST114,Orchid Labs 114,20687.88,13286.39,0.6422306200538672,0.6425295469065596,-0.060174971559142754
2025-11,CUST114,Orchid Labs 114,18944.65,12169.00,0.642344936433241,0.6428216524063888,-0.0623127960706904
2025-12,CUST114,Orchid Labs 114,18857.86,12167.36,0.6452142501853338,0.6432632688908141,-0.05647978025825284
2024-01,CUST115,Pioneer Labs 115,19626.25,13828.59,0.7045966498949111,0.7045966498949111,
2024-02,CUST115,Pioneer Labs 115,20166.78,14168.94,0.7025881176866114,0.7035923837907613,
2024-03,CUST115,Pioneer Labs 115,20800.11,14596.29,0.7017410004081709,0.7029752559965644,
2024-04,CUST115,Pioneer Labs 115,20021.08,14097.34,0.7041248524055644,0.7028179901667823,
2024-05,CUST115,Pioneer Labs 115,20786.64,14599.06,0.7023289959320025,0.7027316162485793,
2024-06,CUST115,Pioneer Labs 115,19132.77,13477.48,0.7044186492598824,0.7036241658658163,
2024-07,CUST115,Pioneer Labs 115,19040.14,13358.75,0.7016098621123584,0.7027858357680811,
2024-08,CUST115,Pioneer Labs 115,18546.92,13062.66,0.7043034638635418,0.703443991745261,
2024-09,CUST115,Pioneer Labs 115,18604.42,13106.87,0.7045030159499733,0.7034721139752912,
2024-10,CUST115,Pioneer Labs 115,18752.93,13184.27,0.7030512031986469,0.703952561004054,
2024-11,CUST115,Pioneer Labs 115,18555.45,13086.45,0.7052617963994406,0.7042720051826871,
2024-12,CUST115,Pioneer Labs 115,18660.66,13135.77,0.7039284784139468,0.7040804926706782,
2025-01,CUST115,Pioneer Labs 115,22897.16,14632.86,0.6390687753415708,0.6827530167183194,-0.0655278745533403
2025-02,CUST115,Pioneer Labs 115,23861.60,15286.68,0.6406393536057935,0.6612122024537703,-0.06194876408081795
2025-03,CUST115,Pioneer Labs 115,22820.52,14690.48,0.6437399323065381,0.6411493537513008,-0.05800106810163275
2025-04,CUST115,Pioneer Labs 115,24086.16,15425.44,0.6404275318274063,0.6416022725799126,-0.06369732057815813
2025-05,CUST115,Pioneer Labs 115,24242.79,15503.34,0.6395031264965789,0.6412235302101744,-0.06282586943542356
2025-06,CUST115,Pioneer Labs 115,23727.21,15212.18,0.6411280550894943,0.6403529044711599,-0.06329059417038807
2025-07,CUST115,Pioneer Labs 115,22763.75,14654.65,0.6437713469880841,0.6414675095247192,-0.05783851512427429
2025-08,CUST115,Pioneer Labs 115,22546.52,14465.12,0.6415677452662318,0.6421557157812702,-0.06273571859730998
2025-09,CUST115,Pioneer Labs 115,20342.66,13049.53,0.6414859217034548,0.6422750046525902,-0.06301709424651858
2025-10,CUST115,Pioneer Labs 115,19546.40,12525.30,0.6407983055703351,0.641283990846674,-0.062252897628311765
2025-11,CUST115,Pioneer Labs 115,18937.55,12173.55,0.6428260255418468,0.6417034176052122,-0.062435770857593886
2025-12,CUST115,Pioneer Labs 115,18995.20,12175.25,0.640964559467655,0.6415296301932789,-0.06296391894629183
2024-01,CUST116,Quartz Labs 116,19135.16,13510.42,0.7060521051300329,0.7060521051300329,
2024-02,CUST116,Quartz Labs 116,19714.39,13846.09,0.7023341833046826,0.7041931442173577,
2024-03,CUST116,Quartz Labs 116,19990.33,14076.99,0.704189975853325,0.7041920880960134,
2024-04,CUST116,Quartz Labs 116,20472.75,14450.19,0.7058255485950837,0.7041165692510304,
2024-05,CUST116,Quartz Labs 116,20816.18,14629.92,0.7028148296181144,0.704276784688841,
2024-06,CUST116,Quartz Labs 116,19902.89,14033.98,0.705122723383388,0.7045877005321954,
2024-07,CUST116,Quartz Labs 116,19436.11,13708.65,0.705318605420529,0.7044187194740105,
2024-08,CUST116,Quartz Labs 116,18445.15,12934.94,0.7012651022084396,0.7039021436707856,
2024-09,CUST116,Quartz Labs 116,18873.59,13263.84,0.7027724985018748,0.7031187353769478,
2024-10,CUST116,Quartz Labs 116,17563.05,12358.87,0.7036858632185184,0.7025744879762778,
2024-11,CUST116,Quartz Labs 116,18099.08,12711.58,0.7023329362597435,0.7029304326600455,
2024-12,CUST116,Quartz Labs 116,18251.59,12840.73,0.7035403490873946,0.7031863828552188,
2025-01,CUST116,Quartz Labs 116,22961.99,14786.54,0.6439572528339225,0.6832768460603535,-0.06209485229611045
2025-02,CUST116,Quartz Labs 116,22875.40,14706.41,0.6428919275728512,0.663463176498056,-0.05944225573183137
2025-03,CUST116,Quartz Labs 116,23472.74,15071.95,0.6421044155901697,0.6429845319989811,-0.06208556026315526
2025-04,CUST116,Quartz Labs 116,24231.47,15546.09,0.6415661121673591,0.6421874851101267,-0.06425943642772458
2025-05,CUST116,Quartz Labs 116,23068.47,14830.16,0.6428757520546442,0.6421820932707244,-0.05993907756347017
2025-06,CUST116,Quartz Labs 116,23171.01,14912.19,0.6435709966893978,0.6426709536371337,-0.06155172669399023
2025-07,CUST116,Quartz Labs 116,22663.21,14562.80,0.6425744631938723,0.6430070706459715,-0.0627441422266567
2025-08,CUST116,Quartz Labs 116,21441.55,13802.95,0.6437477701005758,0.6432977433279486,-0.057517332107863806
2025-09,CUST116,Quartz Labs 116,20556.14,13152.04,0.6398107815961558,0.642044338296868,-0.06296171690571906
2025-10,CUST116,Quartz Labs 116,19431.51,12409.43,0.6386240698741374,0.640727540523623,-0.065061793344381
2025-11,CUST116,Quartz Labs 116,19989.95,12867.79,0.6437129657652971,0.6407159390785301,-0.05861997049444634
2025-12,CUST116,Quartz Labs 116,19747.41,12695.14,0.6428762050314446,0.6417377468902931,-0.06066414405595
2024-01,CUST117,Rivet Labs 117,19315.49,13595.49,0.7038646185004884,0.7038646185004884,
2024-02,CUST117,Rivet Labs 117,19761.60,13921.47,0.7044707918387175,0.7041677051696029,
2024-03,CUST117,Rivet Labs 117,20147.74,14127.76,0.7012081752097257,0.7031811951829772,
2024-04,CUST117,Rivet Labs 117,20534.13,14453.21,0.7038627884405133,0.7031805851629854,
2024-05,CUST117,Rivet Labs 117,20236.17,14256.62,0.7045117727316978,0.7031942454606456,
2024-06,CUST117,Rivet Labs 117,19973.31,14079.42,0.704911704669882,0.7044287552806977,
2024-07,CUST117,Rivet Labs 117,19769.40,13952.77,0.7057760984147217,0.7050665252721006,
2024-08,CUST117,Rivet Labs 117,18183.55,12779.56,0.7028088574563273,0.7044988868469769,
2024-09,CUST117,Rivet Labs 117,17774.76,12495.42,0.7029867069935122,0.7038572209548537,
2024-10,CUST117,Rivet Labs 117,17598.87,12383.52,0.7036542687115708,0.7031499443871367,
2024-11,CUST117,Rivet Labs 117,18962.60,13326.22,0.7027633341419426,0.7031347699490085,
2024-12,CUST117,Rivet Labs 117,18213.40,12812.89,0.7034869930929973,0.7033015319821702,
2025-01,CUST117,Rivet Labs 117,21850.56,14021.81,0.6417139881083138,0.6826547717810847,-0.06215063039217461
2025-02,CUST117,Rivet Labs 117,23637.12,15143.88,0.6406821135569816,0.6619610315860975,-0.06378867828173596
2025-03,CUST117,Rivet Labs 117,22863.60,14636.58,0.6401695271085919,0.6408552095912957,-0.0610386481011338
2025-04,CUST117,Rivet Labs 117,23088.74,14828.71,0.6422485592544244,0.6410333999733325,-0.06161422918608894
2025-05,CUST117,Rivet Labs 117,23403.55,15011.15,0.6414048296091832,0.6412743053240665,-0.06310694312251464
2025-06,CUST117,Rivet Labs 117,22666.00,14528.59,0.6409860584134828,0.6415464824256968,-0.06392564625639918
2025-07,CUST117,Rivet Labs 117,23004.08,14721.93,0.6399703878616315,0.6407870919614326,-0.06580571055309015
2025-08,CUST117,Rivet Labs 117,21720.12,13890.01,0.6394996896886389,0.6401520453212511,-0.06330916776768836
2025-09,CUST117,Rivet Labs 117,21057.73,13453.11,0.6388680071403708,0.6394460282302138,-0.06411869985314134
2025-10,CUST117,Rivet Labs 117,20128.88,12925.81,0.6421524694866281,0.6401733887718793,-0.0615017992249427
2025-11,CUST117,Rivet Labs 117,20002.61,12840.42,0.6419372271918514,0.6409859012729502,-0.06082610695009116
2025-12,CUST117,Rivet Labs 117,19028.82,12221.92,0.6422847028875148,0.6421247998553316,-0.06120229020548251
2024-01,CUST118,Summit Labs 118,19360.33,13593.87,0.7021507381330793,0.7021507381330793,
2024-02,CUST118,Summit Labs 118,19885.62,13976.98,0.7028687061303596,0.7025097221317194,
2024-03,CUST118,Summit Labs 118,20279.36,14278.50,0.7040902671484701,0.7030365704706364,
2024-04,CUST118,Summit Labs 118,20319.18,14305.86,0.7040569550542887,0.7036719761110395,
2024-05,CUST118,Summit Labs 118,20228.31,14241.74,0.704049918159253,0.7040657134540039,
2024-06,CUST118,Summit Labs 118,19634.09,13824.60,0.7041120826073427,0.704072985273628,
2024-07,CUST118,Summit Labs 118,18610.61,13065.14,0.7020264247114951,0.7033961418260303,
2024-08,CUST118,Summit Labs 118,18578.12,13110.81,0.7057124186946796,0.7039503086711725,
2024-09,CUST118,Summit Labs 118,18492.80,12969.81,0.7013437662225298,0.7030275365429016,
2024-10,CUST118,Summit Labs 118,18394.69,12878.51,0.7001210675472107,0.7023924174881401,
2024-11,CUST118,Summit Labs 118,18200.75,12814.09,0.7040418664066042,0.7018355667254482,
2024-12,CUST118,Summit Labs 118,18760.45,13182.47,0.7026734433342483,0.7022787924293544,
2025-01,CUST118,Summit Labs 118,21995.95,14067.73,0.6395600099109153,0.6820917732172559,-0.06259072822216394
2025-02,CUST118,Summit Labs 118,23908.05,15336.89,0.6414948103253925,0.6612427545235188,-0.061373895804967105
2025-03,CUST118,Summit Labs 118,23083.81,14828.46,0.642374893919158,0.6411432380518219,-0.06171537322931209
2025-04,CUST118,Summit Labs 118,23060.59,14785.36,0.6411527198566906,0.6416741413670803,-0.06290423519759802
2025-05,CUST118,Summit Labs 118,23348.53,14986.82,0.6418742421899795,0.641800618655276,-0.062175675969273536
2025-06,CUST118,Summit Labs 118,22825.20,14580.43,0.6387865166570282,0.6406044929012328,-0.06532556595031447
2025-07,CUST118,Summit Labs 118,21766.13,13955.17,0.6411415350363155,0.6406007646277744,-0.060884889675179577
2025-08,CUST118,Summit Labs 118,21363.20,13730.32,0.6427089574595566,0.6408790030509668,-0.06300346123512301
2025-09,CUST118,Summit Labs 118,20633.08,13179.26,0.6387441913664852,0.6408648946207859,-0.06259957485604462
2025-10,CUST118,Summit Labs 118,20047.13,12837.97,0.640389422326288,0.6406141903841099,-0.05973164522092267
2025-11,CUST118,Summit Labs 118,19774.94,12660.00,0.6402042180658956,0.6397792772528896,-0.0638376483407086
2025-12,CUST118,Summit Labs 118,18639.75,11921.06,0.6395504231548169,0.6400480211823335,-0.06312302017943139
2024-01,CUST119,Tandem Labs 119,19056.17,13451.01,0.7058611462849042,0.7058611462849042,
2024-02,CUST119,Tandem Labs 119,19913.25,13986.88,0.7023906193112626,0.7041258827980834,
2024-03,CUST119,Tandem Labs 119,20061.80,14174.79,0.7065562412146468,0.7049360022702712,
2024-04,CUST119,Tandem Labs 119,19960.00,14036.86,0.703249498997996,0.7040654531746352,
2024-05,CUST119,Tandem Labs 119,19841.33,13956.71,0.7034160512425325,0.7044072638183918,
2024-06,CUST119,Tandem Labs 119,20392.99,14425.18,0.7073597348892928,0.7046750950432737,
2024-07,CUST119,Tandem Labs 119,19818.31,13954.70,0.7041316842858952,0.7049691568059068,
2024-08,CUST119,Tandem Labs 119,18345.71,12903.97,0.703378064953605,0.7049564947095978,
2024-09,CUST119,Tandem Labs 119,18953.28,13335.19,0.7035821768052812,0.7036973086815937,
2024-10,CUST119,Tandem Labs 119,18465.85,12969.15,0.7023316013072781,0.7030972810220547,
2024-11,CUST119,Tandem Labs 119,17813.58,12559.79,0.7050682681414965,0.7036606820846852,
2024-12,CUST119,Tandem Labs 119,18459.15,13004.78,0.704516730185301,0.7039721998780252,
2025-01,CUST119,Tandem Labs 119,21772.80,14005.59,0.6432608575837743,0.6842819519701906,-0.06260028870112988
2025-02,CUST119,Tandem Labs 119,22443.33,14373.75,0.6404464043437403,0.6627413307042719,-0.061944214967522226
2025-03,CUST119,Tandem Labs 119,24012.19,15374.85,0.6402935342423994,0.6413335987233046,-0.06626270697224734
2025-04,CUST119,Tandem Labs 119,23467.06,15036.40,0.6407449420592097,0.6404949602151165,-0.06250455693878632
2025-05,CUST119,Tandem Labs 119,23087.68,14814.95,0.6416820572703711,0.6409068445239935,-0.061733993972161394
2025-06,CUST119,Tandem Labs 119,23442.67,14992.14,0.6395235696275211,0.6406501896523674,-0.06783616526177172
2025-07,CUST119,Tandem Labs 119,22920.78,14714.39,0.6419672454427816,0.6410576241135579,-0.06216443884311362
2025-08,CUST119,Tandem Labs 119,21504.51,13871.32,0.6450423655316955,0.6421777268673327,-0.058335699421909526
2025-09,CUST119,Tandem Labs 119,20268.22,13089.00,0.64578931943703,0.644266310137169,-0.05779285736825124
2025-10,CUST119,Tandem Labs 119,19311.07,12407.42,0.6425029788613474,0.6444448879433576,-0.05982862244593068
2025-11,CUST119,Tandem Labs 119,19198.40,12331.52,0.6423201933494458,0.643537497215941,-0.06274807479205069
2025-12,CUST119,Tandem Labs 119,19855.26,12754.70,0.6423839325196448,0.6424023682434793,-0.06213279766565627
2024-01,CUST120,Vertex Labs 120,19042.55,13368.70,0.7020435813480863,0.7020435813480863,
2024-02,CUST120,Vertex Labs 120,19187.63,13516.85,0.704456464920368,0.7032500231342271,
2024-03,CUST120,Vertex Labs 120,19465.77,13712.31,0.7044319335942014,0.7036439932875519,
2024-04,CUST120,Vertex Labs 120,20603.55,14511.80,0.7043349325722994,0.7044077770289562,
2024-05,CUST120,Vertex Labs 120,19572.48,13755.64,0.7028051631678766,0.7038573431114591,
2024-06,CUST120,Vertex Labs 120,19818.61,13979.31,0.7053627878039882,0.7041676278480548,
2024-07,CUST120,Vertex Labs 120,19836.91,13988.18,0.7051592208665564,0.7044423906128071,
2024-08,CUST120,Vertex Labs 120,18870.74,13269.88,0.7031987086886894,0.7045735724530781,
2024-09,CUST120,Vertex Labs 120,18865.39,13266.22,0.703204121409629,0.7038540169882915,
2024-10,CUST120,Vertex Labs 120,17638.72,12366.79,0.7011160673790389,0.702506299159119,
2024-11,CUST120,Vertex Labs 120,18719.54,13207.07,0.7055232126430456,0.7032811338105711,
2024-12,CUST120,Vertex Labs 120,18264.20,12874.49,0.7049030343513539,0.7038474381244795,
2025-01,CUST120,Vertex Labs 120,22327.16,14271.84,0.6392143022220471,0.6832135164054822,-0.0628292791260392
2025-02,CUST120,Vertex Labs 120,23798.76,15231.15,0.6399976301286285,0.6613716555673431,-0.06445883479173942
2025-03,CUST120,Vertex Labs 120,22824.55,14580.66,0.6388147849574253,0.6393422391027003,-0.06561714863677615
2025-04,CUST120,Vertex Labs 120,24390.61,15660.43,0.6420679925594317,0.6402934692151618,-0.0622669400128677
2025-05,CUST120,Vertex Labs 120,24378.75,15632.34,0.6412281187509614,0.6407036320892728,-0.06157704441691514
2025-06,CUST120,Vertex Labs 120,23075.29,14831.35,0.64273731771085,0.6420111430070811,-0.06262547009313824
2025-07,CUST120,Vertex Labs 120,22106.28,14255.05,0.6448416468080563,0.6429356944232892,-0.06031757405850002
2025-08,CUST120,Vertex Labs 120,21913.94,14071.05,0.642104979752614,0.6432279814238401,-0.06109372893607534
2025-09,CUST120,Vertex Labs 120,20161.51,12896.31,0.6396500063735305,0.6421988776447337,-0.06355411503609842
2025-10,CUST120,Vertex Labs 120,20463.32,13126.36,0.6414579843348978,0.6410709901536807,-0.05965808304414111
2025-11,CUST120,Vertex Labs 120,20092.73,12928.08,0.6434207795555905,0.6415095900880062,-0.06210243308745511
2025-12,CUST120,Vertex Labs 120,19287.48,12438.51,0.644900733532841,0.6432598324744431,-0.06000230081851288
2024-01,CUST121,Alto Networks 121,19779.00,13884.27,0.7019702715000758,0.7019702715000758,
2024-02,CUST121,Alto Networks 121,19258.06,13583.95,0.7053644032680343,0.7036673373840551,
2024-03,CUST121,Alto Networks 121,20800.37,14675.23,0.70552735359996,0.7042873427893568,
2024-04,CUST121,Alto Networks 121,20447.42,14379.02,0.7032192814545797,0.704703679440858,
2024-05,CUST121,Alto Networks 121,20473.37,14444.93,0.7055472547997717,0.7047646299514371,
2024-06,CUST121,Alto Networks 121,19149.61,13522.60,0.7061553733992494,0.7049739698845335,
2024-07,CUST121,Alto Networks 121,19410.52,13693.11,0.7054478705361835,0.7057168329117349,
2024-08,CUST121,Alto Networks 121,18303.47,12922.07,0.7059901756333634,0.7058644731895988,
2024-09,CUST121,Alto Networks 121,18493.48,12976.67,0.7016889195543511,0.7043756552412993,
2024-10,CUST121,Alto Networks 121,17876.20,12578.22,0.7036294066971727,0.7037695006282957,
2024-11,CUST121,Alto Networks 121,17928.84,12592.57,0.702363900843557,0.702560742365027,
2024-12,CUST121,Alto Networks 121,18606.36,13091.48,0.7036024241173447,0.7031985772193582,
2025-01,CUST121,Alto Networks 121,22097.91,14230.38,0.6439694975678695,0.6833119408429238,-0.05800077393220637
2025-02,CUST121,Alto Networks 121,23095.11,14882.60,0.6444048112349324,0.6639922443067156,-0.06095959203310186
2025-03,CUST121,Alto Networks 121,23714.52,15204.50,0.6411472802316893,0.643173863011497,-0.06438007336827067
2025-04,CUST121,Alto Networks 121,23084.62,14761.62,0.6394569198020155,0.6416696704228791,-0.06376236165256421
2025-05,CUST121,Alto Networks 121,24319.99,15576.53,0.6404825824352723,0.6403622608229923,-0.06506467236449931
2025-06,CUST121,Alto Networks 121,23195.73,14816.19,0.6387464416942257,0.6395619813105046,-0.06740893170502371
2025-07,CUST121,Alto Networks 121,22109.47,14190.77,0.641841256258065,0.6403567601291876,-0.06360661427811853
2025-08,CUST121,Alto Networks 121,22268.24,14236.56,0.6393212934654916,0.6399696638059275,-0.06666888216787181
2025-09,CUST121,Alto Networks 121,20926.61,13411.29,0.6408725541308411,0.6406783679514659,-0.06081636542350999
2025-10,CUST121,Alto Networks 121,19780.92,12708.63,0.6424691065936265,0.6408876513966532,-0.06116030010354612
2025-11,CUST121,Alto Networks 121,20066.45,12828.04,0.6392779988488247,0.6408732198577641,-0.0630859019947323
2025-12,CUST121,Alto Networks 121,19615.21,12604.26,0.6425758378319681,0.6414409810914732,-0.061026586285376605
2024-01,CUST122,Beacon Networks 122,19689.45,13852.66,0.703557488909035,0.703557488909035,
2024-02,CUST122,Beacon Networks 122,19324.78,13609.46,0.7042491557471806,0.7039033223281078,
2024-03,CUST122,Beacon Networks 122,20277.51,14286.02,0.7045253583896643,0.70411066768196,
2024-04,CUST122,Beacon Networks 122,20945.08,14758.24,0.7046160721276786,0.7044635287548412,
2024-05,CUST122,Beacon Networks 122,19817.45,13991.58,0.7060232270044834,0.7050548858406088,
2024-06,CUST122,Beacon Networks 122,20412.00,14310.42,0.7010787771898883,0.7039060254406834,
2024-07,CUST122,Beacon Networks 122,18899.47,13274.12,0.7023540871781061,0.7031520304574926,
2024-08,CUST122,Beacon Networks 122,18592.36,13072.14,0.7030920227448263,0.7021749623709402,
2024-09,CUST122,Beacon Networks 122,18147.74,12801.16,0.7053859048013691,0.7036106715747672,
2024-10,CUST122,Beacon Networks 122,18709.66,13140.88,0.702358033229893,0.7036119869253628,
2024-11,CUST122,Beacon Networks 122,18641.69,13145.68,0.7051764083621175,0.7043067821311265,
2024-12,CUST122,Beacon Networks 122,18140.73,12766.92,0.7037710169326152,0.7037684861748753,
2025-01,CUST122,Beacon Networks 122,23083.72,14852.33,0.6434114605444876,0.6841196286130735,-0.06014602836454741
2025-02,CUST122,Beacon Networks 122,23893.29,15326.55,0.6414583341180724,0.662880270531725,-0.0627908216291082
2025-03,CUST122,Beacon Networks 122,23110.93,14802.34,0.640490884616067,0.6417868930928757,-0.06403447377359739
2025-04,CUST122,Beacon Networks 122,23088.07,14830.21,0.6423321654863312,0.6414271280734901,-0.06228390664134742
2025-05,CUST122,Beacon Networks 122,22819.68,14617.68,0.6405733998022759,0.6411321499682248,-0.06544982720220749
2025-06,CUST122,Beacon Networks 122,23228.19,14983.41,0.6450528431186416,0.6426528028024162,-0.056025934071246675
2025-07,CUST122,Beacon Networks 122,22514.93,14437.58,0.6412447207253142,0.6422903212154106,-0.06110936645279186
2025-08,CUST122,Beacon Networks 122,22413.00,14379.61,0.6415745326373087,0.6426240321604215,-0.061517490107517614
2025-09,CUST122,Beacon Networks 122,20557.82,13156.02,0.6399520960880094,0.6409237831502107,-0.06543380871335969
2025-10,CUST122,Beacon Networks 122,19425.33,12467.87,0.6418356856743231,0.641120771466547,-0.060522347555569844
2025-11,CUST122,Beacon Networks 122,19641.87,12623.84,0.6427005168041536,0.6414960995221621,-0.06247589155796385
2025-12,CUST122,Beacon Networks 122,19132.28,12311.45,0.6434910005498561,0.6426757343427777,-0.06028001638275915
2024-01,CUST123,Cedar Networks 123,18952.39,13343.15,0.7040352166666051,0.7040352166666051,
2024-02,CUST123,Cedar Networks 123,19991.52,14109.86,0.7057922559165086,0.7049137362915568,
2024-03,CUST123,Cedar Networks 123,20713.49,14576.12,0.7037017904756755,0.7045097543529297,
2024-04,CUST123,Cedar Networks 123,19637.41,13822.06,0.7038636968928184,0.7044525810950009,
2024-05,CUST123,Cedar Networks 123,20855.08,14679.70,0.7038908505745363,0.7038187793143434,
2024-06,CUST123,Cedar Networks 123,20076.25,14089.83,0.7018158271589565,0.703190124875437,
2024-07,CUST123,Cedar Networks 123,18638.33,13135.38,0.7047509084773151,0.7034858620702694,
2024-08,CUST123,Cedar Networks 123,18598.69,13095.21,0.7040931377424969,0.7035532911262562,
2024-09,CUST123,Cedar Networks 123,18779.48,13222.75,0.7041062904830165,0.7043167789009429,
2024-10,CUST123,Cedar Networks 123,18489.98,13008.06,0.7035194197073226,0.7039062826442787,
2024-11,CUST123,Cedar Networks 123,18916.01,13316.98,0.7040057601999576,0.7038771567967655,
2024-12,CUST123,Cedar Networks 123,18815.74,13228.66,0.7030634989641651,0.703529559623815,
2025-01,CUST123,Cedar Networks 123,23129.32,14858.26,0.6423993442089954,0.6831562011243727,-0.06163587245760971
2025-02,CUST123,Cedar Networks 123,23909.21,15272.69,0.6387785292780481,0.6614137908170695,-0.0670137266384605
2025-03,CUST123,Cedar Networks 123,24316.73,15583.35,0.6408489134846668,0.6406755956572368,-0.06285287699100872
2025-04,CUST123,Cedar Networks 123,24080.51,15433.60,0.6409166583265886,0.6401813670297679,-0.06294703856622974
2025-05,CUST123,Cedar Networks 123,23397.66,15046.28,0.6430677255759765,0.6416110991290772,-0.0608231249985598
2025-06,CUST123,Cedar Networks 123,23400.21,14999.19,0.6409852732090866,0.6416565523705505,-0.060830553949869914
2025-07,CUST123,Cedar Networks 123,22343.32,14317.11,0.6407780938553447,0.6416103642134693,-0.06397281462197046
2025-08,CUST123,Cedar Networks 123,22605.20,14482.91,0.6406893104241501,0.6408175591628605,-0.06340382731834682
2025-09,CUST123,Cedar Networks 123,21382.59,13661.88,0.6389254061364876,0.6401309368053275,-0.06518088434652891
2025-10,CUST123,Cedar Networks 123,20318.76,13047.81,0.6421558205323553,0.6405901790309977,-0.061363599174967254
2025-11,CUST123,Cedar Networks 123,19825.69,12727.51,0.6419705947182671,0.6410172737957033,-0.062035165481690524
2025-12,CUST123,Cedar Networks 123,19563.02,12589.74,0.6435478775771839,0.6425580976092687,-0.05951562138698119
2024-01,CUST124,Delta Networks 124,18974.65,13335.43,0.702802423233103,0.702802423233103,
2024-02,CUST124,Delta Networks 124,19614.00,13792.92,0.7032181095136127,0.703010266373358,
2024-03,CUST124,Delta Networks 124,20324.86,14319.99,0.7045554065317055,0.7035253130928071,
2024-04,CUST124,Delta Networks 124,20680.37,14522.54,0.7022379193409016,0.7033371451287399,
2024-05,CUST124,Delta Networks 124,19579.98,13758.90,0.7027024542415263,0.7031652600380444,
2024-06,CUST124,Delta Networks 124,20281.73,14261.03,0.7031466250660078,0.7026956662161452,
2024-07,CUST124,Delta Networks 124,19593.77,13781.52,0.7033623442553424,0.7030704745209588,
2024-08,CUST124,Delta Networks 124,18567.55,13036.49,0.7021114794358976,0.7028734829190825,
2024-09,CUST124,Delta Networks 124,18552.55,13008.57,0.7011742321136447,0.7022160186016282,
2024-10,CUST124,Delta Networks 124,18616.18,13109.35,0.7041911928225877,0.7024923014573767,
2024-11,CUST124,Delta Networks 124,18861.85,13246.57,0.7022943136542811,0.7025532461968379,
2024-12,CUST124,Delta Networks 124,19041.21,13437.15,0.7056878213096752,0.704057775928848,
2025-01,CUST124,Delta Networks 124,21830.66,14014.54,0.641965932317209,0.683316022427055,-0.06083649091589405
2025-02,CUST124,Delta Networks 124,23154.25,14905.72,0.6437574095468435,0.6638037210579092,-0.05946069996676928
2025-03,CUST124,Delta Networks 124,22824.08,14597.85,0.6395810915489255,0.6417681444709927,-0.06497431498277995
2025-04,CUST124,Delta Networks 124,23198.44,14920.37,0.6431626436950072,0.642167048263592,-0.05907527564589443
2025-05,CUST124,Delta Networks 124,23581.84,15079.45,0.6394517985025766,0.6407318445821698,-0.06325065573894972
2025-06,CUST124,Delta Networks 124,23805.24,15300.35,0.6427303400427805,0.6417815940801215,-0.06041628502322727
2025-07,CUST124,Delta Networks 124,22763.01,14577.14,0.6403871895676363,0.6408564427043312,-0.06297515468770609
2025-08,CUST124,Delta Networks 124,22546.01,14525.55,0.6442625546604477,0.6424600280902881,-0.057848924775449895
2025-09,CUST124,Delta Networks 124,21426.28,13722.08,0.6404322168850589,0.6416939870377143,-0.0607420152285858
2025-10,CUST124,Delta Networks 124,20557.41,13214.16,0.6427930366714484,0.6424959360723183,-0.061398156151139305
2025-11,CUST124,Delta Networks 124,19420.99,12405.65,0.6387753662403409,0.6406668732656161,-0.06351894741394015
2025-12,CUST124,Delta Networks 124,18920.69,12166.15,0.6430077338617144,0.6415253789245012,-0.06268008744796083
2024-01,CUST125,Ember Networks 125,19631.85,13831.94,0.7045663042453972,0.7045663042453972,
2024-02,CUST125,Ember Networks 125,19669.09,13805.00,0.7018626687864055,0.7032144865159013,
2024-03,CUST125,Ember Networks 125,20577.88,14486.24,0.7039714489539253,0.703466807328576,
2024-04,CUST125,Ember Networks 125,19803.55,13934.93,0.7036581824975825,0.7031641000793044,
2024-05,CUST125,Ember Networks 125,20598.55,14522.00,0.705001080173119,0.704210237208209,
2024-06,CUST125,Ember Networks 125,20384.49,14321.23,0.7025552270378115,0.7037381632361711,
2024-07,CUST125,Ember Networks 125,19472.52,13729.66,0.705078746869948,0.7042116846936262,
2024-08,CUST125,Ember Networks 125,19030.01,13452.33,0.7069008371514256,0.7048449370197284,
2024-09,CUST125,Ember Networks 125,17998.25,12658.84,0.7033372689011431,0.7051056176408389,
2024-10,CUST125,Ember Networks 125,18629.27,13136.64,0.7051612865131054,0.7051331308552248,
2024-11,CUST125,Ember Networks 125,18674.67,13137.80,0.703509084765621,0.7040025467266232,
2024-12,CUST125,Ember Networks 125,18650.86,13101.16,0.7024426755656307,0.703704348948119,
2025-01,CUST125,Ember Networks 125,22469.19,14396.68,0.6407298171407159,0.6822271924906559,-0.06383648710468137
2025-02,CUST125,Ember Networks 125,22738.94,14573.87,0.6409212566636792,0.6613645831233419,-0.0609414121227263
2025-03,CUST125,Ember Networks 125,24309.41,15645.19,0.6435857554749375,0.6417456097597776,-0.06038569347898781
2025-04,CUST125,Ember Networks 125,23006.81,14730.84,0.6402817252804712,0.6415962458063627,-0.06337645721711127
2025-05,CUST125,Ember Networks 125,23929.58,15319.91,0.6402080604841371,0.6413585137465153,-0.06479301968898188
2025-06,CUST125,Ember Networks 125,22564.40,14481.39,0.6417804151672546,0.6407567336439542,-0.06077481187055689
2025-07,CUST125,Ember Networks 125,22786.61,14582.19,0.6399455645223225,0.6406446800579048,-0.06513318234762544
2025-08,CUST125,Ember Networks 125,22433.99,14391.09,0.6414859773049734,0.6410706523315168,-0.06541485984645223
2025-09,CUST125,Ember Networks 125,20232.12,13022.90,0.643674513595214,0.64170201847417,-0.05966275530592913
2025-10,CUST125,Ember Networks 125,19959.88,12765.45,0.6395554482291477,0.6415719797097784,-0.06560583828395772
2025-11,CUST125,Ember Networks 125,18881.06,12093.62,0.640515945608986,0.6412486358111159,-0.06299313915663507
2025-12,CUST125,Ember Networks 125,19395.52,12449.49,0.6418745153519988,0.6406486363967109,-0.06056816021363187
2024-01,CUST126,Foundry Networks 126,19865.66,13986.76,0.704067219513472,0.704067219513472,
2024-02,CUST126,Foundry Networks 126,19619.39,13812.01,0.7039979326574374,0.7040325760854547,
2024-03,CUST126,Foundry Networks 126,20476.21,14454.88,0.7059353268988744,0.7046668263565946,
2024-04,CUST126,Foundry Networks 126,21003.37,14804.91,0.7048825974117487,0.7049386189893534,
2024-05,CUST126,Foundry Networks 126,19986.83,14087.36,0.7048321319588949,0.7052166854231726,
2024-06,CUST126,Foundry Networks 126,20259.08,14308.73,0.706287254900025,0.7053339947568894,
2024-07,CUST126,Foundry Networks 126,18709.78,13181.11,0.7045037408243177,0.7052077092277459,
2024-08,CUST126,Foundry Networks 126,18115.49,12723.39,0.7023486530035896,0.7043798829093108,
2024-09,CUST126,Foundry Networks 126,18921.17,13302.05,0.703024707245905,0.7032923670246042,
2024-10,CUST126,Foundry Networks 126,17955.11,12631.29,0.7034927661261892,0.7029553754585613,
2024-11,CUST126,Foundry Networks 126,18419.00,12974.05,0.7043840599381074,0.7036338444367338,
2024-12,CUST126,Foundry Networks 126,19190.95,13500.01,0.703457098267673,0.7037779747773231,
2025-01,CUST126,Foundry Networks 126,22273.68,14318.88,0.6428609910890342,0.6835673830982715,-0.06120622842443779
2025-02,CUST126,Foundry Networks 126,22985.72,14735.66,0.6410788959406101,0.6624656617657724,-0.0629190367168273
2025-03,CUST126,Foundry Networks 126,23808.73,15314.83,0.6432443057651542,0.6423947309315995,-0.06269102113372016
2025-04,CUST126,Foundry Networks 126,24557.48,15798.94,0.6433453269635159,0.6425561762230934,-0.06153727044823287
2025-05,CUST126,Foundry Networks 126,24150.65,15485.41,0.641200547397275,0.6425967267086484,-0.06363158456161999
2025-06,CUST126,Foundry Networks 126,23107.78,14764.92,0.638958826853986,0.6411682337382589,-0.067328428046039
2025-07,CUST126,Foundry Networks 126,21861.95,13935.70,0.6374408504273407,0.6392000748928672,-0.06706289039697699
2025-08,CUST126,Foundry Networks 126,21244.02,13609.17,0.6406118051103322,0.6390038274638863,-0.061736847893257396
2025-09,CUST126,Foundry Networks 126,20309.92,13054.81,0.6427799814081001,0.640277545648591,-0.060244725837804936
2025-10,CUST126,Foundry Networks 126,19607.01,12528.29,0.6389699398327436,0.6407872421170587,-0.06452282629344552
2025-11,CUST126,Foundry Networks 126,19070.16,12292.71,0.644604450093759,0.6421181237782009,-0.05977960984434838
2025-12,CUST126,Foundry Networks 126,19016.93,12178.99,0.6404288179006811,0.6413344026090613,-0.06302828036699193
2024-01,CUST127,Granite Networks 127,19613.61,13816.50,0.7044343188224911,0.7044343188224911,
2024-02,CUST127,Granite Networks 127,19711.00,13909.10,0.7056516665821115,0.7050429927023013,
2024-03,CUST127,Granite Networks 127,20449.18,14358.75,0.7021675196756055,0.7040845016934028,
2024-04,CUST127,Granite Networks 127,20022.48,14085.16,0.7034673027517071,0.7037621630031414,
2024-05,CUST127,Granite Networks 127,20148.80,14230.34,0.7062624076868101,0.7039657433713743,
2024-06,CUST127,Granite Networks 127,19998.26,14043.15,0.7022185930175926,0.7039827678187033,
2024-07,CUST127,Granite Networks 127,19359.93,13645.21,0.7048171145246909,0.7044327050763646,
2024-08,CUST127,Granite Networks 127,19116.01,13467.11,0.7044937724975034,0.7038431600132623,
2024-09,CUST127,Granite Networks 127,17975.17,12663.94,0.7045240740421371,0.7046116536881105,
2024-10,CUST127,Granite Networks 127,18827.17,13230.05,0.7027104976478143,0.7039094480624849,
2024-11,CUST127,Granite Networks 127,17930.78,12639.80,0.7049219275458178,0.7040521664119231,
2024-12,CUST127,Granite Networks 127,19140.61,13455.56,0.7029849100942969,0.7035391117626432,
2025-01,CUST127,Granite Networks 127,22963.19,14682.98,0.6394137748283231,0.6824402041561459,-0.06502054399416801
2025-02,CUST127,Granite Networks 127,23263.60,14936.13,0.6420386354648464,0.6614791067958221,-0.06361303111726513
2025-03,CUST127,Granite Networks 127,23669.99,15211.83,0.6426631358948609,0.6413718487293435,-0.05950438378074463
2025-04,CUST127,Granite Networks 127,23734.20,15232.55,0.6417974905410757,0.6421664206335943,-0.06166981221063139
2025-05,CUST127,Granite Networks 127,23335.60,15001.47,0.6428576938240286,0.6424394400866551,-0.06340471386278157
2025-06,CUST127,Granite Networks 127,23682.41,15169.52,0.6405395396836724,0.6417315746829256,-0.06167905333392021
2025-07,CUST127,Granite Networks 127,22917.78,14663.23,0.6398189527956024,0.6410720621011011,-0.06499816172908846
2025-08,CUST127,Granite Networks 127,22612.34,14528.61,0.6425080288019728,0.6409555070937492,-0.06198574369553067
2025-09,CUST127,Granite Networks 127,21380.53,13763.84,0.6437557908994773,0.6420275908323508,-0.06076828314265981
2025-10,CUST127,Granite Networks 127,19570.95,12569.30,0.6422427117743389,0.6428355104919298,-0.060467785873475455
2025-11,CUST127,Granite Networks 127,20074.94,12824.86,0.6388492319279659,0.6416159115339274,-0.0660726956178519
2025-12,CUST127,Granite Networks 127,19841.13,12704.71,0.6403218969887299,0.6404712802303448,-0.06266301310556699
2024-01,CUST128,Helix Networks 128,18730.86,13178.19,0.7035549889327025,0.7035549889327025,
2024-02,CUST128,Helix Networks 128,20061.05,14146.45,0.705169968670633,0.7043624788016678,
2024-03,CUST128,Helix Networks 128,20251.17,14214.30,0.7019001865077426,0.7035417147036928,
2024-04,CUST128,Helix Networks 128,20396.80,14383.10,0.7051645356134296,0.704078230263935,
2024-05,CUST128,Helix Networks 128,19997.35,14103.74,0.7052804496595799,0.7041150572602507,
2024-06,CUST128,Helix Networks 128,20464.86,14393.20,0.7033128983047038,0.7045859611925711,
2024-07,CUST128,Helix Networks 128,18969.27,13353.84,0.7039722667240226,0.7041885382294355,
2024-08,CUST128,Helix Networks 128,18839.59,13317.97,0.7069140039671776,0.704733056331968,
2024-09,CUST128,Helix Networks 128,17761.05,12503.43,0.703980339000228,0.7049555365638094,
2024-10,CUST128,Helix Networks 128,18415.72,12923.78,0.7017797837934113,0.7042247089202723,
2024-11,CUST128,Helix Networks 128,17737.33,12534.47,0.7066717482281718,0.7041439570072704,
2024-12,CUST128,Helix Networks 128,18298.80,12871.43,0.7034029553850526,0.7039514958022118,
2025-01,CUST128,Helix Networks 128,22425.24,14394.70,0.6418972550572479,0.6839906528901575,-0.06165773387545459
2025-02,CUST128,Helix Networks 128,23417.27,15029.02,0.6417921474194046,0.662364119287235,-0.06337782125122837
2025-03,CUST128,Helix Networks 128,23631.08,15235.45,0.6447208506763127,0.642803417717655,-0.05717933583142987
2025-04,CUST128,Helix Networks 128,23565.20,15104.19,0.6409531852053028,0.6424887277670067,-0.06421135040812687
2025-05,CUST128,Helix Networks 128,23238.91,14925.65,0.6422697966470888,0.6426479441762347,-0.06301065301249109
2025-06,CUST128,Helix Networks 128,22769.72,14623.48,0.6422336330881538,0.6418188716468486,-0.06107926521654994
2025-07,CUST128,Helix Networks 128,23082.36,14784.81,0.640524192500247,0.6416758740784966,-0.06344807422377563
2025-08,CUST128,Helix Networks 128,21944.96,14124.59,0.6436370811338914,0.6421316355740975,-0.06327692283328623
2025-09,CUST128,Helix Networks 128,20326.26,13066.53,0.6428398534703385,0.6423337090348257,-0.0611404855298896
2025-10,CUST128,Helix Networks 128,19437.28,12470.75,0.6415892552867479,0.6426887299636593,-0.0601905285066634
2025-11,CUST128,Helix Networks 128,20138.82,12935.66,0.6423246247794061,0.6422512445121641,-0.0643471234487657
2025-12,CUST128,Helix Networks 128,19798.47,12756.06,0.6442952409958951,0.6427363736873497,-0.05910771438915752
2024-01,CUST129,Indigo Networks 129,19697.60,13881.12,0.7047112338559013,0.7047112338559013,
2024-02,CUST129,Indigo Networks 129,19928.99,14012.39,0.7031159130492813,0.7039135734525913,
2024-03,CUST129,Indigo Networks 129,19960.59,14057.60,0.7042677596203318,0.7040316355085049,
2024-04,CUST129,Indigo Networks 129,20771.75,14629.88,0.7043161986833079,0.7038999571176404,
2024-05,CUST129,Indigo Networks 129,19674.83,13800.90,0.701449516971684,0.7033444917584412,
2024-06,CUST129,Indigo Networks 129,19572.02,13757.34,0.7029085398441244,0.7028914184997054,
2024-07,CUST129,Indigo Networks 129,19760.64,13932.52,0.70506420844669,0.7031407550874995,
2024-08,CUST129,Indigo Networks 129,18471.83,12985.31,0.7029790767888183,0.7036506083598776,
2024-09,CUST129,Indigo Networks 129,18456.83,12954.57,0.7018848848908507,0.7033093900421196,
2024-10,CUST129,Indigo Networks 129,18402.22,12961.89,0.7043655602421881,0.7030765073072857,
2024-11,CUST129,Indigo Networks 129,18529.75,13075.59,0.7056538809212213,0.7039681086847533,
2024-12,CUST129,Indigo Networks 129,18983.89,13351.84,0.7033247664203701,0.7044480691945932,
2025-01,CUST129,Indigo Networks 129,23015.12,14809.54,0.6434700318746981,0.6841495597387631,-0.0612412019812032
2025-02,CUST129,Indigo Networks 129,22561.58,14515.08,0.6433538785847445,0.6633828922932709,-0.05976203446453687
2025-03,CUST129,Indigo Networks 129,23247.28,14931.78,0.6423022392297077,0.6430420498963835,-0.061965520390624085
2025-04,CUST129,Indigo Networks 129,24458.67,15717.66,0.6426212054866435,0.6427591077670319,-0.06169499319666438
2025-05,CUST129,Indigo Networks 129,23922.53,15364.43,0.6422577377894395,0.6423937275019304,-0.0591917791822445
2025-06,CUST129,Indigo Networks 129,22973.26,14658.78,0.6380800983404185,0.6409863472055005,-0.06482844150370592
2025-07,CUST129,Indigo Networks 129,22987.31,14699.38,0.6394562913189928,0.6399313758162837,-0.0656079171276972
2025-08,CUST129,Indigo Networks 129,22173.67,14263.84,0.6432782665206076,0.6402715520600063,-0.059700810268210724
2025-09,CUST129,Indigo Networks 129,21423.28,13780.57,0.6432521070536351,0.6419955549644119,-0.058632777837215544
2025-10,CUST129,Indigo Networks 129,20507.55,13147.42,0.6411014480032964,0.6425439405258463,-0.06326411223889172
2025-11,CUST129,Indigo Networks 129,18863.65,12110.91,0.6420236804648093,0.6421257451739136,-0.06363020045641199
2025-12,CUST129,Indigo Networks 129,19481.47,12493.73,0.6413135148425657,0.6414795477702238,-0.062011251577804405
2024-01,CUST130,Kinetic Networks 130,19280.75,13564.75,0.7035385034295865,0.7035385034295865,
2024-02,CUST130,Kinetic Networks 130,20173.05,14227.74,0.7052845256418836,0.704411514535735,
2024-03,CUST130,Kinetic Networks 130,20422.54,14352.71,0.7027877041739176,0.7038702444151292,
2024-04,CUST130,Kinetic Networks 130,20590.60,14538.66,0.7060823871086807,0.7047182056414939,
2024-05,CUST130,Kinetic Networks 130,20184.58,14241.29,0.7055529518077661,0.7048076810301215,
2024-06,CUST130,Kinetic Networks 130,20319.40,14369.64,0.7071882043761134,0.7062745144308534,
2024-07,CUST130,Kinetic Networks 130,19721.65,13895.07,0.7045592027036277,0.7057667862958358,
2024-08,CUST130,Kinetic Networks 130,18779.67,13246.90,0.7053851319006138,0.7057108463267849,
2024-09,CUST130,Kinetic Networks 130,17792.03,12531.64,0.7043400893546156,0.7047614746529524,
2024-10,CUST130,Kinetic Networks 130,18355.22,12936.84,0.7048044098626984,0.7048432103726426,
2024-11,CUST130,Kinetic Networks 130,18504.12,13057.67,0.7056628469767814,0.7049357820646985,
2024-12,CUST130,Kinetic Networks 130,19036.45,13400.93,0.7039616104893507,0.7048096224429434,
2025-01,CUST130,Kinetic Networks 130,23048.46,14769.78,0.6408141802098709,0.683479545892001,-0.06272432321971555
2025-02,CUST130,Kinetic Networks 130,22715.56,14566.59,0.6412604399803482,0.6620120768931899,-0.06402408566153539
2025-03,CUST130,Kinetic Networks 130,23680.81,15190.97,0.641488614620868,0.641187744937029,-0.061299089553049524
2025-04,CUST130,Kinetic Networks 130,24006.00,15348.17,0.6393472465217029,0.6406987670409731,-0.06673514058697771
2025-05,CUST130,Kinetic Networks 130,22879.61,14645.02,0.6400904560873196,0.6403087724099635,-0.06546249572044649
2025-06,CUST130,Kinetic Networks 130,23556.87,15099.33,0.6409735249207557,0.6401370758432594,-0.06621467945535775
2025-07,CUST130,Kinetic Networks 130,21984.33,14067.44,0.639884863445918,0.6403162814846645,-0.06467433925770971
2025-08,CUST130,Kinetic Networks 130,22243.46,14271.09,0.6415858863683978,0.6408147582450239,-0.06379924553221605
2025-09,CUST130,Kinetic Networks 130,20573.19,13269.54,0.6449918559056715,0.6421542019066624,-0.05934823344894402
2025-10,CUST130,Kinetic Networks 130,20122.81,12985.63,0.6453189191767948,0.6439655538169546,-0.059485490685903586
2025-11,CUST130,Kinetic Networks 130,19488.48,12569.46,0.6449687199822665,0.6450931650215777,-0.06069412699451493
2025-12,CUST130,Kinetic Networks 130,18795.34,12022.33,0.6396441883998906,0.6433106091863173,-0.06431742208946012
2024-01,CUST131,Lattice Networks 131,19200.14,13482.85,0.702226650430674,0.702226650430674,
2024-02,CUST131,Lattice Networks 131,19389.36,13614.87,0.7021825372266026,0.7022045938286383,
2024-03,CUST131,Lattice Networks 131,20793.27,14661.85,0.7051247831630139,0.7031779902734302,
2024-04,CUST131,Lattice Networks 131,19786.59,13981.29,0.7066043214116228,0.7046372139337463,
2024-05,CUST131,Lattice Networks 131,20295.31,14309.28,0.7050535320721881,0.7055942122156083,
2024-06,CUST131,Lattice Networks 131,19462.39,13659.14,0.7018223352835905,0.7044933962558004,
2024-07,CUST131,Lattice Networks 131,18929.42,13357.65,0.7056555351405379,0.7041771341654388,
2024-08,CUST131,Lattice Networks 131,19022.80,13436.38,0.7063302983787876,0.7046027229343054,
2024-09,CUST131,Lattice Networks 131,18803.42,13247.86,0.704545236983485,0.7055103568342703,
2024-10,CUST131,Lattice Networks 131,18057.86,12753.76,0.7062719502753926,0.7057158285458884,
2024-11,CUST131,Lattice Networks 131,18764.61,13191.54,0.7030010216039663,0.7046060696209479,
2024-12,CUST131,Lattice Networks 131,18950.72,13328.42,0.7033199793991995,0.7041976504261861,
2025-01,CUST131,Lattice Networks 131,22106.81,14174.57,0.6411856798877812,0.682502226963649,-0.061040970542892814
2025-02,CUST131,Lattice Networks 131,22825.80,14698.85,0.6439577145160301,0.6628211246010037,-0.0582248227105725
2025-03,CUST131,Lattice Networks 131,24257.66,15553.02,0.6411591225204739,0.6421008389747618,-0.06396566064253995
2025-04,CUST131,Lattice Networks 131,24537.92,15748.07,0.6417850412748921,0.6423006261037987,-0.06481928013673066
2025-05,CUST131,Lattice Networks 131,23227.01,14900.08,0.6414979801532785,0.6414807146495481,-0.0635555519189096
2025-06,CUST131,Lattice Networks 131,23484.51,15057.05,0.6411481440319599,0.6414770551533769,-0.06067419125163065
2025-07,CUST131,Lattice Networks 131,23121.29,14798.58,0.640041277973677,0.6408958007196385,-0.06561425716686087
2025-08,CUST131,Lattice Networks 131,21588.47,13825.53,0.6404126832517543,0.6405340350857971,-0.06591761512703331
2025-09,CUST131,Lattice Networks 131,20456.11,13114.74,0.6411160284140044,0.6405233298798119,-0.06342920856948064
2025-10,CUST131,Lattice Networks 131,19681.39,12648.36,0.6426558286787671,0.6413948467815086,-0.06361612159662544
2025-11,CUST131,Lattice Networks 131,19749.56,12635.39,0.6397808356236796,0.6411842309054837,-0.06322018598028667
2025-12,CUST131,Lattice Networks 131,19618.33,12564.61,0.6404525767483776,0.6409630803502747,-0.06286740265082191
2024-01,CUST132,Mosaic Networks 132,18989.92,13397.71,0.7055169268748894,0.7055169268748894,
2024-02,CUST132,Mosaic Networks 132,20016.35,14097.55,0.7043017333330003,0.7049093301039449,
2024-03,CUST132,Mosaic Networks 132,19705.94,13869.21,0.7038085978136541,0.7045424193405146,
2024-04,CUST132,Mosaic Networks 132,20028.60,14079.81,0.7029852311194992,0.7036985207553844,
2024-05,CUST132,Mosaic Networks 132,19594.55,13782.55,0.7033869111564185,0.7033935800298572,
2024-06,CUST132,Mosaic Networks 132,20376.48,14336.93,0.7036018978744121,0.7033246800501098,
2024-07,CUST132,Mosaic Networks 132,19017.27,13384.05,0.7037839816125027,0.7035909302144443,
2024-08,CUST132,Mosaic Networks 132,18666.61,13112.59,0.7024623110463014,0.7032827301777388,
2024-09,CUST132,Mosaic Networks 132,18313.09,12935.14,0.7063330109773938,0.704193101212066,
2024-10,CUST132,Mosaic Networks 132,18758.85,13201.27,0.7037355701442254,0.7041769640559735,
2024-11,CUST132,Mosaic Networks 132,18868.09,13294.36,0.7045949007027209,0.70488782727478,
2024-12,CUST132,Mosaic Networks 132,19320.18,13593.24,0.7035772958637031,0.7039692555702164,
2025-01,CUST132,Mosaic Networks 132,22282.42,14319.93,0.6426559592719283,0.6836093852794507,-0.06286096760296112
2025-02,CUST132,Mosaic Networks 132,22558.88,14482.21,0.6419738036640116,0.6627356862665477,-0.0623279296689887
2025-03,CUST132,Mosaic Networks 132,23877.25,15290.04,0.6403601754808448,0.641663312805595,-0.06344842233280934
2025-04,CUST132,Mosaic Networks 132,23018.93,14783.13,0.6422162107448087,0.6415167299632216,-0.06076902037469045
2025-05,CUST132,Mosaic Networks 132,23990.68,15384.29,0.6412611063963173,0.6412791642073236,-0.06212580476010121
2025-06,CUST132,Mosaic Networks 132,23294.68,14919.55,0.6404702704651877,0.6413158625354379,-0.0631316274092244
2025-07,CUST132,Mosaic Networks 132,22841.41,14640.23,0.6409512372484886,0.6408942047033311,-0.06283274436401409
2025-08,CUST132,Mosaic Networks 132,22157.79,14182.09,0.6400498425158827,0.6404904500765197,-0.06241246853041871
2025-09,CUST132,Mosaic Networks 132,20671.74,13285.06,0.642667719311485,0.6412229330252854,-0.06366529166590873
2025-10,CUST132,Mosaic Networks 132,19776.39,12644.22,0.6393593572942281,0.6406923063738653,-0.06437621284999728
2025-11,CUST132,Mosaic Networks 132,19218.72,12306.25,0.6403262027856174,0.6407844264637769,-0.06426869791710355
2025-12,CUST132,Mosaic Networks 132,18884.20,12130.86,0.6423814617510936,0.6406890072769796,-0.06119583411260954
2024-01,CUST133,Nova Networks 133,19539.53,13829.10,0.7077498793471492,0.7077498793471492,
2024-02,CUST133,Nova Networks 133,19356.83,13611.20,0.7031729885523611,0.7054614339497551,
2024-03,CUST133,Nova Networks 133,19881.58,13977.89,0.7030573022868403,0.7046600567287835,
2024-04,CUST133,Nova Networks 133,20492.57,14419.57,0.7036486882806793,0.7032929930399603,
2024-05,CUST133,Nova Networks 133,20509.35,14446.09,0.7043660574323419,0.7036906826666205,
2024-06,CUST133,Nova Networks 133,19526.66,13716.89,0.7024698540354571,0.7034948665828261,
2024-07,CUST133,Nova Networks 133,19535.36,13709.75,0.7017915206067357,0.7028758106915115,
2024-08,CUST133,Nova Networks 133,19243.25,13565.48,0.7049474491055305,0.7030696079159077,
2024-09,CUST133,Nova Networks 133,17935.89,12645.45,0.7050361035889494,0.7039250244337385,
2024-10,CUST133,Nova Networks 133,17722.58,12485.54,0.7044990063523482,0.7048275196822761,
2024-11,CUST133,Nova Networks 133,18192.39,12776.73,0.702311790809234,0.7039489669168439,
2024-12,CUST133,Nova Networks 133,18247.17,12816.64,0.7023905624817438,0.7030671198811086,
2025-01,CUST133,Nova Networks 133,22769.45,14611.51,0.6417155442929012,0.6821392991946263,-0.06603433505424794
2025-02,CUST133,Nova Networks 133,23625.07,15125.17,0.6402169390397574,0.6614410152714675,-0.0629560495126037
2025-03,CUST133,Nova Networks 133,23066.16,14844.61,0.6435665927922116,0.6418330253749568,-0.059490709494628646
2025-04,CUST133,Nova Networks 133,24230.68,15505.52,0.6399127057102814,0.6412320791807501,-0.06373598257039792
2025-05,CUST133,Nova Networks 133,24357.87,15555.00,0.6386026364374225,0.6406939783133052,-0.06576342099491939
2025-06,CUST133,Nova Networks 133,23612.59,15174.51,0.6426448771608705,0.6403867397695248,-0.059824976874586655
2025-07,CUST133,Nova Networks 133,22185.06,14238.18,0.6417913677042117,0.6410129604341682,-0.06000015290252392
2025-08,CUST133,Nova Networks 133,21598.91,13785.00,0.6382266512523086,0.6408876320391302,-0.06672079785322194
2025-09,CUST133,Nova Networks 133,20696.11,13256.64,0.6405377628936065,0.640185260616709,-0.06449834069534288
2025-10,CUST133,Nova Networks 133,19903.59,12738.19,0.6399945939400882,0.6395863360286678,-0.06450441241226001
2025-11,CUST133,Nova Networks 133,20160.29,12910.38,0.6403866214226084,0.6403063260854344,-0.06192516938662562
2025-12,CUST133,Nova Networks 133,19559.32,12511.07,0.6396474928576249,0.6400095694067738,-0.06274306962411891
2024-01,CUST134,Orchid Networks 134,18901.18,13276.23,0.7024021780650731,0.7024021780650731,
2024-02,CUST134,Orchid Networks 134,19516.65,13772.75,0.7056923191223903,0.7040472485937317,
2024-03,CUST134,Orchid Networks 134,19691.13,13922.39,0.7070386514130981,0.7050443828668538,
2024-04,CUST134,Orchid Networks 134,20817.89,14596.97,0.7011743265047514,0.7046350990134131,
2024-05,CUST134,Orchid Networks 134,20486.11,14431.99,0.7044768382089133,0.704229938708921,
2024-06,CUST134,Orchid Networks 134,19705.00,13873.28,0.7040487185993403,0.7032332944376684,
2024-07,CUST134,Orchid Networks 134,18738.72,13216.97,0.7053293928293928,0.704618316545882,
2024-08,CUST134,Orchid Networks 134,19159.37,13463.74,0.7027235237901873,0.7040338784063068,
2024-09,CUST134,Orchid Networks 134,18943.27,13323.27,0.7033247163768452,0.7037925443321417,
2024-10,CUST134,Orchid Networks 134,17690.26,12481.82,0.7055758366468329,0.7038746922712885,
2024-11,CUST134,Orchid Networks 134,18628.14,13093.47,0.7028866005945843,0.7039290512060874,
2024-12,CUST134,Orchid Networks 134,18160.22,12775.02,0.7034617422035636,0.7039747264816603,
2025-01,CUST134,Orchid Networks 134,23023.89,14750.93,0.6406793117930984,0.6823425515304155,-0.06172286627197465
2025-02,CUST134,Orchid Networks 134,23856.28,15243.85,0.6389868831184075,0.6610426457050232,-0.06670543600398282
2025-03,CUST134,Orchid Networks 134,24068.27,15514.43,0.6446009621796664,0.6414223856970575,-0.062437689233431626
2025-04,CUST134,Orchid Networks 134,24168.56,15463.34,0.6398122188496128,0.6411333547158956,-0.06136210765513861
2025-05,CUST134,Orchid Networks 134,24285.49,15574.81,0.6413216286762177,0.6419116032351657,-0.0631552095326956
2025-06,CUST134,Orchid Networks 134,22882.68,14613.21,0.6386144455107531,0.6399160976788613,-0.06543427308858718
2025-07,CUST134,Orchid Networks 134,22660.65,14563.58,0.6426814764801538,0.6408725168890416,-0.06264791634923894
2025-08,CUST134,Orchid Networks 134,21734.13,13923.99,0.6406509025205978,0.6406489415038349,-0.06207262126958957
2025-09,CUST134,Orchid Networks 134,20263.05,13090.01,0.6460039332676967,0.6431121040894827,-0.057320783109148565
2025-10,CUST134,Orchid Networks 134,20359.15,13014.84,0.6392624446501941,0.6419724268128295,-0.06631339199663877
2025-11,CUST134,Orchid Networks 134,18900.38,12075.03,0.638877631031757,0.6413813363165493,-0.06400896956282731
2025-12,CUST134,Orchid Networks 134,18884.46,12070.75,0.639189577038475,0.639109884240142,-0.0642721651650886
2024-01,CUST135,Pioneer Networks 135,18988.52,13330.04,0.7020052115699381,0.7020052115699381,
2024-02,CUST135,Pioneer Networks 135,20408.47,14391.83,0.7051890710082627,0.7035971412891004,
2024-03,CUST135,Pioneer Networks 135,19554.36,13807.25,0.706095724943184,0.7044300025071283,
2024-04,CUST135,Pioneer Networks 135,20906.86,14747.49,0.7053900011766473,0.7055582657093646,
2024-05,CUST135,Pioneer Networks 135,19731.66,13930.09,0.7059765878795804,0.7058207713331371,
2024-06,CUST135,Pioneer Networks 135,19742.43,13942.85,0.7062377832921277,0.7058681241161184,
2024-07,CUST135,Pioneer Networks 135,19247.17,13595.97,0.7063880040546221,0.70620079174211,
2024-08,CUST135,Pioneer Networks 135,18852.18,13289.01,0.7049057456485138,0.7058438443317545,
2024-09,CUST135,Pioneer Networks 135,17810.82,12521.17,0.7030091820589957,0.7047676439207106,
2024-10,CUST135,Pioneer Networks 135,17814.08,12532.89,0.7035384370116222,0.7038177882397104,
2024-11,CUST135,Pioneer Networks 135,17774.92,12476.91,0.7019390241981399,0.702828881089586,
2024-12,CUST135,Pioneer Networks 135,18468.35,13011.52,0.7045307241848894,0.7033360617982173,
2025-01,CUST135,Pioneer Networks 135,21822.94,13974.93,0.6403779692378754,0.6822825725403016,-0.06162724233206274
2025-02,CUST135,Pioneer Networks 135,23012.19,14747.15,0.6408407891643516,0.6619164941957054,-0.06434828184391106
2025-03,CUST135,Pioneer Networks 135,22818.48,14667.36,0.642784269592015,0.6413343426647473,-0.063311455351169
2025-04,CUST135,Pioneer Networks 135,23520.02,15079.05,0.6411155262623076,0.6415801950062248,-0.06427447491433969
2025-05,CUST135,Pioneer Networks 135,22820.45,14671.08,0.6428917922302145,0.6422638626948457,-0.06308479564936587
2025-06,CUST135,Pioneer Networks 135,23944.92,15408.35,0.6434913960873538,0.6424995715266253,-0.06274638720477388
2025-07,CUST135,Pioneer Networks 135,22712.36,14593.70,0.6425444119413395,0.6429758667529694,-0.06384359211328261
2025-08,CUST135,Pioneer Networks 135,21454.61,13743.64,0.6405914626273793,0.6422090902186909,-0.06431428302113451
2025-09,CUST135,Pioneer Networks 135,20258.64,13018.76,0.6426275406443869,0.6419211384043686,-0.06038164141460878
2025-10,CUST135,Pioneer Networks 135,20041.55,12846.99,0.6410177855505188,0.6414122629407617,-0.06252065146110342
2025-11,CUST135,Pioneer Networks 135,20189.08,12939.40,0.6409108290224219,0.6415187184057759,-0.061028195175718
2025-12,CUST135,Pioneer Networks 135,18982.76,12189.30,0.6421247489827612,0.641351121185234,-0.062405975202128205
2024-01,CUST136,Quartz Networks 136,18644.14,13087.61,0.7019690905560675,0.7019690905560675,
2024-02,CUST136,Quartz Networks 136,19632.60,13831.84,0.7045342949991341,0.7032516927776008,
2024-03,CUST136,Quartz Networks 136,19561.55,13822.63,0.7066224302266436,0.7043752719272818,
2024-04,CUST136,Quartz Networks 136,20073.55,14097.27,0.7022808621295188,0.7044791957850989,
2024-05,CUST136,Quartz Networks 136,20291.13,14263.41,0.7029381803773372,0.7039471575778332,
2024-06,CUST136,Quartz Networks 136,20128.60,14197.99,0.7053640094194331,0.7035276839754298,
2024-07,CUST136,Quartz Networks 136,18814.18,13248.08,0.7041539944871368,0.704152061427969,
2024-08,CUST136,Quartz Networks 136,19322.53,13616.63,0.704702231022542,0.7047400783097041,
2024-09,CUST136,Quartz Networks 136,17944.74,12612.22,0.702836597242423,0.7038976075840339,
2024-10,CUST136,Quartz Networks 136,17786.22,12530.07,0.7044818966593238,0.7040069083080963,
2024-11,CUST136,Quartz Networks 136,18892.34,13260.37,0.7018913485571401,0.7030699474862955,
2024-12,CUST136,Quartz Networks 136,18558.97,13111.51,0.706478322881065,0.7042838560325096,
2025-01,CUST136,Quartz Networks 136,23280.81,14934.62,0.6414991574605866,0.6832896096329305,-0.06046993309548088
2025-02,CUST136,Quartz Networks 136,23189.04,14856.67,0.6406763712512462,0.6628846171976326,-0.0638579237478879
2025-03,CUST136,Quartz Networks 136,23540.32,15124.74,0.6425035853378374,0.6415597046832234,-0.06411884488880626
2025-04,CUST136,Quartz Networks 136,23308.59,14948.71,0.6413390942995694,0.6415063502962176,-0.06094176782994942
2025-05,CUST136,Quartz Networks 136,23396.71,15059.89,0.6436755424160063,0.6425060740178044,-0.05926263796133091
2025-06,CUST136,Quartz Networks 136,22803.59,14637.87,0.6419107693130774,0.6423084686762177,-0.06345324010635567
2025-07,CUST136,Quartz Networks 136,22550.87,14403.76,0.6387230293110643,0.6414364470133828,-0.0654309651760725
2025-08,CUST136,Quartz Networks 136,21368.56,13693.20,0.6408106114777973,0.6404814700339797,-0.06389161954474476
2025-09,CUST136,Quartz Networks 136,20873.82,13463.25,0.6449825666792183,0.6415054024893599,-0.057854030563204706
2025-10,CUST136,Quartz Networks 136,19407.93,12458.66,0.6419365692271148,0.6425765824613768,-0.06254532743220897
2025-11,CUST136,Quartz Networks 136,20133.85,12975.49,0.6444614418007485,0.6437935259023605,-0.05742990675639159
2025-12,CUST136,Quartz Networks 136,18630.73,11920.24,0.6398160458554227,0.6420713522944287,-0.06666227702564231
2024-01,CUST137,Rivet Networks 137,19586.47,13831.81,0.7061920805535657,0.7061920805535657,
2024-02,CUST137,Rivet Networks 137,19517.39,13726.56,0.7032989554443498,0.7047455179989578,
2024-03,CUST137,Rivet Networks 137,20742.65,14631.44,0.7053794958696212,0.7049568439558457,
2024-04,CUST137,Rivet Networks 137,20565.49,14514.23,0.7057565854253898,0.7048116789131204,
2024-05,CUST137,Rivet Networks 137,20432.88,14340.28,0.701823727247456,0.7043199361808224,
2024-06,CUST137,Rivet Networks 137,19192.67,13483.01,0.7025083013462953,0.7033628713397136,
2024-07,CUST137,Rivet Networks 137,19177.05,13489.53,0.7034204948102029,0.7025841744679847,
2024-08,CUST137,Rivet Networks 137,19130.52,13505.34,0.7059578098243017,0.7039622019935999,
2024-09,CUST137,Rivet Networks 137,17867.81,12547.88,0.702261776904948,0.7038800271798175,
2024-10,CUST137,Rivet Networks 137,18413.75,12922.32,0.7017755753173579,0.7033317206822024,
2024-11,CUST137,Rivet Networks 137,18531.61,13079.76,0.7058080760387252,0.7032818094203437,
2024-12,CUST137,Rivet Networks 137,18395.23,12907.06,0.7016525479703162,0.7030787331087996,
2025-01,CUST137,Rivet Networks 137,22650.95,14605.36,0.6448012114282182,0.6840872784790865,-0.061390869125347525
2025-02,CUST137,Rivet Networks 137,23247.59,14939.95,0.6426451085897507,0.663032955996095,-0.06065384685459918
2025-03,CUST137,Rivet Networks 137,23464.04,15050.31,0.6414202328328795,0.6429555176169495,-0.06395926303674171
2025-04,CUST137,Rivet Networks 137,24456.01,15686.99,0.6414370128242506,0.6418341180822936,-0.06431957260113919
2025-05,CUST137,Rivet Networks 137,23134.48,14798.00,0.6396512910599245,0.6408361789056848,-0.06217243618753154
2025-06,CUST137,Rivet Networks 137,22874.71,14679.36,0.6417287913158244,0.6409390317333332,-0.060779510030470885
2025-07,CUST137,Rivet Networks 137,22989.58,14651.14,0.6372948092135654,0.6395582971964381,-0.06612568559663745
2025-08,CUST137,Rivet Networks 137,22591.60,14517.05,0.6425861824749022,0.640536594334764,-0.0633716273493995
2025-09,CUST137,Rivet Networks 137,20285.11,13021.98,0.6419477143579699,0.6406095686821459,-0.06031406254697802
2025-10,CUST137,Rivet Networks 137,20492.73,13105.07,0.6394984953200477,0.64134413071764,-0.06227707999731025
2025-11,CUST137,Rivet Networks 137,20111.60,12887.36,0.6407923785278149,0.6407461960686108,-0.0650156975109103
2025-12,CUST137,Rivet Networks 137,19414.78,12512.71,0.6444940401075882,0.6415949713184835,-0.057158507862728025
2024-01,CUST138,Summit Networks 138,19220.78,13510.43,0.7029074782605077,0.7029074782605077,
2024-02,CUST138,Summit Networks 138,19133.14,13433.62,0.7021126694311546,0.7025100738458312,
2024-03,CUST138,Summit Networks 138,20396.09,14361.60,0.7041349592005135,0.703051702297392,
2024-04,CUST138,Summit Networks 138,20736.40,14613.07,0.7047062170868617,0.7036512819061765,
2024-05,CUST138,Summit Networks 138,19669.28,13845.28,0.703903752450522,0.704248309579299,
2024-06,CUST138,Summit Networks 138,20101.93,14139.42,0.7033861922710903,0.7039987206028245,
2024-07,CUST138,Summit Networks 138,19515.52,13723.17,0.7031926384744039,0.703494194398672,
2024-08,CUST138,Summit Networks 138,18822.98,13250.52,0.7039544216696825,0.7035110841383924,
2024-09,CUST138,Summit Networks 138,17998.83,12713.31,0.7063409121592903,0.7044959907677922,
2024-10,CUST138,Summit Networks 138,18742.86,13199.53,0.7042431091092821,0.704846147646085,
2024-11,CUST138,Summit Networks 138,17701.01,12448.56,0.7032683445746881,0.7046174552810868,
2024-12,CUST138,Summit Networks 138,18809.69,13220.79,0.7028712328592338,0.7034608955144014,
2025-01,CUST138,Summit Networks 138,21895.29,14044.18,0.6414247082363376,0.6825214285567531,-0.06148277002417013
2025-02,CUST138,Summit Networks 138,23891.45,15309.06,0.6407756749799615,0.6616905386918442,-0.061336994451193116
2025-03,CUST138,Summit Networks 138,24341.39,15698.68,0.6449376966557785,0.6423793599573592,-0.05919726254473501
2025-04,CUST138,Summit Networks 138,23602.33,15098.81,0.6397169262526199,0.6418100992961199,-0.06498929083424176
2025-05,CUST138,Summit Networks 138,23185.20,14833.16,0.6397684729913911,0.6414743652999298,-0.06413527945913089
2025-06,CUST138,Summit Networks 138,23333.39,15017.10,0.6435884369995102,0.6410246120811737,-0.059797755271580155
2025-07,CUST138,Summit Networks 138,23093.39,14871.12,0.6439556946814652,0.6424375348907888,-0.05923694379293876
2025-08,CUST138,Summit Networks 138,21213.28,13580.73,0.6401994411048174,0.6425811909285977,-0.06375498056486506
2025-09,CUST138,Summit Networks 138,20339.66,13082.88,0.64322019148796,0.6424584424247475,-0.06312072067133034
2025-10,CUST138,Summit Networks 138,20636.74,13217.43,0.6404805216327772,0.6413000514085182,-0.06376258747650487
2025-11,CUST138,Summit Networks 138,19300.73,12388.58,0.6418710587630624,0.6418572572945999,-0.061397285811625735
2025-12,CUST138,Summit Networks 138,19863.19,12756.67,0.6422266514089631,0.6415260772682676,-0.06064458145027074
2024-01,CUST139,Tandem Networks 139,18962.19,13361.43,0.7046353823055249,0.7046353823055249,
2024-02,CUST139,Tandem Networks 139,19778.02,13977.71,0.7067294906163508,0.7056824364609379,
2024-03,CUST139,Tandem Networks 139,19604.26,13807.06,0.7042887617283182,0.7052178782167312,
2024-04,CUST139,Tandem Networks 139,19861.49,13911.88,0.7004449313722182,0.7038210612389624,
2024-05,CUST139,Tandem Networks 139,20822.75,14650.04,0.7035593281386945,0.7027643404130769,
2024-06,CUST139,Tandem Networks 139,20120.29,14117.80,0.7016698069461225,0.7018913554856784,
2024-07,CUST139,Tandem Networks 139,19341.06,13647.77,0.7056371264036201,0.7036220871628123,
2024-08,CUST139,Tandem Networks 139,18168.89,12801.39,0.7045774397885617,0.7039614577127681,
2024-09,CUST139,Tandem Networks 139,18426.99,12979.60,0.7043798254625416,0.7048647972182412,
2024-10,CUST139,Tandem Networks 139,18648.55,13141.78,0.7047078727300514,0.7045550459937182,
2024-11,CUST139,Tandem Networks 139,18454.55,12970.08,0.7028120436423538,0.703966580611649,
2024-12,CUST139,Tandem Networks 139,18674.19,13183.65,0.7059824281535103,0.7045007815086386,
2025-01,CUST139,Tandem Networks 139,22858.07,14703.10,0.6432345337992228,0.6840096685316955,-0.06140084850630212
2025-02,CUST139,Tandem Networks 139,23856.19,15261.85,0.6397438149176378,0.662986925623457,-0.06698567569871305
2025-03,CUST139,Tandem Networks 139,23010.24,14773.07,0.6420215521437411,0.6416666336202006,-0.0622672095845771
2025-04,CUST139,Tandem Networks 139,23387.32,15012.11,0.6418909905025458,0.6412187858546415,-0.05855394086967236
2025-05,CUST139,Tandem Networks 139,22995.02,14738.26,0.6409326889039453,0.6416150771834107,-0.0626266392347492
2025-06,CUST139,Tandem Networks 139,23282.44,14955.35,0.6423446168013319,0.6417227654026076,-0.05932519014479054
2025-07,CUST139,Tandem Networks 139,22449.59,14379.17,0.64050924760764,0.641262184437639,-0.06512787879598003
2025-08,CUST139,Tandem Networks 139,22333.49,14283.52,0.6395561105765377,0.6408033249951699,-0.06502132921202397
2025-09,CUST139,Tandem Networks 139,20822.54,13421.48,0.6445649762228814,0.6415434448023531,-0.059814849239660184
2025-10,CUST139,Tandem Networks 139,20195.68,12970.05,0.6422190290200677,0.6421133719398289,-0.062488843709983755
2025-11,CUST139,Tandem Networks 139,19269.35,12353.47,0.6410942766621603,0.6426260939683698,-0.06171776698019349
2025-12,CUST139,Tandem Networks 139,19457.46,12440.89,0.6393892111303325,0.6409008389375203,-0.06659321702317778
2024-01,CUST140,Vertex Networks 140,18737.15,13145.23,0.7015597356054682,0.7015597356054682,
2024-02,CUST140,Vertex Networks 140,20205.69,14245.72,0.7050350668549304,0.7032974012301993,
2024-03,CUST140,Vertex Networks 140,20692.02,14607.06,0.705927212519609,0.7041740049933359,
2024-04,CUST140,Vertex Networks 140,20885.59,14665.03,0.7021601975333233,0.7043741589692876,
2024-05,CUST140,Vertex Networks 140,20356.48,14265.36,0.7007773446096771,0.7029549182208698,
2024-06,CUST140,Vertex Networks 140,20127.40,14194.50,0.7052326679054423,0.7027234033494808,
2024-07,CUST140,Vertex Networks 140,19418.95,13700.44,0.7055190934628288,0.7038430353259827,
2024-08,CUST140,Vertex Networks 140,18166.17,12753.46,0.7020445146115004,0.7042654253265904,
2024-09,CUST140,Vertex Networks 140,18892.53,13277.32,0.7027814697131618,0.7034483592624969,
2024-10,CUST140,Vertex Networks 140,18677.55,13111.35,0.7019844679842914,0.7022701507696513,
2024-11,CUST140,Vertex Networks 140,18783.89,13227.17,0.7041762914923373,0.7029807430632635,
2024-12,CUST140,Vertex Networks 140,18496.73,13052.60,0.7056706780063288,0.7039438124943191,
2025-01,CUST140,Vertex Networks 140,22755.80,14574.00,0.6404521045184085,0.6834330246723582,-0.061107631087059744
2025-02,CUST140,Vertex Networks 140,23553.71,15114.96,0.641723108588838,0.6626152970378584,-0.06331195826609248
2025-03,CUST140,Vertex Networks 140,23477.99,14999.87,0.6388907227577829,0.6403553119550098,-0.06703648976182608
2025-04,CUST140,Vertex Networks 140,23861.12,15258.55,0.639473335702599,0.6400290556830733,-0.06268686183072425
2025-05,CUST140,Vertex Networks 140,22918.36,14777.03,0.6447682120361143,0.6410440901654987,-0.05600913257356277
2025-06,CUST140,Vertex Networks 140,23873.13,15321.21,0.6417763401782673,0.6420059626389936,-0.06345632772717491
2025-07,CUST140,Vertex Networks 140,22019.87,14142.32,0.6422526563508323,0.6429324028550712,-0.06326643711199653
2025-08,CUST140,Vertex Networks 140,22385.26,14315.74,0.6395163603192459,0.6411817856161152,-0.06252815429225456
2025-09,CUST140,Vertex Networks 140,20967.29,13470.24,0.6424406778367638,0.6414032315022807,-0.06034079187639796
2025-10,CUST140,Vertex Networks 140,20378.45,13127.62,0.6441912903091256,0.6420494428217117,-0.057793177675165786
2025-11,CUST140,Vertex Networks 140,19749.79,12632.99,0.639651864652738,0.6420946109328759,-0.06452442683959925
2025-12,CUST140,Vertex Networks 140,19910.99,12793.06,0.6425125018896598,0.6421185522838412,-0.06315817611666896
2024-01,CUST141,Alto Operations 141,18696.11,13140.67,0.7028558347164195,0.7028558347164195,
2024-02,CUST141,Alto Operations 141,19124.33,13404.50,0.7009134437650887,0.7018846392407541,
2024-03,CUST141,Alto Operations 141,19757.68,13919.83,0.7045275558668831,0.7027656114494638,
2024-04,CUST141,Alto Operations 141,20613.65,14476.60,0.7022822256126401,0.7025744084148706,
2024-05,CUST141,Alto Operations 141,20524.92,14464.62,0.7047345373331542,0.7038481062708924,
2024-06,CUST141,Alto Operations 141,19794.42,13901.45,0.7022913528155915,0.7031027052537953,
2024-07,CUST141,Alto Operations 141,19470.00,13724.55,0.7049075500770415,0.7039778134085958,
2024-08,CUST141,Alto Operations 141,18226.18,12859.86,0.7055707778591016,0.7042565602505783,
2024-09,CUST141,Alto Operations 141,18534.02,13020.07,0.7024957348702547,0.7043246876021326,
2024-10,CUST141,Alto Operations 141,18389.80,12958.69,0.704667261199143,0.7042445913094998,
2024-11,CUST141,Alto Operations 141,18267.01,12835.32,0.7026502969013539,0.7032710976569172,
2024-12,CUST141,Alto Operations 141,18902.35,13315.75,0.7044494467619106,0.7039223349541358,
2025-01,CUST141,Alto Operations 141,22788.01,14543.69,0.6382167639912393,0.681772169218168,-0.06463907072518027
2025-02,CUST141,Alto Operations 141,22916.95,14686.88,0.6408741128291504,0.6611801078607668,-0.06003933093593827
2025-03,CUST141,Alto Operations 141,22953.99,14778.67,0.6438388271494411,0.6409765679899436,-0.06068872871744202
2025-04,CUST141,Alto Operations 141,24483.76,15705.09,0.6414492708636256,0.642054070280739,-0.06083295474901451
2025-05,CUST141,Alto Operations 141,23659.92,15123.13,0.6391877064673085,0.6414919348267917,-0.06554683086584567
2025-06,CUST141,Alto Operations 141,23351.48,15029.43,0.6436178777533587,0.6414182850280975,-0.05867347506223286
2025-07,CUST141,Alto Operations 141,23082.67,14798.60,0.641113008157202,0.6413061974592896,-0.06379454191983958
2025-08,CUST141,Alto Operations 141,21468.71,13738.84,0.6399471603091197,0.6415593487398934,-0.06562361754998192
2025-09,CUST141,Alto Operations 141,21003.25,13468.87,0.6412755168842917,0.6407785617835379,-0.061220217985963
2025-10,CUST141,Alto Operations 141,19610.65,12578.68,0.6414208606038045,0.6408811792657386,-0.06324640059533848
2025-11,CUST141,Alto Operations 141,19192.27,12283.75,0.6400363271254521,0.6409109015378495,-0.06261396977590183
2025-12,CUST141,Alto Operations 141,18992.80,12183.43,0.6414762436291648,0.6409778104528071,-0.06297320313274579
2024-01,CUST142,Beacon Operations 142,19097.95,13411.77,0.7022622846954778,0.7022622846954778,
2024-02,CUST142,Beacon Operations 142,19811.05,13949.95,0.7041499567160752,0.7032061207057765,
2024-03,CUST142,Beacon Operations 142,20577.08,14456.19,0.7025384554076671,0.7029835656064067,
2024-04,CUST142,Beacon Operations 142,19622.46,13858.76,0.7062702637691707,0.7043195586309711,
2024-05,CUST142,Beacon Operations 142,19571.65,13802.96,0.7052527507900457,0.7046871566556279,
2024-06,CUST142,Beacon Operations 142,20436.86,14405.76,0.7048910644785941,0.7054713596792701,
2024-07,CUST142,Beacon Operations 142,18670.22,13155.79,0.7046403309655698,0.7049280487447366,
2024-08,CUST142,Beacon Operations 142,18986.53,13379.85,0.7047022283692703,0.7047445412711447,
2024-09,CUST142,Beacon Operations 142,17723.22,12470.36,0.7036170628136422,0.704319874049494,
2024-10,CUST142,Beacon Operations 142,18523.41,12988.01,0.7011673336604869,0.7031622082811332,
2024-11,CUST142,Beacon Operations 142,17756.15,12445.46,0.7009098256097183,0.7018980740279491,
2024-12,CUST142,Beacon Operations 142,18755.14,13210.38,0.7043605113051675,0.7021458901917909,
2025-01,CUST142,Beacon Operations 142,22293.07,14266.69,0.6399607591058567,0.6817436986735809,-0.0623015255896211
2025-02,CUST142,Beacon Operations 142,23648.45,15123.20,0.6395006860914775,0.6612739855008338,-0.06464927062459769
2025-03,CUST142,Beacon Operations 142,23387.20,15053.11,0.6436473797632893,0.6410362749868744,-0.05889107564437779
2025-04,CUST142,Beacon Operations 142,24450.40,15664.73,0.6406737722082255,0.6412739460209974,-0.06559649156094516
2025-05,CUST142,Beacon Operations 142,24179.36,15442.62,0.6386695098629576,0.6409968872781574,-0.06658324092708812
2025-06,CUST142,Beacon Operations 142,23473.20,15060.30,0.6415955217013445,0.6403129345908426,-0.06329554277724958
2025-07,CUST142,Beacon Operations 142,22218.04,14287.93,0.6430778772564997,0.6411143029402672,-0.0615624537090701
2025-08,CUST142,Beacon Operations 142,21324.88,13641.64,0.6397053582482058,0.6414595857353501,-0.06499687012106448
2025-09,CUST142,Beacon Operations 142,20270.08,12938.20,0.6382905247537257,0.6403579200861437,-0.0653265380599165
2025-10,CUST142,Beacon Operations 142,19437.20,12480.05,0.6420703599283847,0.640022080976772,-0.05909697373210221
2025-11,CUST142,Beacon Operations 142,19310.78,12446.42,0.6445322250059293,0.64163103656268,-0.056377600603788935
2025-12,CUST142,Beacon Operations 142,18888.72,12140.94,0.6427613941018767,0.6431213263453969,-0.06159911720329081
2024-01,CUST143,Cedar Operations 143,18918.25,13344.38,0.7053707398940177,0.7053707398940177,
2024-02,CUST143,Cedar Operations 143,20438.40,14428.42,0.7059466494441835,0.7056586946691006,
2024-03,CUST143,Cedar Operations 143,20084.00,14099.42,0.7020225054769966,0.7044466316050659,
2024-04,CUST143,Cedar Operations 143,20056.47,14127.70,0.7043961375057525,0.7041217641423109,
2024-05,CUST143,Cedar Operations 143,19699.66,13911.33,0.7061710709727985,0.704196571318516,
2024-06,CUST143,Cedar Operations 143,19603.82,13797.16,0.7037995655948688,0.70478892469114,
2024-07,CUST143,Cedar Operations 143,19594.39,13746.23,0.7015390629664919,0.7038365665113865,
2024-08,CUST143,Cedar Operations 143,18610.61,13139.33,0.7060128604059727,0.7037838296557778,
2024-09,CUST143,Cedar Operations 143,18433.22,12985.18,0.7044444757888204,0.7039987997204283,
2024-10,CUST143,Cedar Operations 143,17770.28,12505.34,0.7037221698251238,0.7047265020066389,
2024-11,CUST143,Cedar Operations 143,18677.38,13089.84,0.700839196932332,0.7030019475154253,
2024-12,CUST143,Cedar Operations 143,19121.81,13474.93,0.704689043558115,0.7030834701051902,
2025-01,CUST143,Cedar Operations 143,22023.40,14113.23,0.6408288456823197,0.6821190287242556,-0.06454189421169798
2025-02,CUST143,Cedar Operations 143,23227.68,14913.95,0.6420766085980175,0.6625314992794841,-0.06387004084616599
2025-03,CUST143,Cedar Operations 143,23740.24,15271.86,0.643290042560648,0.6420651656136618,-0.05873246291634859
2025-04,CUST143,Cedar Operations 143,23991.41,15379.94,0.6410602794917014,0.6421423102167889,-0.06333585801405106
2025-05,CUST143,Cedar Operations 143,23857.00,15355.24,0.6436366684830448,0.6426623301784647,-0.06253440248975373
2025-06,CUST143,Cedar Operations 143,22560.00,14421.04,0.6392304964539007,0.6413091481428822,-0.06456906914096805
2025-07,CUST143,Cedar Operations 143,23105.28,14791.63,0.6401839752645283,0.6410170467338245,-0.06135508770196363
2025-08,CUST143,Cedar Operations 143,22449.82,14431.83,0.6428483613677081,0.6407542776953791,-0.0631644990382646
2025-09,CUST143,Cedar Operations 143,21093.06,13485.91,0.6393529435748061,0.6407950934023474,-0.06509153221401431
2025-10,CUST143,Cedar Operations 143,19994.01,12797.92,0.6400877062680274,0.6407630037368471,-0.06363446355709645
2025-11,CUST143,Cedar Operations 143,20039.19,12868.62,0.6421726626675031,0.6405377708367789,-0.05866653426482893
2025-12,CUST143,Cedar Operations 143,19195.75,12291.72,0.6403354909289817,0.6408652866215041,-0.06435355262913334
2024-01,CUST144,Delta Operations 144,19092.93,13435.53,0.7036913663853583,0.7036913663853583,
2024-02,CUST144,Delta Operations 144,19708.31,13856.08,0.7030577456920456,0.7033745560387019,
2024-03,CUST144,Delta Operations 144,19734.98,13849.32,0.7017650891969488,0.7028380670914509,
2024-04,CUST144,Delta Operations 144,20847.25,14644.76,0.7024792238784492,0.7024340195891479,
2024-05,CUST144,Delta Operations 144,19611.95,13828.34,0.7050976572956794,0.7031139901236925,
2024-06,CUST144,Delta Operations 144,20236.22,14217.08,0.7025561097873021,0.7033776636538102,
2024-07,CUST144,Delta Operations 144,19573.01,13798.28,0.7049646426380001,0.7042061365736605,
2024-08,CUST144,Delta Operations 144,18909.41,13320.66,0.7044460932414073,0.7039889485555698,
2024-09,CUST144,Delta Operations 144,17762.28,12449.52,0.7008965065295673,0.7034357474696583,
2024-10,CUST144,Delta Operations 144,18803.95,13233.05,0.7037377784986665,0.703026792756547,
2024-11,CUST144,Delta Operations 144,18445.55,12993.66,0.7044333186053005,0.7030225345445112,
2024-12,CUST144,Delta Operations 144,18160.28,12798.08,0.7047292222366616,0.7043001064468761,
2025-01,CUST144,Delta Operations 144,23160.01,14801.65,0.6391037827703875,0.6827554412041166,-0.06458758361497086
2025-02,CUST144,Delta Operations 144,23781.72,15208.95,0.639522709038707,0.6611185713485853,-0.0635350366533386
2025-03,CUST144,Delta Operations 144,23831.32,15327.49,0.6431658002997735,0.6405974307029559,-0.05859928889717525
2025-04,CUST144,Delta Operations 144,24442.19,15702.58,0.6424375229879156,0.641708677442132,-0.06004170089053362
2025-05,CUST144,Delta Operations 144,24263.09,15631.09,0.6442332777894324,0.6432788670257071,-0.06086437950624701
2025-06,CUST144,Delta Operations 144,22732.61,14633.31,0.6437144700938431,0.6434617569570636,-0.058841639693459014
2025-07,CUST144,Delta Operations 144,22769.02,14667.11,0.6441695777859565,0.6440391085564107,-0.06079506485204356
2025-08,CUST144,Delta Operations 144,21652.40,13929.77,0.6433360735992315,0.6437400404930104,-0.06111001964217577
2025-09,CUST144,Delta Operations 144,20101.53,12874.98,0.6404975143683093,0.6426677219178324,-0.06039899216125799
2025-10,CUST144,Delta Operations 144,20516.19,13146.08,0.6407661461509179,0.6415332447061529,-0.06297163234774861
2025-11,CUST144,Delta Operations 144,19146.33,12324.85,0.6437186656659527,0.64166077539506,-0.060714652939347746
2025-12,CUST144,Delta Operations 144,19138.40,12228.38,0.6389447393721522,0.6411431837296743,-0.06578448286450933
