period,entity_type,entity_name,actual_amount,forecast_amount,forecast_error,absolute_forecast_error,absolute_forecast_error_pct,bias_pct,forecast_accuracy_pct,mape_3m,mape_6m,rolling_3m_accuracy_pct,rolling_6m_accuracy_pct
2024-01,Company,Company Total,8720377.57,8737647.34,-17269.77,17269.77,0.001976478258734576,-0.001976478258734576,0.9980235217412654,0.001976478258734576,0.001976478258734576,0.9980235217412654,0.9980235217412654
2024-01,Department / Account,Customer Success / Facilities,-37664.93,-37898.17,233.24,233.24,0.006154386874089171,0.006154386874089171,0.9938456131259108,0.006154386874089171,0.006154386874089171,0.9938456131259108,0.9938456131259108
2024-01,Department / Account,Customer Success / Marketing,-9658.86,-9785.21,126.35,126.35,0.012912344241973347,0.012912344241973347,0.9870876557580267,0.012912344241973347,0.012912344241973347,0.9870876557580267,0.9870876557580267
2024-01,Department / Account,Customer Success / Other OpEx,-44099.53,-44743.42,643.89,643.89,0.014390719350465387,0.014390719350465387,0.9856092806495346,0.014390719350465387,0.014390719350465387,0.9856092806495346,0.9856092806495346
2024-01,Department / Account,Customer Success / Payroll,-833493.68,-822620.29,-10873.39,10873.39,0.013217993930103523,-0.013217993930103523,0.9867820060698965,0.013217993930103523,0.013217993930103523,0.9867820060698965,0.9867820060698965
2024-01,Department / Account,Customer Success / Professional Services,-57359.72,-57699.73,340.01,340.01,0.005892748544923866,0.005892748544923866,0.9941072514550762,0.005892748544923866,0.005892748544923866,0.9941072514550762,0.9941072514550762
2024-01,Department / Account,Customer Success / Software,-97708.56,-98461.44,752.88,752.88,0.007646445146445146,0.007646445146445146,0.9923535548535548,0.007646445146445146,0.007646445146445146,0.9923535548535548,0.9923535548535548
2024-01,Department / Account,Customer Success / Travel,-28822.10,-28850.00,27.90,27.90,0.0009670710571923743,0.0009670710571923743,0.9990329289428076,0.0009670710571923743,0.0009670710571923743,0.9990329289428076,0.9990329289428076
2024-01,Department / Account,Engineering / Facilities,-82571.28,-81476.33,-1094.95,1094.95,0.013438872369435393,-0.013438872369435393,0.9865611276305646,0.013438872369435393,0.013438872369435393,0.9865611276305646,0.9865611276305646
2024-01,Department / Account,Engineering / Marketing,-22804.54,-22485.00,-319.54,319.54,0.014211251945741606,-0.014211251945741606,0.9857887480542584,0.014211251945741606,0.014211251945741606,0.9857887480542584,0.9857887480542584
2024-01,Department / Account,Engineering / Other OpEx,-101240.10,-100205.17,-1034.93,1034.93,0.010328109817088281,-0.010328109817088281,0.9896718901829117,0.010328109817088281,0.010328109817088281,0.9896718901829117,0.9896718901829117
2024-01,Department / Account,Engineering / Payroll,-1882342.76,-1872702.60,-9640.16,9640.16,0.005147726072468741,-0.005147726072468741,0.9948522739275313,0.005147726072468741,0.005147726072468741,0.9948522739275313,0.9948522739275313
2024-01,Department / Account,Engineering / Professional Services,-132233.07,-132082.24,-150.83,150.83,0.0011419400518949407,-0.0011419400518949407,0.9988580599481051,0.0011419400518949407,0.0011419400518949407,0.9988580599481051,0.9988580599481051
2024-01,Department / Account,Engineering / Software,-242585.60,-203853.45,-38732.15,38732.15,0.1899999730198336,-0.1899999730198336,0.8100000269801664,0.1899999730198336,0.1899999730198336,0.8100000269801664,0.8100000269801664
2024-01,Department / Account,Engineering / Travel,-22757.60,-22604.06,-153.54,153.54,0.006792585048880599,-0.006792585048880599,0.9932074149511194,0.006792585048880599,0.006792585048880599,0.9932074149511194,0.9932074149511194
2024-01,Department / Account,G&A / Facilities,-24896.78,-25085.04,188.26,188.26,0.007504871429345936,0.007504871429345936,0.992495128570654,0.007504871429345936,0.007504871429345936,0.992495128570654,0.992495128570654
2024-01,Department / Account,G&A / Marketing,-6921.43,-6995.66,74.23,74.23,0.010610864450244867,0.010610864450244867,0.9893891355497552,0.010610864450244867,0.010610864450244867,0.9893891355497552,0.9893891355497552
2024-01,Department / Account,G&A / Other OpEx,-31628.49,-31281.06,-347.43,347.43,0.011106720808054459,-0.011106720808054459,0.9888932791919456,0.011106720808054459,0.011106720808054459,0.9888932791919456,0.9888932791919456
2024-01,Department / Account,G&A / Payroll,-571519.32,-568579.94,-2939.38,2939.38,0.0051696864296689755,-0.0051696864296689755,0.994830313570331,0.0051696864296689755,0.0051696864296689755,0.994830313570331,0.994830313570331
2024-01,Department / Account,G&A / Professional Services,-40809.19,-40688.85,-120.34,120.34,0.0029575669993130798,-0.0029575669993130798,0.997042433000687,0.0029575669993130798,0.0029575669993130798,0.997042433000687,0.997042433000687
2024-01,Department / Account,G&A / Software,-64915.38,-64078.69,-836.69,836.69,0.01305722698138804,-0.01305722698138804,0.986942773018612,0.01305722698138804,0.01305722698138804,0.986942773018612,0.986942773018612
2024-01,Department / Account,G&A / Travel,-6698.87,-6668.55,-30.32,30.32,0.004546715552856318,-0.004546715552856318,0.9954532844471436,0.004546715552856318,0.004546715552856318,0.9954532844471436,0.9954532844471436
2024-01,Department / Account,Marketing / Facilities,-18408.12,-18558.32,150.20,150.20,0.008093405006487656,0.008093405006487656,0.9919065949935123,0.008093405006487656,0.008093405006487656,0.9919065949935123,0.9919065949935123
2024-01,Department / Account,Marketing / Marketing,-61258.72,-61373.53,114.81,114.81,0.0018706761693518363,0.0018706761693518363,0.9981293238306481,0.0018706761693518363,0.0018706761693518363,0.9981293238306481,0.9981293238306481
2024-01,Department / Account,Marketing / Other OpEx,-22449.73,-22506.82,57.09,57.09,0.0025365644724576818,0.0025365644724576818,0.9974634355275424,0.0025365644724576818,0.0025365644724576818,0.9974634355275424,0.9974634355275424
2024-01,Department / Account,Marketing / Payroll,-416728.10,-414819.44,-1908.66,1908.66,0.004601182625385156,-0.004601182625385156,0.9953988173746149,0.004601182625385156,0.004601182625385156,0.9953988173746149,0.9953988173746149
2024-01,Department / Account,Marketing / Professional Services,-27914.93,-27890.43,-24.50,24.50,0.0008784375142297914,-0.0008784375142297914,0.9991215624857702,0.0008784375142297914,0.0008784375142297914,0.9991215624857702,0.9991215624857702
2024-01,Department / Account,Marketing / Software,-48233.16,-47672.22,-560.94,560.94,0.011766601177792853,-0.011766601177792853,0.9882333988222072,0.011766601177792853,0.011766601177792853,0.9882333988222072,0.9882333988222072
2024-01,Department / Account,Marketing / Travel,-4892.37,-4826.11,-66.26,66.26,0.013729483994355704,-0.013729483994355704,0.9862705160056443,0.013729483994355704,0.013729483994355704,0.9862705160056443,0.9862705160056443
2024-01,Department / Account,Sales / Facilities,-51269.45,-51477.48,208.03,208.03,0.004041184611212514,0.004041184611212514,0.9959588153887875,0.004041184611212514,0.004041184611212514,0.9959588153887875,0.9959588153887875
2024-01,Department / Account,Sales / Marketing,-13624.78,-13803.78,179.00,179.00,0.0129674625356243,0.0129674625356243,0.9870325374643757,0.0129674625356243,0.0129674625356243,0.9870325374643757,0.9870325374643757
2024-01,Department / Account,Sales / Other OpEx,-63139.61,-62358.03,-781.58,781.58,0.01253375066531127,-0.01253375066531127,0.9874662493346887,0.01253375066531127,0.01253375066531127,0.9874662493346887,0.9874662493346887
2024-01,Department / Account,Sales / Payroll,-1143709.12,-1146020.21,2311.09,2311.09,0.0020166223770172434,0.0020166223770172434,0.9979833776229827,0.0020166223770172434,0.0020166223770172434,0.9979833776229827,0.9979833776229827
2024-01,Department / Account,Sales / Professional Services,-84926.64,-85977.89,1051.25,1051.25,0.012226980680730826,0.012226980680730826,0.9877730193192692,0.012226980680730826,0.012226980680730826,0.9877730193192692,0.9877730193192692
2024-01,Department / Account,Sales / Software,-138540.81,-139692.16,1151.35,1151.35,0.008242051665605285,0.008242051665605285,0.9917579483343947,0.008242051665605285,0.008242051665605285,0.9917579483343947,0.9917579483343947
2024-01,Department / Account,Sales / Travel,-42408.18,-41915.90,-492.28,492.28,0.01174446928253956,-0.01174446928253956,0.9882555307174604,0.01174446928253956,0.01174446928253956,0.9882555307174604,0.9882555307174604
2024-01,Region,Central,2856637.69,2862605.58,-5967.89,5967.89,0.0020847755072146545,-0.0020847755072146545,0.9979152244927854,0.0020847755072146545,0.0020847755072146545,0.9979152244927854,0.9979152244927854
2024-01,Region,East,2600252.53,2603785.17,-3532.64,3532.64,0.0013567325141497753,-0.0013567325141497753,0.9986432674858502,0.0013567325141497753,0.0013567325141497753,0.9986432674858502,0.9986432674858502
2024-01,Region,West,3263487.35,3271256.59,-7769.24,7769.24,0.0023750017114982716,-0.0023750017114982716,0.9976249982885017,0.0023750017114982716,0.0023750017114982716,0.9976249982885017,0.9976249982885017
2024-02,Company,Company Total,8971825.11,8991812.45,-19987.34,19987.34,0.002222837732786564,-0.002222837732786564,0.9977771622672135,0.00209965799576057,0.00209965799576057,0.9979003420042394,0.9979003420042394
2024-02,Department / Account,Customer Success / Facilities,-37657.42,-37518.56,-138.86,138.86,0.0037011015348137033,-0.0037011015348137033,0.9962988984651863,0.004927744204451437,0.004927744204451437,0.9950722557955485,0.9950722557955485
2024-02,Department / Account,Customer Success / Marketing,-10408.64,-10372.96,-35.68,35.68,0.0034397124832256177,-0.0034397124832256177,0.9965602875167744,0.008176028362599482,0.008176028362599482,0.9918239716374005,0.9918239716374005
2024-02,Department / Account,Customer Success / Other OpEx,-46203.57,-46176.55,-27.02,27.02,0.0005851454905141246,-0.0005851454905141246,0.9994148545094859,0.007487932420489756,0.007487932420489756,0.9925120675795103,0.9925120675795103
2024-02,Department / Account,Customer Success / Payroll,-811799.48,-807674.96,-4124.52,4124.52,0.005106658252720873,-0.005106658252720873,0.9948933417472792,0.009162326091412197,0.009162326091412197,0.9908376739085878,0.9908376739085878
2024-02,Department / Account,Customer Success / Professional Services,-59068.90,-59339.32,270.42,270.42,0.004557180635032555,0.004557180635032555,0.9954428193649675,0.005224964589978211,0.005224964589978211,0.9947750354100218,0.9947750354100218
2024-02,Department / Account,Customer Success / Software,-98861.27,-97973.74,-887.53,887.53,0.009058855975080668,-0.009058855975080668,0.9909411440249193,0.008352650560762908,0.008352650560762908,0.991647349439237,0.991647349439237
2024-02,Department / Account,Customer Success / Travel,-30326.73,-29877.73,-449.00,449.00,0.015027915440697804,-0.015027915440697804,0.9849720845593022,0.00799749324894509,0.00799749324894509,0.992002506751055,0.992002506751055
2024-02,Department / Account,Engineering / Facilities,-84290.87,-84187.10,-103.77,103.77,0.0012326116471525921,-0.0012326116471525921,0.9987673883528474,0.007335742008293992,0.007335742008293992,0.992664257991706,0.992664257991706
2024-02,Department / Account,Engineering / Marketing,-22414.35,-22439.87,25.52,25.52,0.001137261490374053,0.001137261490374053,0.9988627385096259,0.007674256718057829,0.007674256718057829,0.9923257432819421,0.9923257432819421
2024-02,Department / Account,Engineering / Other OpEx,-99781.39,-99645.95,-135.44,135.44,0.0013592122911166987,-0.0013592122911166987,0.9986407877088833,0.00584366105410249,0.00584366105410249,0.9941563389458975,0.9941563389458975
2024-02,Department / Account,Engineering / Payroll,-1811720.83,-1819411.09,7690.26,7690.26,0.0042267852725905945,0.0042267852725905945,0.9957732147274094,0.004687255672529668,0.004687255672529668,0.9953127443274703,0.9953127443274703
2024-02,Department / Account,Engineering / Professional Services,-130522.03,-131827.88,1305.85,1305.85,0.009905719488168966,0.009905719488168966,0.990094280511831,0.005523829770031953,0.005523829770031953,0.994476170229968,0.994476170229968
2024-02,Department / Account,Engineering / Software,-258667.71,-217367.83,-41299.88,41299.88,0.18999996457617485,-0.18999996457617485,0.8100000354238251,0.18999996879800424,0.18999996879800424,0.8100000312019957,0.8100000312019957
2024-02,Department / Account,Engineering / Travel,-21741.95,-21552.05,-189.90,189.90,0.008811226774251174,-0.008811226774251174,0.9911887732257488,0.007801905911565887,0.007801905911565887,0.9921980940884341,0.9921980940884341
2024-02,Department / Account,G&A / Facilities,-25925.69,-25984.42,58.73,58.73,0.0022602005355516885,0.0022602005355516885,0.9977397994644484,0.004882535982448812,0.004882535982448812,0.9951174640175512,0.9951174640175512
2024-02,Department / Account,G&A / Marketing,-6617.20,-6551.29,-65.91,65.91,0.010060614016476144,-0.010060614016476144,0.9899393859835238,0.010335739233360505,0.010335739233360505,0.9896642607666395,0.9896642607666395
2024-02,Department / Account,G&A / Other OpEx,-31102.68,-31193.52,90.84,90.84,0.0029121432912989622,0.0029121432912989622,0.997087856708701,0.00700943204967671,0.00700943204967671,0.9929905679503233,0.9929905679503233
2024-02,Department / Account,G&A / Payroll,-547715.95,-555198.42,7482.47,7482.47,0.013477109679094547,0.013477109679094547,0.9865228903209055,0.009323398054381761,0.009323398054381761,0.9906766019456182,0.9906766019456182
2024-02,Department / Account,G&A / Professional Services,-40426.78,-40735.89,309.11,309.11,0.00758814892714999,0.00758814892714999,0.99241185107285,0.005272857963231535,0.005272857963231535,0.9947271420367685,0.9947271420367685
2024-02,Department / Account,G&A / Software,-64093.41,-63143.29,-950.12,950.12,0.01504704617070159,-0.01504704617070159,0.9849529538292984,0.014052136576044816,0.014052136576044816,0.9859478634239551,0.9859478634239551
2024-02,Department / Account,G&A / Travel,-6670.07,-6614.18,-55.89,55.89,0.008450027063067531,-0.008450027063067531,0.9915499729369325,0.006498371307961924,0.006498371307961924,0.9935016286920381,0.9935016286920381
2024-02,Department / Account,Marketing / Facilities,-18767.77,-19033.70,265.93,265.93,0.01397153469898128,0.01397153469898128,0.9860284653010187,0.011032469852734468,0.011032469852734468,0.9889675301472656,0.9889675301472656
2024-02,Department / Account,Marketing / Marketing,-59886.77,-59468.18,-418.59,418.59,0.007038890378013922,-0.007038890378013922,0.992961109621986,0.004454783273682879,0.004454783273682879,0.995545216726317,0.995545216726317
2024-02,Department / Account,Marketing / Other OpEx,-23178.06,-23392.79,214.73,214.73,0.009179324056685841,0.009179324056685841,0.9908206759433141,0.0058579442645717615,0.0058579442645717615,0.9941420557354282,0.9941420557354282
2024-02,Department / Account,Marketing / Payroll,-422646.87,-418712.75,-3934.12,3934.12,0.00939574923381244,-0.00939574923381244,0.9906042507661875,0.006998465929598798,0.006998465929598798,0.9930015340704013,0.9930015340704013
2024-02,Department / Account,Marketing / Professional Services,-28909.75,-29168.56,258.81,258.81,0.008872909735688014,0.008872909735688014,0.991127090264312,0.004875673624958903,0.004875673624958903,0.9951243263750411,0.9951243263750411
2024-02,Department / Account,Marketing / Software,-48144.80,-48274.78,129.98,129.98,0.0026925032076790404,0.0026925032076790404,0.997307496792321,0.007229552192735947,0.007229552192735947,0.9927704478072641,0.9927704478072641
2024-02,Department / Account,Marketing / Travel,-4853.39,-4807.98,-45.41,45.41,0.009444714828264677,-0.009444714828264677,0.9905552851717353,0.01158709941131019,0.01158709941131019,0.9884129005886898,0.9884129005886898
2024-02,Department / Account,Sales / Facilities,-53698.47,-54194.24,495.77,495.77,0.009148020158599881,0.009148020158599881,0.9908519798414002,0.006594602384906198,0.006594602384906198,0.9934053976150938,0.9934053976150938
2024-02,Department / Account,Sales / Marketing,-14037.25,-14068.06,30.81,30.81,0.0021900674293399373,0.0021900674293399373,0.9978099325706601,0.007578764982482118,0.007578764982482118,0.9924212350175179,0.9924212350175179
2024-02,Department / Account,Sales / Other OpEx,-67509.81,-67563.84,54.03,54.03,0.0007996881171940494,0.0007996881171940494,0.999200311882806,0.006666719391252659,0.006666719391252659,0.9933332806087474,0.9933332806087474
2024-02,Department / Account,Sales / Payroll,-1236197.64,-1245173.00,8975.36,8975.36,0.007208122887341759,0.007208122887341759,0.9927918771126583,0.0046123726321795015,0.0046123726321795015,0.9953876273678205,0.9953876273678205
2024-02,Department / Account,Sales / Professional Services,-83668.32,-83520.66,-147.66,147.66,0.001767945799278885,-0.001767945799278885,0.9982320542007211,0.006997463240004855,0.006997463240004855,0.9930025367599952,0.9930025367599952
2024-02,Department / Account,Sales / Software,-141099.70,-142942.58,1842.88,1842.88,0.012892449541627136,0.012892449541627136,0.9871075504583728,0.01056725060361621,0.01056725060361621,0.9894327493963837,0.9894327493963837
2024-02,Department / Account,Sales / Travel,-42373.89,-42387.41,13.52,13.52,0.0003189626353674357,0.0003189626353674357,0.9996810373646325,0.006031715958953498,0.006031715958953498,0.9939682840410464,0.9939682840410464
2024-02,Region,Central,2952250.70,2958743.98,-6493.28,6493.28,0.0021946069156007207,-0.0021946069156007207,0.9978053930843993,0.0021396912114076874,0.0021396912114076874,0.9978603087885923,0.9978603087885923
2024-02,Region,East,2674376.23,2677773.84,-3397.61,3397.61,0.001268818878296309,-0.001268818878296309,0.9987311811217037,0.0013127756962230423,0.0013127756962230423,0.998687224303777,0.998687224303777
2024-02,Region,West,3345198.18,3355294.63,-10096.45,10096.45,0.00300910981400164,-0.00300910981400164,0.9969908901859984,0.0026920557627499557,0.0026920557627499557,0.9973079442372501,0.9973079442372501
2024-03,Company,Company Total,9210712.43,9232505.44,-21793.01,21793.01,0.002360465438296021,-0.002360465438296021,0.997639534561704,0.0021865938099390535,0.0021865938099390535,0.997813406190061,0.997813406190061
2024-03,Department / Account,Customer Success / Facilities,-36125.88,-36119.61,-6.27,6.27,0.0001735899141768142,-0.0001735899141768142,0.9998264100858232,0.0033430261076932296,0.0033430261076932296,0.9966569738923067,0.9966569738923067
2024-03,Department / Account,Customer Success / Marketing,-9905.26,-9815.05,-90.21,90.21,0.009190987310304074,-0.009190987310304074,0.9908090126896959,0.008514348011834346,0.008514348011834346,0.9914856519881656,0.9914856519881656
2024-03,Department / Account,Customer Success / Other OpEx,-43910.03,-43782.16,-127.87,127.87,0.0029205959687690144,-0.0029205959687690144,0.997079404031231,0.005965486936582842,0.005965486936582842,0.9940345130634172,0.9940345130634172
2024-03,Department / Account,Customer Success / Payroll,-838402.49,-831828.78,-6573.71,6573.71,0.007902720076600379,-0.007902720076600379,0.9920972799233996,0.008742457419808258,0.008742457419808258,0.9912575425801918,0.9912575425801918
2024-03,Department / Account,Customer Success / Professional Services,-58003.19,-57492.46,-510.73,510.73,0.008883425757047099,-0.008883425757047099,0.9911165742429529,0.00644445164566784,0.00644445164566784,0.993555548354332,0.993555548354332
2024-03,Department / Account,Customer Success / Software,-98422.95,-97459.37,-963.58,963.58,0.00988699188184779,-0.00988699188184779,0.9901130081181522,0.008864097667791202,0.008864097667791202,0.9911359023322088,0.9911359023322088
2024-03,Department / Account,Customer Success / Travel,-29900.80,-30269.34,368.54,368.54,0.012175356317646834,0.012175356317646834,0.9878246436823531,0.00939011427184567,0.00939011427184567,0.9906098857281543,0.9906098857281543
2024-03,Department / Account,Engineering / Facilities,-83091.25,-82789.05,-302.20,302.20,0.0036502411852775214,-0.0036502411852775214,0.9963497588147224,0.0061072417339551694,0.0061072417339551694,0.9938927582660448,0.9938927582660448
2024-03,Department / Account,Engineering / Marketing,-22619.27,-22773.21,153.94,153.94,0.006759697029975133,0.006759697029975133,0.9932403029700249,0.00736940348869693,0.00736940348869693,0.992630596511303,0.992630596511303
2024-03,Department / Account,Engineering / Other OpEx,-99267.36,-98816.21,-451.15,451.15,0.004565546482707644,-0.004565546482707644,0.9954344535172923,0.005417622863637541,0.005417622863637541,0.9945823771363624,0.9945823771363624
2024-03,Department / Account,Engineering / Payroll,-1779645.62,-1788645.78,9000.16,9000.16,0.005031829164072944,0.005031829164072944,0.994968170835927,0.004802113503044094,0.004802113503044094,0.995197886496956,0.995197886496956
2024-03,Department / Account,Engineering / Professional Services,-127747.45,-127499.13,-248.32,248.32,0.0019476211327873374,-0.0019476211327873374,0.9980523788672127,0.004331760224283747,0.004331760224283747,0.9956682397757163,0.9956682397757163
2024-03,Department / Account,Engineering / Software,-247445.72,-207937.58,-39508.14,39508.14,0.1899999990381729,-0.1899999990381729,0.8100000009618271,0.18999997887806044,0.18999997887806044,0.8100000211219395,0.8100000211219395
2024-03,Department / Account,Engineering / Travel,-23037.68,-22994.58,-43.10,43.10,0.0018743547392472487,-0.0018743547392472487,0.9981256452607528,0.005826055520793007,0.005826055520793007,0.9941739444792069,0.9941739444792069
2024-03,Department / Account,G&A / Facilities,-25313.94,-25068.64,-245.30,245.30,0.009785133936264593,-0.009785133936264593,0.9902148660637354,0.006516735300387405,0.006516735300387405,0.9934832646996127,0.9934832646996127
2024-03,Department / Account,G&A / Marketing,-6943.23,-6853.70,-89.53,89.53,0.013063017056480442,-0.013063017056480442,0.9869369829435195,0.01124483184106715,0.01124483184106715,0.9887551681589328,0.9887551681589328
2024-03,Department / Account,G&A / Other OpEx,-31344.04,-31792.81,448.77,448.77,0.014115455664346748,0.014115455664346748,0.9858845443356532,0.009378106587900057,0.009378106587900057,0.9906218934120998,0.9906218934120998
2024-03,Department / Account,G&A / Payroll,-571404.71,-573616.74,2212.03,2212.03,0.003856285644662323,0.003856285644662323,0.9961437143553377,0.007501027251141949,0.007501027251141949,0.9924989727488581,0.9924989727488581
2024-03,Department / Account,G&A / Professional Services,-38317.52,-37858.36,-459.16,459.16,0.012128364778611646,-0.012128364778611646,0.9878716352213883,0.007558026901691572,0.007558026901691572,0.9924419730983084,0.9924419730983084
2024-03,Department / Account,G&A / Software,-62009.72,-62042.36,32.64,32.64,0.0005260921731539549,0.0005260921731539549,0.9994739078268461,0.009543455108414528,0.009543455108414528,0.9904565448915855,0.9904565448915855
2024-03,Department / Account,G&A / Travel,-6752.28,-6742.25,-10.03,10.03,0.001487633950090845,-0.001487633950090845,0.9985123660499091,0.004828125522004898,0.004828125522004898,0.995171874477995,0.995171874477995
2024-03,Department / Account,Marketing / Facilities,-18567.53,-18491.21,-76.32,76.32,0.0041273664622271874,-0.0041273664622271874,0.9958726335377728,0.008730768722565374,0.008730768722565374,0.9912692312774346,0.9912692312774346
2024-03,Department / Account,Marketing / Marketing,-63797.70,-63490.79,-306.91,306.91,0.004833929456540075,-0.004833929456540075,0.99516607054346,0.004581165334635277,0.004581165334635277,0.9954188346653646,0.9954188346653646
2024-03,Department / Account,Marketing / Other OpEx,-22921.91,-22821.12,-100.79,100.79,0.004416522940153682,-0.004416522940153682,0.9955834770598463,0.0053774704897657346,0.0053774704897657346,0.9946225295102343,0.9946225295102343
2024-03,Department / Account,Marketing / Payroll,-418697.74,-415899.64,-2798.10,2798.10,0.006727825010860793,-0.006727825010860793,0.9932721749891392,0.0069082522900194634,0.0069082522900194634,0.9930917477099807,0.9930917477099807
2024-03,Department / Account,Marketing / Professional Services,-28233.26,-28539.80,306.54,306.54,0.010740790054590433,0.010740790054590433,0.9892592099454096,0.0068307124348360795,0.0068307124348360795,0.993169287565164,0.993169287565164
2024-03,Department / Account,Marketing / Software,-46803.48,-46878.58,75.10,75.10,0.0016020109824145695,0.0016020109824145695,0.9983979890175855,0.005353705122628821,0.005353705122628821,0.9946462948773712,0.9946462948773712
2024-03,Department / Account,Marketing / Travel,-4822.61,-4840.48,17.87,17.87,0.003691782633127294,0.003691782633127294,0.9963082173668727,0.008955327151915892,0.008955327151915892,0.9910446728480841,0.9910446728480841
2024-03,Department / Account,Sales / Facilities,-52641.21,-52120.18,-521.03,521.03,0.009996703771936321,-0.009996703771936321,0.9900032962280637,0.007728636180582906,0.007728636180582906,0.992271363819417,0.992271363819417
2024-03,Department / Account,Sales / Marketing,-13707.78,-13775.98,68.20,68.20,0.00495064597945119,0.00495064597945119,0.9950493540205488,0.0067027253148051425,0.0067027253148051425,0.9932972746851948,0.9932972746851948
2024-03,Department / Account,Sales / Other OpEx,-65233.59,-65561.43,327.84,327.84,0.005000501056795131,0.005000501056795131,0.9949994989432048,0.006111313279766817,0.006111313279766817,0.9938886867202332,0.9938886867202332
2024-03,Department / Account,Sales / Payroll,-1131670.76,-1128197.74,-3473.02,3473.02,0.003078378795546958,-0.003078378795546958,0.996921621204453,0.004101041353301987,0.004101041353301987,0.995898958646698,0.995898958646698
2024-03,Department / Account,Sales / Professional Services,-85245.10,-86410.50,1165.40,1165.40,0.013486786906683795,0.013486786906683795,0.9865132130933162,0.009160571128897834,0.009160571128897834,0.9908394288711021,0.9908394288711021
2024-03,Department / Account,Sales / Software,-132948.88,-131178.48,-1770.40,1770.40,0.013496116131243479,-0.013496116131243479,0.9865038838687565,0.011543539112825298,0.011543539112825298,0.9884564608871745,0.9884564608871745
2024-03,Department / Account,Sales / Travel,-42646.86,-42639.67,-7.19,7.19,0.00016862231813707753,-0.00016862231813707753,0.9998313776818629,0.004077351412014691,0.004077351412014691,0.9959226485879853,0.9959226485879853
2024-03,Region,Central,3021185.80,3027529.73,-6343.93,6343.93,0.002095414600602452,-0.002095414600602452,0.9979045853993975,0.0021249323411392756,0.0021249323411392756,0.9978750676588607,0.9978750676588607
2024-03,Region,East,2732428.38,2735643.75,-3215.37,3215.37,0.0011753613751790597,-0.0011753613751790597,0.998824638624821,0.0012669709225417148,0.0012669709225417148,0.9987330290774583,0.9987330290774583
2024-03,Region,West,3457098.25,3469331.96,-12233.71,12233.71,0.0035262437094661877,-0.0035262437094661877,0.9964737562905338,0.0029701184116553664,0.0029701184116553664,0.9970298815883446,0.9970298815883446
2024-04,Company,Company Total,9201551.00,9222258.82,-20707.82,20707.82,0.0022454173542702633,-0.0022454173542702633,0.9977545826457297,0.002276240175117616,0.002201299696021856,0.9977237598248824,0.9977987003039781
2024-04,Department / Account,Customer Success / Facilities,-37956.24,-38220.42,264.18,264.18,0.006912011955912573,0.006912011955912573,0.9930879880440874,0.0035955678016343635,0.0042352725697480656,0.9964044321983656,0.9957647274302519
2024-04,Department / Account,Customer Success / Marketing,-9532.55,-9605.27,72.72,72.72,0.007570843922138575,0.007570843922138575,0.9924291560778614,0.0067338479052227555,0.008278471989410403,0.9932661520947773,0.9917215280105895
2024-04,Department / Account,Customer Success / Other OpEx,-44399.07,-44065.83,-333.24,333.24,0.0075623220985511904,-0.0075623220985511904,0.9924376779014488,0.0036893545192781103,0.00636469572707493,0.9963106454807219,0.9936353042729251
2024-04,Department / Account,Customer Success / Payroll,-857617.08,-865882.76,8265.68,8265.68,0.009545957468884125,0.009545957468884125,0.9904540425311159,0.00751844526606846,0.008943332432077225,0.9924815547339315,0.9910566675679229
2024-04,Department / Account,Customer Success / Professional Services,-58902.83,-59306.55,403.72,403.72,0.006807342527933255,0.006807342527933255,0.9931926574720668,0.006749316306670969,0.0065351743662341935,0.9932506836933289,0.9934648256337657
2024-04,Department / Account,Customer Success / Software,-94742.93,-94423.87,-319.06,319.06,0.003379018462174872,-0.003379018462174872,0.9966209815378251,0.007441622106367778,0.00749282786638712,0.9925583778936321,0.992507172133613
2024-04,Department / Account,Customer Success / Travel,-27966.14,-28356.80,390.66,390.66,0.01377658974214298,0.01377658974214298,0.986223410257857,0.013659953833495872,0.010486733139419998,0.9863400461665041,0.9895132668605799
2024-04,Department / Account,Engineering / Facilities,-85099.39,-84153.46,-945.93,945.93,0.01124053603975404,-0.01124053603975404,0.9887594639602459,0.005374462957394718,0.007390565310404887,0.9946255370426051,0.9926094346895951
2024-04,Department / Account,Engineering / Marketing,-21386.92,-21498.38,111.46,111.46,0.00518457669833727,0.00518457669833727,0.9948154233016627,0.004360511739562152,0.006823196791107015,0.9956394882604379,0.9931768032088929
2024-04,Department / Account,Engineering / Other OpEx,-99784.43,-98465.39,-1319.04,1319.04,0.013395975987095568,-0.013395975987095568,0.9866040240129045,0.006440244920306637,0.007412211144502048,0.9935597550796933,0.9925877888554979
2024-04,Department / Account,Engineering / Payroll,-1913478.97,-1894166.03,-19312.94,19312.94,0.010196012226024346,-0.010196012226024346,0.9898039877739756,0.0064848755542292955,0.006150588183789156,0.9935151244457706,0.9938494118162109
2024-04,Department / Account,Engineering / Professional Services,-129821.30,-128033.27,-1788.03,1788.03,0.013965354473880108,-0.013965354473880108,0.9860346455261199,0.008606231698278803,0.006740158786682838,0.9913937683017212,0.9932598412133171
2024-04,Department / Account,Engineering / Software,-262578.35,-220654.07,-41924.28,41924.28,0.19000003036427107,-0.19000003036427107,0.809999969635729,0.18999999799287293,0.1899999917496131,0.8100000020071271,0.8100000082503869
2024-04,Department / Account,Engineering / Travel,-21768.19,-22082.46,314.27,314.27,0.0142316571613851,0.0142316571613851,0.9857683428386149,0.008305746224961174,0.00792745593094103,0.991694253775039,0.992072544069059
2024-04,Department / Account,G&A / Facilities,-24726.09,-24895.14,169.05,169.05,0.0067904819976911165,0.0067904819976911165,0.9932095180023088,0.006278605489835799,0.006585171974713333,0.9937213945101643,0.9934148280252867
2024-04,Department / Account,G&A / Marketing,-6670.56,-6754.79,84.23,84.23,0.012469669671447966,0.012469669671447966,0.9875303303285521,0.011864433581468182,0.011551041298662353,0.9881355664185318,0.9884489587013376
2024-04,Department / Account,G&A / Other OpEx,-30360.93,-30448.47,87.54,87.54,0.0028750213064892916,0.0028750213064892916,0.9971249786935107,0.006634206754045,0.007752335267547365,0.993365793245955,0.9922476647324525
2024-04,Department / Account,G&A / Payroll,-565733.46,-559652.37,-6081.09,6081.09,0.010865834446479697,-0.010865834446479697,0.9891341655535203,0.009399743256745523,0.008342229049976385,0.9906002567432545,0.9916577709500236
2024-04,Department / Account,G&A / Professional Services,-38666.45,-38213.15,-453.30,453.30,0.01186240862111603,-0.01186240862111603,0.988137591378884,0.010526307442292555,0.008634122331547686,0.9894736925577075,0.9913658776684523
2024-04,Department / Account,G&A / Software,-64161.89,-64758.69,596.80,596.80,0.009215751584845215,0.009215751584845215,0.9907842484151548,0.00826296330956692,0.0094615292275222,0.9917370366904331,0.9905384707724778
2024-04,Department / Account,G&A / Travel,-6943.84,-6992.16,48.32,48.32,0.006910597011510034,0.006910597011510034,0.9930894029884899,0.005616086008222804,0.005348743394381182,0.9943839139917773,0.9946512566056188
2024-04,Department / Account,Marketing / Facilities,-17942.04,-18078.38,136.34,136.34,0.007541604944690841,0.007541604944690841,0.9924583950553092,0.008546835368633102,0.008433477778096742,0.9914531646313668,0.9915665222219032
2024-04,Department / Account,Marketing / Marketing,-59073.11,-59905.68,832.57,832.57,0.01389801434521735,0.01389801434521735,0.9861019856547827,0.008590278059923783,0.006910377587280796,0.9914097219400763,0.9930896224127191
2024-04,Department / Account,Marketing / Other OpEx,-21376.53,-21551.10,174.57,174.57,0.008100282584183638,0.008100282584183638,0.9918997174158164,0.007232043193674387,0.006058173513370211,0.9927679568063256,0.9939418264866298
2024-04,Department / Account,Marketing / Payroll,-408560.99,-405728.88,-2832.11,2832.11,0.00698030172266761,-0.00698030172266761,0.9930196982773324,0.0077012919891136155,0.0069262646481815,0.9922987080108864,0.9930737353518185
2024-04,Department / Account,Marketing / Professional Services,-28217.63,-28633.04,415.41,415.41,0.014508064809045774,0.014508064809045774,0.9854919351909542,0.011373921533108074,0.008750050528388504,0.988626078466892,0.9912499494716115
2024-04,Department / Account,Marketing / Software,-47839.02,-47931.03,92.01,92.01,0.0019196332730592272,0.0019196332730592272,0.9980803667269408,0.0020713824877176125,0.004495187160236423,0.9979286175122825,0.9955048128397636
2024-04,Department / Account,Marketing / Travel,-4997.84,-4992.36,-5.48,5.48,0.0010976772508392825,-0.0010976772508392825,0.9989023227491607,0.004744724904077084,0.0069909146766467395,0.9952552750959228,0.9930090853233533
2024-04,Department / Account,Sales / Facilities,-52104.00,-51403.84,-700.16,700.16,0.013620772300279513,-0.013620772300279513,0.9863792276997205,0.010921832076938573,0.009201670210507058,0.9890781679230614,0.9907983297894929
2024-04,Department / Account,Sales / Marketing,-13904.98,-14023.99,119.01,119.01,0.008486172622769983,0.008486172622769983,0.99151382737723,0.00520896201052037,0.007148587141796352,0.9947910379894797,0.9928514128582037
2024-04,Department / Account,Sales / Other OpEx,-63923.79,-63088.25,-835.54,835.54,0.013243987588814081,-0.013243987588814081,0.9867560124111859,0.00634805892093442,0.007894481857028632,0.9936519410790656,0.9921055181429714
2024-04,Department / Account,Sales / Payroll,-1186202.62,-1203701.58,17498.96,17498.96,0.014537623187301955,0.014537623187301955,0.985462376812698,0.008274708290063557,0.006710186811801979,0.9917252917099364,0.993289813188198
2024-04,Department / Account,Sales / Professional Services,-83151.00,-82462.48,-688.52,688.52,0.008349494218461536,-0.008349494218461536,0.9916505057815385,0.007868075641474738,0.00895780190128876,0.9921319243585253,0.9910421980987112
2024-04,Department / Account,Sales / Software,-140277.98,-138361.17,-1916.81,1916.81,0.013853670072318698,-0.013853670072318698,0.9861463299276813,0.013414078581729771,0.012121071852698648,0.9865859214182703,0.9878789281473013
2024-04,Department / Account,Sales / Travel,-42844.19,-43127.37,283.18,283.18,0.006566131901852582,0.006566131901852582,0.9934338680981474,0.0023512389517856987,0.004699546534474164,0.9976487610482142,0.9953004534655259
2024-04,Region,Central,3029926.15,3035817.33,-5891.18,5891.18,0.0019405581296948458,-0.0019405581296948458,0.9980594418703052,0.002076859881966006,0.002078838788278168,0.9979231401180341,0.9979211612117218
2024-04,Region,East,2738316.46,2740747.81,-2431.35,2431.35,0.0008871119010398844,-0.0008871119010398844,0.9991128880989602,0.0011104307181717512,0.0011720061671662571,0.9988895692818284,0.9988279938328337
2024-04,Region,West,3433308.39,3445693.68,-12385.29,12385.29,0.0035944257238792045,-0.0035944257238792045,0.9964055742761208,0.0033765930824490105,0.003126195239711326,0.9966234069175509,0.9968738047602886
2024-05,Company,Company Total,9158898.21,9178167.18,-19268.97,19268.97,0.0020994354997137896,-0.0020994354997137896,0.9979005645002862,0.002235106097426691,0.0021809268567602427,0.9977648939025733,0.9978190731432397
2024-05,Department / Account,Customer Success / Facilities,-38558.03,-38678.40,120.37,120.37,0.0031120728882270206,0.0031120728882270206,0.996887927111773,0.0033992249194388026,0.0040106326334438565,0.9966007750805611,0.9959893673665562
2024-05,Department / Account,Customer Success / Marketing,-9829.23,-9893.33,64.10,64.10,0.006479112695118832,0.006479112695118832,0.9935208873048812,0.007746981309187161,0.00791860013055209,0.9922530186908128,0.9920813998694479
2024-05,Department / Account,Customer Success / Other OpEx,-47414.27,-47967.40,553.13,553.13,0.011531373391094784,0.011531373391094784,0.9884686266089052,0.007338097152804997,0.007398031259878901,0.9926619028471949,0.9926019687401212
2024-05,Department / Account,Customer Success / Payroll,-818751.31,-807043.00,-11708.31,11708.31,0.014507665638633876,-0.014507665638633876,0.9854923343613661,0.010652114394706126,0.010056199073388556,0.9893478856052939,0.9899438009266115
2024-05,Department / Account,Customer Success / Professional Services,-56991.42,-56693.82,-297.60,297.60,0.005249249389086853,-0.005249249389086853,0.9947507506109131,0.006980005891355736,0.006277989370804725,0.9930199941086443,0.9937220106291951
2024-05,Department / Account,Customer Success / Software,-96023.23,-96489.96,466.73,466.73,0.004837083568072781,0.004837083568072781,0.9951629164319272,0.006034364637365148,0.0069616790067242515,0.9939656353626348,0.9930383209932758
2024-05,Department / Account,Customer Success / Travel,-29422.72,-29687.20,264.48,264.48,0.008908890026678164,0.008908890026678164,0.9910911099733218,0.011620278695489325,0.01017116451687163,0.9883797213045106,0.9898288354831284
2024-05,Department / Account,Engineering / Facilities,-84046.11,-84232.27,186.16,186.16,0.0022100793437004607,0.0022100793437004607,0.9977899206562996,0.005700285522910673,0.006354468117064002,0.9942997144770893,0.993645531882936
2024-05,Department / Account,Engineering / Marketing,-21937.53,-21805.77,-131.76,131.76,0.006042437391571129,-0.006042437391571129,0.9939575626084288,0.005995570373294509,0.006667044911199837,0.9940044296267055,0.9933329550888
2024-05,Department / Account,Engineering / Other OpEx,-104034.47,-103712.15,-322.32,322.32,0.003107832592420464,-0.003107832592420464,0.9968921674075796,0.007023118354074559,0.006551335434085731,0.9929768816459256,0.9934486645659142
2024-05,Department / Account,Engineering / Payroll,-1875033.60,-1868458.83,-6574.77,6574.77,0.003518819839343209,-0.003518819839343209,0.9964811801606568,0.006248887076480167,0.005624234514899967,0.9937511129235198,0.9943757654851002
2024-05,Department / Account,Engineering / Professional Services,-125808.57,-123977.90,-1830.67,1830.67,0.014766099441916666,-0.014766099441916666,0.9852339005580834,0.010226358349528036,0.008345346917729604,0.9897736416504719,0.9916546530822703
2024-05,Department / Account,Engineering / Software,-246833.58,-207423.18,-39410.40,39410.40,0.18999997975153984,-0.18999997975153984,0.8100000202484602,0.19000000305132794,0.18999998934999845,0.8099999969486721,0.8100000106500016
2024-05,Department / Account,Engineering / Travel,-23385.48,-23365.10,-20.38,20.38,0.0008722410775044832,-0.0008722410775044832,0.9991277589224955,0.005659417659378945,0.006516412960253721,0.9943405823406212,0.9934835870397463
2024-05,Department / Account,G&A / Facilities,-26047.84,-26185.58,137.74,137.74,0.005260146996934954,0.005260146996934954,0.994739853003065,0.007278587643630222,0.006320166979157657,0.9927214123563698,0.9936798330208424
2024-05,Department / Account,G&A / Marketing,-7020.79,-6966.15,-54.64,54.64,0.007843643906605514,-0.007843643906605514,0.9921563560933945,0.01112544354484464,0.010809561820250984,0.9888745564551553,0.9891904381797489
2024-05,Department / Account,G&A / Other OpEx,-31799.59,-32052.00,252.41,252.41,0.007875015599650568,0.007875015599650568,0.9921249844003495,0.008288497523495536,0.0077768713339680055,0.9917115024765044,0.9922231286660319
2024-05,Department / Account,G&A / Payroll,-570583.35,-578818.54,8235.19,8235.19,0.014227585039000306,0.014227585039000306,0.9857724149609997,0.009649901710047442,0.009519300247781168,0.9903500982899525,0.9904806997522189
2024-05,Department / Account,G&A / Professional Services,-38158.79,-38585.07,426.28,426.28,0.011047796466353435,0.011047796466353435,0.9889522035336465,0.011679523288693703,0.009116857158508835,0.9883204767113063,0.9908831428414911
2024-05,Department / Account,G&A / Software,-65821.05,-66337.98,516.93,516.93,0.007792368715477921,0.007792368715477921,0.992207631284522,0.00584473749115903,0.009127697125113344,0.994155262508841,0.9908723028748867
2024-05,Department / Account,G&A / Travel,-6957.97,-6868.06,-89.91,89.91,0.01309103298456915,-0.01309103298456915,0.9869089670154308,0.007163087982056675,0.006897201312418775,0.9928369120179433,0.9931027986875811
2024-05,Department / Account,Marketing / Facilities,-18759.94,-18634.60,-125.34,125.34,0.006726197503568631,-0.006726197503568631,0.9932738024964314,0.00613172297016222,0.00809202172319112,0.9938682770298378,0.9919079782768089
2024-05,Department / Account,Marketing / Marketing,-62229.32,-61894.52,-334.80,334.80,0.0054092026240772206,-0.0054092026240772206,0.9945907973759228,0.008047048808611549,0.006610142594640081,0.9919529511913884,0.9933898574053599
2024-05,Department / Account,Marketing / Other OpEx,-22265.46,-22140.11,-125.35,125.35,0.005661670154303659,-0.005661670154303659,0.9943383298456964,0.006059491892880325,0.005978872841556901,0.9939405081071198,0.9940211271584432
2024-05,Department / Account,Marketing / Payroll,-420321.69,-414570.34,-5751.35,5751.35,0.013873037805840137,-0.013873037805840137,0.9861269621941599,0.009193721513122846,0.008315619279713228,0.9908062784868772,0.9916843807202869
2024-05,Department / Account,Marketing / Professional Services,-27733.01,-28019.45,286.44,286.44,0.010222898736413456,0.010222898736413456,0.9897771012635865,0.01182391786668322,0.009044620169993495,0.9881760821333168,0.9909553798300065
2024-05,Department / Account,Marketing / Software,-46710.50,-46676.61,-33.89,33.89,0.0007260595831616735,-0.0007260595831616735,0.9992739404168384,0.0014159012795451568,0.0037413616448214735,0.998584098720455,0.9962586383551786
2024-05,Department / Account,Marketing / Travel,-5203.81,-5174.56,-29.25,29.25,0.0056526545252156704,-0.0056526545252156704,0.9943473454747843,0.003480704803060749,0.006723262646360526,0.9965192951969392,0.9932767373536395
2024-05,Department / Account,Sales / Facilities,-55732.32,-55342.74,-389.58,389.58,0.00703940571066774,-0.00703940571066774,0.9929605942893323,0.010218960594294524,0.008769217310539194,0.9897810394057055,0.9912307826894609
2024-05,Department / Account,Sales / Marketing,-14367.78,-14541.31,173.53,173.53,0.011933587826681365,0.011933587826681365,0.9880664121733186,0.008456802142967512,0.008105587278773354,0.9915431978570325,0.9918944127212267
2024-05,Department / Account,Sales / Other OpEx,-66068.93,-66055.53,-13.40,13.40,0.00020285962431911456,-0.00020285962431911456,0.9997971403756809,0.006149116089976109,0.006356157410486729,0.9938508839100239,0.9936438425895133
2024-05,Department / Account,Sales / Payroll,-1193323.41,-1179666.67,-13656.74,13656.74,0.011576778718347617,-0.011576778718347617,0.9884232212816524,0.009730926900398843,0.007683505193111106,0.9902690730996012,0.9923164948068889
2024-05,Department / Account,Sales / Professional Services,-84136.88,-83002.67,-1134.21,1134.21,0.013664741146278789,-0.013664741146278789,0.9863352588537212,0.011833674090474706,0.009899189750286766,0.9881663259095252,0.9901008102497132
2024-05,Department / Account,Sales / Software,-137121.74,-135530.27,-1591.47,1591.47,0.011742542828255268,-0.011742542828255268,0.9882574571717447,0.013030776343939149,0.012045366047809971,0.9869692236560609,0.98795463395219
2024-05,Department / Account,Sales / Travel,-43141.14,-42840.03,-301.11,301.11,0.007028706562530419,-0.007028706562530419,0.9929712934374696,0.004587820260840026,0.005165378540085415,0.99541217973916,0.9948346214599146
2024-05,Region,Central,3010041.05,3015171.50,-5130.45,5130.45,0.0017015450033273398,-0.0017015450033273398,0.9982984549966727,0.0019125059112082125,0.0020033800312880025,0.9980874940887917,0.9979966199687119
2024-05,Region,East,2726292.18,2728086.86,-1794.68,1794.68,0.0006578529541394441,-0.0006578529541394441,0.9993421470458606,0.0009067754101194627,0.0010691755245608946,0.9990932245898806,0.998930824475439
2024-05,Region,West,3422564.98,3434908.82,-12343.84,12343.84,0.0035936441538497667,-0.0035936441538497667,0.9964063558461502,0.003571437862398386,0.0032196850225390144,0.9964285621376016,0.996780314977461
2024-06,Company,Company Total,9016745.79,9033100.76,-16354.97,16354.97,0.001810559899035157,-0.001810559899035157,0.9981894401009649,0.0020518042510064036,0.0021191990304727285,0.9979481957489936,0.9978808009695271
2024-06,Department / Account,Customer Success / Facilities,-38142.22,-37776.70,-365.52,365.52,0.009675805456802739,-0.009675805456802739,0.9903241945431973,0.006566630100314111,0.004954828104003671,0.9934333698996859,0.9950451718959963
2024-06,Department / Account,Customer Success / Marketing,-9777.90,-9906.98,129.08,129.08,0.01302919759603835,0.01302919759603835,0.9869708024039616,0.009026384737765252,0.008770366374799799,0.9909736152622347,0.9912296336252001
2024-06,Department / Account,Customer Success / Other OpEx,-46811.77,-46285.61,-526.16,526.16,0.011367679933352935,-0.011367679933352935,0.988632320066647,0.010153791807666302,0.008059639372124573,0.9898462081923336,0.9919403606278755
2024-06,Department / Account,Customer Success / Payroll,-812534.50,-812087.70,-446.80,446.80,0.0005501868825251264,-0.0005501868825251264,0.9994498131174748,0.008201269996681042,0.00847186370824465,0.991798730003319,0.9915281362917554
2024-06,Department / Account,Customer Success / Professional Services,-57337.00,-56661.41,-675.59,675.59,0.01192328253038532,-0.01192328253038532,0.9880767174696147,0.007993291482468476,0.007218871564068158,0.9920067085175316,0.9927811284359317
2024-06,Department / Account,Customer Success / Software,-93383.38,-94466.69,1083.31,1083.31,0.011467640075035972,0.011467640075035972,0.988532359924964,0.006561247368427875,0.007712672518109538,0.9934387526315721,0.9922873274818905
2024-06,Department / Account,Customer Success / Travel,-28582.35,-28733.17,150.82,150.82,0.005248985754095354,0.005248985754095354,0.9947510142459046,0.009311488507638832,0.009350801389742251,0.9906885114923613,0.9906491986102578
2024-06,Department / Account,Engineering / Facilities,-79850.53,-79209.61,-640.92,640.92,0.008091442439875666,-0.008091442439875666,0.9919085575601243,0.0071806859411100545,0.006643963837532613,0.9928193140588899,0.9933560361624675
2024-06,Department / Account,Engineering / Marketing,-22854.41,-22721.26,-133.15,133.15,0.005860150361379607,-0.005860150361379607,0.9941398496386203,0.005695721483762669,0.006532562486229799,0.9943042785162373,0.9934674375137701
2024-06,Department / Account,Engineering / Other OpEx,-99965.42,-99483.67,-481.75,481.75,0.004842503297274819,-0.004842503297274819,0.9951574967027251,0.007115437292263616,0.006266530077950579,0.9928845627077364,0.9937334699220494
2024-06,Department / Account,Engineering / Payroll,-1798272.87,-1797285.19,-987.68,987.68,0.0005495399425174143,-0.0005495399425174143,0.9994504600574826,0.00475479066929499,0.004778452086169541,0.995245209330705,0.9952215479138306
2024-06,Department / Account,Engineering / Professional Services,-130056.24,-131596.79,1540.55,1540.55,0.01170659253922531,0.01170659253922531,0.9882934074607747,0.013479348818340696,0.008905554521312222,0.9865206511816593,0.9910944454786877
2024-06,Department / Account,Engineering / Software,-249483.78,-209650.23,-39833.55,39833.55,0.1900000300500505,-0.1900000300500505,0.8099999699499495,0.19000001338862046,0.18999999613334043,0.8099999866113796,0.8100000038666595
2024-06,Department / Account,Engineering / Travel,-21917.74,-21704.95,-212.79,212.79,0.009803754443110902,-0.009803754443110902,0.9901962455568891,0.008302550894000163,0.007064303207396584,0.9916974491059998,0.9929356967926033
2024-06,Department / Account,G&A / Facilities,-26027.77,-25932.32,-95.45,95.45,0.003680735082707602,-0.003680735082707602,0.9963192649172924,0.00524378802577789,0.005880261663082648,0.994756211974222,0.9941197383369174
2024-06,Department / Account,G&A / Marketing,-6880.50,-6779.83,-100.67,100.67,0.014848454902261561,-0.014848454902261561,0.9851515450977384,0.011720589493438347,0.011482710667252746,0.9882794105065615,0.9885172893327473
2024-06,Department / Account,G&A / Other OpEx,-30532.92,-30530.75,-2.17,2.17,7.107588251189374e-05,-7.107588251189374e-05,0.9999289241174881,0.003607037596217251,0.0064925720920586535,0.9963929624037827,0.9935074279079412
2024-06,Department / Account,G&A / Payroll,-568086.06,-567540.50,-545.56,545.56,0.0009612706053576792,-0.0009612706053576792,0.9990387293946423,0.008684896696945894,0.008092961974043921,0.991315103303054,0.991907038025956
2024-06,Department / Account,G&A / Professional Services,-39294.40,-39676.19,381.79,381.79,0.00962264773911003,0.00962264773911003,0.99037735226089,0.010844284275526498,0.009201155588609034,0.9891557157244736,0.990798844411391
2024-06,Department / Account,G&A / Software,-66023.65,-65235.79,-787.86,787.86,0.012077112885426849,-0.012077112885426849,0.9879228871145731,0.009695077728583329,0.00961926641849893,0.9903049222714166,0.990380733581501
2024-06,Department / Account,G&A / Travel,-6674.03,-6673.55,-0.48,0.48,7.192573667688112e-05,-7.192573667688112e-05,0.9999280742633231,0.006691185244252021,0.005759655383128459,0.993308814755748,0.9942403446168715
2024-06,Department / Account,Marketing / Facilities,-18487.21,-18452.48,-34.73,34.73,0.0018821318326859044,-0.0018821318326859044,0.9981178681673141,0.005383311426981792,0.007057040074773584,0.9946166885730182,0.9929429599252263
2024-06,Department / Account,Marketing / Marketing,-60164.19,-60954.42,790.23,790.23,0.012964277241912892,0.012964277241912892,0.9870357227580872,0.010757164737069155,0.007669165035852216,0.9892428352629309,0.9923308349641476
2024-06,Department / Account,Marketing / Other OpEx,-21704.17,-21627.95,-76.22,76.22,0.0035241435272413703,-0.0035241435272413703,0.9964758564727586,0.005762032088576222,0.005569751289170979,0.9942379679114238,0.9944302487108291
2024-06,Department / Account,Marketing / Payroll,-417887.11,-414275.18,-3611.93,3611.93,0.008718673418957901,-0.008718673418957901,0.9912813265810421,0.009857337649155216,0.00838279496958734,0.9901426623508448,0.9916172050304127
2024-06,Department / Account,Marketing / Professional Services,-29194.06,-28804.00,-390.06,390.06,0.01354186918483544,-0.01354186918483544,0.9864581308151645,0.012757610910098222,0.009794161672467152,0.9872423890899018,0.9902058383275328
2024-06,Department / Account,Marketing / Software,-47805.78,-47883.96,78.18,78.18,0.0016326970451065452,0.0016326970451065452,0.9983673029548935,0.0014261299671091486,0.0033899175448689855,0.9985738700328909,0.996610082455131
2024-06,Department / Account,Marketing / Travel,-4993.62,-5050.94,57.32,57.32,0.011348382677283834,0.011348382677283834,0.9886516173227161,0.006032904817779595,0.007494115984847743,0.9939670951822204,0.9925058840151523
2024-06,Department / Account,Sales / Facilities,-54494.42,-53918.56,-575.86,575.86,0.01068018136982887,-0.01068018136982887,0.9893198186301712,0.010446786460258706,0.009087711320420806,0.9895532135397413,0.9909122886795791
2024-06,Department / Account,Sales / Marketing,-14533.57,-14629.43,95.86,95.86,0.0065525451094130115,0.0065525451094130115,0.993447454890587,0.008990768519621453,0.007846746917213298,0.9910092314803786,0.9921532530827868
2024-06,Department / Account,Sales / Other OpEx,-65818.91,-65939.08,120.17,120.17,0.0018224397428656875,0.0018224397428656875,0.9981775602571343,0.005089762318666295,0.005600537799216556,0.9949102376813338,0.9943994622007835
2024-06,Department / Account,Sales / Payroll,-1258643.29,-1249454.22,-9189.07,9189.07,0.007354467136859164,-0.007354467136859164,0.9926455328631408,0.011156289680836247,0.0076286655170691164,0.9888437103191637,0.9923713344829309
2024-06,Department / Account,Sales / Professional Services,-85179.14,-85705.15,526.01,526.01,0.006137437481878277,0.006137437481878277,0.9938625625181218,0.009383890948872866,0.00927223103888535,0.9906161090511271,0.9907277689611146
2024-06,Department / Account,Sales / Software,-141693.71,-141638.36,-55.35,55.35,0.0003907839655867239,-0.0003907839655867239,0.9996092160344133,0.00866233228872023,0.010102935700772765,0.9913376677112797,0.9898970642992272
2024-06,Department / Account,Sales / Travel,-40822.45,-41289.13,466.68,466.68,0.011302732704709448,0.011302732704709448,0.9886972672952905,0.008299190389697482,0.006188270900856087,0.9917008096103025,0.9938117290991441
2024-06,Region,Central,2951330.03,2955164.24,-3834.21,3834.21,0.0012974608815650801,-0.0012974608815650801,0.9987025391184349,0.0016465213381957552,0.0018857268396675153,0.9983534786618042,0.9981142731603324
2024-06,Region,East,2674627.01,2675389.40,-762.39,762.39,0.00028496412522229474,-0.00028496412522229474,0.9997150358747777,0.0006099763268005411,0.0009384736246711279,0.9993900236731994,0.9990615263753289
2024-06,Region,West,3390788.75,3402547.12,-11758.37,11758.37,0.003455755228453677,-0.003455755228453677,0.9965442447715464,0.0035479417020608827,0.003259030056858125,0.996452058297939,0.9967409699431419
2024-07,Company,Company Total,8752315.23,8764245.99,-11930.76,11930.76,0.0013612990796484936,-0.0013612990796484936,0.9986387009203515,0.0017570981594658133,0.0020166691672917148,0.9982429018405341,0.9979833308327083
2024-07,Department / Account,Customer Success / Facilities,-37202.84,-37725.14,522.30,522.30,0.013844879038222256,0.013844879038222256,0.9861551209617777,0.008877585794417338,0.006236576798025851,0.9911224142055827,0.993763423201974
2024-07,Department / Account,Customer Success / Marketing,-9840.71,-9707.59,-133.12,133.12,0.013712981285777418,-0.013712981285777418,0.9862870187142225,0.0110737638589782,0.008903805882100477,0.9889262361410217,0.9910961941178996
2024-07,Department / Account,Customer Success / Other OpEx,-45391.32,-45910.33,519.01,519.01,0.01130486319745469,0.01130486319745469,0.9886951368025453,0.011401305507300804,0.007545330013289457,0.9885986944926991,0.9924546699867105
2024-07,Department / Account,Customer Success / Payroll,-838259.67,-843899.49,5639.82,5639.82,0.0066830470533878385,0.0066830470533878385,0.9933169529466122,0.007246966524848947,0.0073827058954587035,0.9927530334751511,0.9926172941045412
2024-07,Department / Account,Customer Success / Professional Services,-57018.91,-56319.84,-699.07,699.07,0.01241249975141975,-0.01241249975141975,0.9875875002485802,0.009861677223630641,0.008305496765150806,0.9901383227763693,0.9916945032348491
2024-07,Department / Account,Customer Success / Software,-100237.20,-100017.45,-219.75,219.75,0.00219711660315275,-0.00219711660315275,0.9978028833968472,0.006167280082087168,0.006804451094227473,0.9938327199179128,0.9931955489057724
2024-07,Department / Account,Customer Success / Travel,-29249.84,-28878.96,-370.88,370.88,0.012842567737896379,-0.012842567737896379,0.9871574322621036,0.009000147839556633,0.011330050836526252,0.9909998521604434,0.9886699491634737
2024-07,Department / Account,Engineering / Facilities,-85175.49,-85657.76,482.27,482.27,0.005630196260093656,0.005630196260093656,0.9943698037399064,0.005310572681223261,0.00534251781930899,0.9946894273187769,0.9946574821806909
2024-07,Department / Account,Engineering / Marketing,-22361.04,-22686.77,325.73,325.73,0.014357707157078774,0.014357707157078774,0.9856422928429213,0.008753431636676504,0.006556971688119327,0.9912465683633235,0.9934430283118806
2024-07,Department / Account,Engineering / Other OpEx,-102905.39,-102891.67,-13.72,13.72,0.00013334412785796947,-0.00013334412785796947,0.9998666558721421,0.002694560005851084,0.004567402463078861,0.9973054399941489,0.9954325975369213
2024-07,Department / Account,Engineering / Payroll,-1850290.39,-1858143.22,7852.83,7852.83,0.0042261704670967185,0.0042261704670967185,0.9957738295329033,0.002764843416319114,0.004624859485274205,0.997235156583681,0.9953751405147258
2024-07,Department / Account,Engineering / Professional Services,-135249.17,-135338.07,88.90,88.90,0.0006568735611494977,0.0006568735611494977,0.9993431264388505,0.009043188514097158,0.008824710106187982,0.9909568114859028,0.9911752898938119
2024-07,Department / Account,Engineering / Software,-261989.47,-220159.22,-41830.25,41830.25,0.18999999182409893,-0.18999999182409893,0.8100000081759011,0.1900000005418964,0.18999999926738467,0.8099999994581036,0.8100000007326154
2024-07,Department / Account,Engineering / Travel,-22822.28,-22852.16,29.88,29.88,0.0013075350426392954,0.0013075350426392954,0.9986924649573607,0.00399451018775156,0.006150128206356367,0.9960054898122485,0.9938498717936436
2024-07,Department / Account,G&A / Facilities,-26126.37,-26215.88,89.51,89.51,0.00341434275713804,0.00341434275713804,0.996585657242862,0.004118408278926866,0.005198506884381332,0.9958815917210732,0.9948014931156187
2024-07,Department / Account,G&A / Marketing,-6545.09,-6620.93,75.84,75.84,0.01145458417473074,0.01145458417473074,0.9885454158252692,0.01138222766119927,0.011623330621333727,0.9886177723388007,0.9883766693786663
2024-07,Department / Account,G&A / Other OpEx,-31609.75,-31225.97,-383.78,383.78,0.012290410834315153,-0.012290410834315153,0.9877095891656849,0.006745500772159205,0.006689853763102102,0.9932544992278408,0.9933101462368978
2024-07,Department / Account,G&A / Payroll,-565381.05,-564856.11,-524.94,524.94,0.0009293340210128914,-0.0009293340210128914,0.9990706659789871,0.005372729888456958,0.007386236572601241,0.994627270111543,0.9926137634273987
2024-07,Department / Account,G&A / Professional Services,-40374.22,-40259.21,-115.01,115.01,0.0028567376259991195,-0.0028567376259991195,0.9971432623740009,0.007842393943820861,0.009184350693056708,0.9921576060561792,0.9908156493069433
2024-07,Department / Account,G&A / Software,-64639.48,-64950.36,310.88,310.88,0.004786424586407219,0.004786424586407219,0.9952135754135928,0.008218635395770663,0.008240799352668792,0.9917813646042294,0.9917592006473313
2024-07,Department / Account,G&A / Travel,-6998.45,-6944.92,-53.53,53.53,0.0077077921703921715,-0.0077077921703921715,0.9922922078296078,0.0069569169638794,0.006286501486051102,0.9930430830361207,0.9937134985139489
2024-07,Department / Account,Marketing / Facilities,-18169.69,-18010.65,-159.04,159.04,0.008830330943080899,-0.008830330943080899,0.9911696690569191,0.005812886759778479,0.007179861064205789,0.9941871132402215,0.9928201389357941
2024-07,Department / Account,Marketing / Marketing,-59241.37,-59023.69,-217.68,217.68,0.0036880106953665554,-0.0036880106953665554,0.9963119893046335,0.0073538301871188885,0.007972054123521335,0.9926461698128811,0.9920279458764787
2024-07,Department / Account,Marketing / Other OpEx,-21905.44,-21812.55,-92.89,92.89,0.004258557573506995,-0.004258557573506995,0.995741442426493,0.004481457085017342,0.005856750139345865,0.9955185429149825,0.9941432498606542
2024-07,Department / Account,Marketing / Payroll,-410198.50,-408572.13,-1626.37,1626.37,0.003980619040265913,-0.003980619040265913,0.9960193809597341,0.008857443421687984,0.0082793677054008,0.991142556578312,0.9917206322945993
2024-07,Department / Account,Marketing / Professional Services,-28110.48,-27955.52,-154.96,154.96,0.0055430913107679634,-0.0055430913107679634,0.9944569086892321,0.009769286410672286,0.01057160397189018,0.9902307135893277,0.9894283960281097
2024-07,Department / Account,Marketing / Software,-44715.23,-44824.45,109.22,109.22,0.0024366166232937607,0.0024366166232937607,0.9975633833767062,0.00159845775052066,0.001834920119119136,0.9984015422494794,0.9981650798808808
2024-07,Department / Account,Marketing / Travel,-4983.72,-5019.65,35.93,35.93,0.007157869572579762,0.007157869572579762,0.9928421304274202,0.008052968925026422,0.0063988469145517535,0.9919470310749735,0.9936011530854483
2024-07,Department / Account,Sales / Facilities,-53674.19,-53576.59,-97.60,97.60,0.0018216911527963986,-0.0018216911527963986,0.9981783088472036,0.00651375941109767,0.00871779574401812,0.9934862405889023,0.9912822042559819
2024-07,Department / Account,Sales / Marketing,-14032.78,-13987.22,-45.56,45.56,0.003257259126545518,-0.003257259126545518,0.9967427408734545,0.007247797354213299,0.006228379682366833,0.9927522026457867,0.9937716203176331
2024-07,Department / Account,Sales / Other OpEx,-67624.47,-68367.29,742.82,742.82,0.010865137407084589,0.010865137407084589,0.9891348625929154,0.004296812258089797,0.005322435589512109,0.9957031877419102,0.9946775644104879
2024-07,Department / Account,Sales / Payroll,-1225137.27,-1234615.28,9478.01,9478.01,0.00767689348539409,0.00767689348539409,0.9923231065146059,0.00886937978020029,0.008572044035131924,0.9911306202197997,0.991427955964868
2024-07,Department / Account,Sales / Professional Services,-83634.93,-82795.19,-839.74,839.74,0.010142376628400757,-0.010142376628400757,0.9898576233715992,0.009981518418852607,0.008924797030163674,0.9900184815811475,0.9910752029698363
2024-07,Department / Account,Sales / Software,-142175.82,-142472.06,296.24,296.24,0.002079284878733416,0.002079284878733416,0.9979207151212666,0.004737537224191803,0.009075807902960786,0.9952624627758082,0.9909241920970393
2024-07,Department / Account,Sales / Travel,-43573.92,-43252.22,-321.70,321.70,0.0074377685122289676,-0.0074377685122289676,0.992562231487771,0.008589735926489612,0.0054704874391376555,0.9914102640735104,0.9945295125608622
2024-07,Region,Central,2871309.74,2873500.79,-2191.05,2191.05,0.0007625019654161989,-0.0007625019654161989,0.9992374980345838,0.001253835950102873,0.0016653479160344397,0.998746164049897,0.9983346520839657
2024-07,Region,East,2598106.10,2598040.82,65.28,65.28,2.512662599350537e-05,2.512662599350537e-05,0.9999748733740065,0.0003226479017850814,0.0007165393099784163,0.9996773520982148,0.9992834606900217
2024-07,Region,West,3282899.39,3292704.38,-9804.99,9804.99,0.002977792376247272,-0.002977792376247272,0.9970222076237527,0.003342397252850239,0.0033594951676496243,0.9966576027471498,0.9966405048323503
2024-08,Company,Company Total,8535916.28,8542925.25,-7008.97,7008.97,0.0008204414524170161,-0.0008204414524170161,0.999179558547583,0.0013307668103668888,0.0017829364538967899,0.9986692331896331,0.9982170635461033
2024-08,Department / Account,Customer Success / Facilities,-36394.36,-36066.65,-327.71,327.71,0.009086233403989558,-0.009086233403989558,0.9909137665960105,0.01086897263300485,0.0071340987762218274,0.9891310273669952,0.9928659012237783
2024-08,Department / Account,Customer Success / Marketing,-10054.34,-9960.78,-93.56,93.56,0.009392838713434088,-0.009392838713434088,0.9906071612865659,0.012045005865083286,0.009895993587135223,0.9879549941349167,0.9901040064128647
2024-08,Department / Account,Customer Success / Other OpEx,-47765.80,-48010.76,244.96,244.96,0.005102189592499681,0.005102189592499681,0.9948978104075004,0.009258244241102435,0.008298170696953716,0.9907417557588976,0.9917018293030462
2024-08,Department / Account,Customer Success / Payroll,-861255.92,-849521.69,-11734.23,11734.23,0.013812749148288374,-0.013812749148288374,0.9861872508517117,0.007015327694733779,0.008833721044719953,0.9929846723052661,0.9911662789552801
2024-08,Department / Account,Customer Success / Professional Services,-56575.05,-57267.73,692.68,692.68,0.012095468076000216,0.012095468076000216,0.9879045319239997,0.012143750119268428,0.009561878005312082,0.9878562498807315,0.9904381219946878
2024-08,Department / Account,Customer Success / Software,-93274.82,-92277.59,-997.23,997.23,0.010806849203582365,-0.010806849203582365,0.9891931507964177,0.008157201960590362,0.007095783298977756,0.9918427980394097,0.9929042167010222
2024-08,Department / Account,Customer Success / Travel,-29755.59,-30085.45,329.86,329.86,0.010964103910694372,0.010964103910694372,0.9890358960893056,0.009685219134228701,0.010652748914859013,0.9903147808657713,0.9893472510851408
2024-08,Department / Account,Engineering / Facilities,-82863.41,-83164.01,300.60,300.60,0.003614544320313559,0.003614544320313559,0.9963854556796864,0.005778727673427627,0.005739506598169151,0.9942212723265724,0.9942604934018308
2024-08,Department / Account,Engineering / Marketing,-22559.17,-22784.34,225.17,225.17,0.009882665023432761,0.009882665023432761,0.9901173349765673,0.010033507513963714,0.008014538943629112,0.9899664924860363,0.9919854610563709
2024-08,Department / Account,Engineering / Other OpEx,-98273.55,-99128.21,854.66,854.66,0.008621763673529462,0.008621763673529462,0.9913782363264705,0.004532537032887417,0.005777827693480987,0.9954674629671126,0.994222172306519
2024-08,Department / Account,Engineering / Payroll,-1884224.23,-1860885.67,-23338.56,23338.56,0.012541640991840193,-0.012541640991840193,0.9874583590081598,0.005772450467151442,0.006010668771815803,0.9942275495328485,0.9939893312281841
2024-08,Department / Account,Engineering / Professional Services,-130229.11,-128655.99,-1573.12,1573.12,0.012227335858983323,-0.012227335858983323,0.9877726641410167,0.00819693398645271,0.009211646167990374,0.9918030660135472,0.9907883538320096
2024-08,Department / Account,Engineering / Software,-246378.82,-207041.02,-39337.80,39337.80,0.19000002994575665,-0.19000002994575665,0.8099999700542433,0.19000001727330204,0.19000001016231502,0.809999982726698,0.8099999898376851
2024-08,Department / Account,Engineering / Travel,-22489.42,-22388.36,-101.06,101.06,0.004513952786179961,-0.004513952786179961,0.9954860472138201,0.005208414090643386,0.005433915875011165,0.9947915859093567,0.9945660841249889
2024-08,Department / Account,G&A / Facilities,-25792.04,-26116.72,324.68,324.68,0.012431882717278433,0.012431882717278433,0.9875681172827215,0.006508986852374692,0.006893787248002457,0.9934910131476252,0.9931062127519975
2024-08,Department / Account,G&A / Marketing,-6707.96,-6615.72,-92.24,92.24,0.013942548959145791,-0.013942548959145791,0.9860574510408542,0.01341519601204603,0.012270319778445336,0.986584803987954,0.9877296802215546
2024-08,Department / Account,G&A / Other OpEx,-29740.45,-30093.48,353.03,353.03,0.011731112520054177,0.011731112520054177,0.9882688874799458,0.00803086641229374,0.008159681967894638,0.9919691335877062,0.9918403180321054
2024-08,Department / Account,G&A / Payroll,-572727.30,-566245.63,-6481.67,6481.67,0.011446746176213315,-0.011446746176213315,0.9885532538237867,0.004445783600861296,0.007047842655454369,0.9955542163991385,0.9929521573445456
2024-08,Department / Account,G&A / Professional Services,-39803.34,-40142.78,339.44,339.44,0.008455816961356439,0.008455816961356439,0.9915441830386436,0.00697840077548853,0.009328962032091116,0.9930215992245115,0.990671037967909
2024-08,Department / Account,G&A / Software,-63531.83,-63390.79,-141.04,141.04,0.002224928889512183,-0.002224928889512183,0.9977750711104878,0.006362822120448751,0.00610377980580389,0.9936371778795513,0.9938962201941961
2024-08,Department / Account,G&A / Travel,-6718.01,-6640.49,-77.52,77.52,0.011673837322245797,-0.011673837322245797,0.9883261626777542,0.006484518409771617,0.006823803195914146,0.9935154815902284,0.993176196804086
2024-08,Department / Account,Marketing / Facilities,-18903.92,-18935.77,31.85,31.85,0.0016820018409602568,0.0016820018409602568,0.9983179981590398,0.004131488205575687,0.005131605587868953,0.9958685117944244,0.9948683944121312
2024-08,Department / Account,Marketing / Marketing,-63321.66,-64242.66,921.00,921.00,0.01433626814331785,0.01433626814331785,0.9856637318566821,0.010329518693532432,0.00918828375107199,0.9896704813064675,0.9908117162489279
2024-08,Department / Account,Marketing / Other OpEx,-21618.99,-21670.27,51.28,51.28,0.0023663756842900435,0.0023663756842900435,0.99763362431571,0.003383025595012803,0.004721258743946564,0.9966169744049873,0.9952787412560534
2024-08,Department / Account,Marketing / Payroll,-392372.55,-390831.44,-1541.11,1541.11,0.00394315769478525,-0.00394315769478525,0.9960568423052147,0.005547483384669688,0.007370602448896268,0.9944525166153303,0.9926293975511037
2024-08,Department / Account,Marketing / Professional Services,-29385.65,-29244.76,-140.89,140.89,0.004817615189866492,-0.004817615189866492,0.9951823848101335,0.007967525228489964,0.009895721547586592,0.9920324747715101,0.9901042784524133
2024-08,Department / Account,Marketing / Software,-45571.87,-45606.61,34.74,34.74,0.0007617316875777437,0.0007617316875777437,0.9992382683124222,0.0016103484519926832,0.0015131248657689201,0.9983896515480074,0.9984868751342311
2024-08,Department / Account,Marketing / Travel,-5112.03,-5158.44,46.41,46.41,0.008996906041361342,0.008996906041361342,0.9910030939586386,0.009167719430408313,0.006324212116734531,0.9908322805695917,0.9936757878832654
2024-08,Department / Account,Sales / Facilities,-53876.64,-53968.39,91.75,91.75,0.0017000692442372285,0.0017000692442372285,0.9982999307557627,0.004733980588954165,0.007476470591624346,0.9952660194110458,0.9925235294083756
2024-08,Department / Account,Sales / Marketing,-14807.62,-14934.52,126.90,126.90,0.008497092641745432,0.008497092641745432,0.9915029073582545,0.0061022989592346534,0.007279550551101083,0.9938977010407654,0.9927204494488989
2024-08,Department / Account,Sales / Other OpEx,-66646.87,-67294.76,647.89,647.89,0.009627644113746748,0.009627644113746748,0.9903723558862533,0.0074384070878990086,0.006793761588937558,0.992561592912101,0.9932062384110624
2024-08,Department / Account,Sales / Payroll,-1189749.58,-1185947.10,-3802.48,3802.48,0.0032062812919733097,-0.0032062812919733097,0.9967937187080267,0.0060792139714088535,0.00790507043590385,0.9939207860285911,0.9920949295640962
2024-08,Department / Account,Sales / Professional Services,-86081.61,-86877.65,796.04,796.04,0.009162770862241324,0.009162770862241324,0.9908372291377586,0.008480861657506786,0.010157267873990745,0.9915191383424932,0.9898427321260092
2024-08,Department / Account,Sales / Software,-137546.15,-138013.30,467.15,467.15,0.003384818709501186,0.003384818709501186,0.9966151812904989,0.0019516291846071088,0.007491202764273129,0.9980483708153929,0.9925087972357268
2024-08,Department / Account,Sales / Travel,-42538.37,-42870.32,331.95,331.95,0.007743119248934927,0.007743119248934927,0.9922568807510651,0.008827873488624448,0.006707846874732237,0.9911721265113757,0.9932921531252678
2024-08,Region,Central,2811260.19,2811898.00,-637.81,637.81,0.00022682543961409694,-0.00022682543961409694,0.999773174560386,0.0007622627621984585,0.0013373843367033356,0.9992377372378015,0.9986626156632967
2024-08,Region,East,2526526.14,2525533.71,992.43,992.43,0.00039295852439839336,0.00039295852439839336,0.9996070414756016,0.0002343497585380645,0.0005705625843287636,0.999765650241462,0.9994294374156714
2024-08,Region,West,3198129.95,3205493.54,-7363.59,7363.59,0.00229717823733315,-0.00229717823733315,0.9977028217626669,0.0029102419473446997,0.003240839904871543,0.9970897580526552,0.9967591600951285
2024-09,Company,Company Total,8325491.98,8327604.68,-2112.70,2112.70,0.0002536984020235696,-0.0002536984020235696,0.9997463015979764,0.000811812978029693,0.0014318086145180481,0.9991881870219702,0.9985681913854819
2024-09,Department / Account,Customer Success / Facilities,-38354.64,-38443.03,88.39,88.39,0.0022992464433734803,0.0022992464433734803,0.9977007535566266,0.008410119628528431,0.007488374864421271,0.9915898803714716,0.9925116251355788
2024-09,Department / Account,Customer Success / Marketing,-10328.57,-10202.33,-126.24,126.24,0.012373644059739295,-0.012373644059739295,0.9876263559402607,0.011826488019650265,0.010426436378707762,0.9881735119803498,0.9895735636212922
2024-09,Department / Account,Customer Success / Other OpEx,-45362.28,-45795.19,432.91,432.91,0.009453176196015345,0.009453176196015345,0.9905468238039846,0.008620076328656572,0.009386934068161438,0.9913799236713435,0.9906130659318384
2024-09,Department / Account,Customer Success / Payroll,-829839.63,-837333.43,7493.80,7493.80,0.008949600877633657,0.008949600877633657,0.9910503991223664,0.009815132359769956,0.009008201178225499,0.9901848676402301,0.9909917988217747
2024-09,Department / Account,Customer Success / Professional Services,-61506.89,-60663.51,-843.38,843.38,0.013902591524954622,-0.013902591524954622,0.9860974084750453,0.012803519784124862,0.01039840563329667,0.987196480215875,0.9896015943667033
2024-09,Department / Account,Customer Success / Software,-97247.14,-97290.94,43.80,43.80,0.00045019608197844523,0.00045019608197844523,0.9995498039180215,0.004484720629571187,0.005522983998999531,0.9955152793704288,0.9944770160010004
2024-09,Department / Account,Customer Success / Travel,-29898.45,-30086.91,188.46,188.46,0.006263853616074233,0.006263853616074233,0.9937361463839258,0.010023508421554994,0.009667498464596913,0.989976491578445,0.9903325015354031
2024-09,Department / Account,Engineering / Facilities,-86109.67,-86696.37,586.70,586.70,0.006767296024043453,0.006767296024043453,0.9932327039759565,0.005337345534816889,0.006259015737963471,0.994662654465183,0.9937409842620365
2024-09,Department / Account,Engineering / Marketing,-23256.35,-23124.16,-132.19,132.19,0.0057165319734857395,-0.0057165319734857395,0.9942834680265142,0.009985634717999093,0.00784067810088088,0.9900143652820009,0.9921593218991193
2024-09,Department / Account,Engineering / Other OpEx,-103859.37,-105053.84,1194.47,1194.47,0.011370074620784924,0.011370074620784924,0.9886299253792151,0.006708394140724119,0.006911915716493866,0.9932916058592759,0.9930880842835061
2024-09,Department / Account,Engineering / Payroll,-1883176.54,-1855000.53,-28176.01,28176.01,0.015189219379899583,-0.015189219379899583,0.9848107806201004,0.010652343612945496,0.0077035671411202445,0.9893476563870545,0.9922964328588798
2024-09,Department / Account,Engineering / Professional Services,-126706.12,-126006.35,-699.77,699.77,0.005553450282465923,-0.005553450282465923,0.9944465497175341,0.006145886567532914,0.009812617692936804,0.9938541134324671,0.9901873823070634
2024-09,Department / Account,Engineering / Software,-261033.48,-219355.87,-41677.61,41677.61,0.1899999758383489,-0.1899999758383489,0.8100000241616511,0.18999999920273483,0.19000000629567762,0.8100000007972651,0.8099999937043224
2024-09,Department / Account,Engineering / Travel,-23729.40,-24007.86,278.46,278.46,0.011598701425283218,0.011598701425283218,0.9884012985747168,0.005806729751367492,0.007054640322683828,0.9941932702486325,0.9929453596773161
2024-09,Department / Account,G&A / Facilities,-25918.98,-25547.16,-371.82,371.82,0.014554259651562053,-0.014554259651562053,0.9854457403484379,0.01013349504199284,0.007688641533885367,0.9898665049580071,0.9923113584661146
2024-09,Department / Account,G&A / Marketing,-6736.76,-6753.02,16.26,16.26,0.0024078116161361882,0.0024078116161361882,0.9975921883838638,0.009268314916670906,0.010494452205054627,0.990731685083329,0.9895055477949454
2024-09,Department / Account,G&A / Other OpEx,-31906.55,-32194.54,287.99,287.99,0.008945305632569995,0.008945305632569995,0.99105469436743,0.010988942995646442,0.007297990295931847,0.9890110570043534,0.9927020097040682
2024-09,Department / Account,G&A / Payroll,-578448.44,-574281.49,-4166.95,4166.95,0.007255936457224139,-0.007255936457224139,0.9927440635427759,0.006544005551483449,0.007614451124214671,0.9934559944485165,0.9923855488757852
2024-09,Department / Account,G&A / Professional Services,-40062.53,-40288.38,225.85,225.85,0.005605834734481754,0.005605834734481754,0.9943941652655183,0.005639463107279104,0.0082418736914028,0.9943605368927209,0.9917581263085973
2024-09,Department / Account,G&A / Software,-65383.29,-65708.73,325.44,325.44,0.004952766550198125,0.004952766550198125,0.9950472334498018,0.0039880400087058425,0.006841558868644585,0.9960119599912941,0.9931584411313555
2024-09,Department / Account,G&A / Travel,-6672.21,-6665.43,-6.78,6.78,0.001017188688501717,-0.001017188688501717,0.9989828113114982,0.006799606060379895,0.006745395652315959,0.99320039393962,0.9932546043476839
2024-09,Department / Account,Marketing / Facilities,-19525.19,-19769.27,244.08,244.08,0.012346434643261992,0.012346434643261992,0.987653565356738,0.007619589142434382,0.006501450284708087,0.9923804108575656,0.9934985497152918
2024-09,Department / Account,Marketing / Marketing,-64208.75,-64156.72,-52.03,52.03,0.0008109828557320262,-0.0008109828557320262,0.999189017144268,0.0062784205648054765,0.008517792650937316,0.9937215794351945,0.9914822073490628
2024-09,Department / Account,Marketing / Other OpEx,-22877.57,-23148.03,270.46,270.46,0.011683931634787063,0.011683931634787063,0.9883160683652129,0.0061029549641947005,0.005932493526385461,0.9938970450358053,0.9940675064736145
2024-09,Department / Account,Marketing / Payroll,-404032.17,-406121.08,2088.91,2088.91,0.00514356457438752,0.00514356457438752,0.9948564354256125,0.004355780436479561,0.0071065590428173895,0.9956442195635203,0.9928934409571827
2024-09,Department / Account,Marketing / Professional Services,-30097.83,-29837.46,-260.37,260.37,0.00872627897951099,-0.00872627897951099,0.991273721020489,0.006362328493381815,0.00955996970174002,0.9936376715066183,0.99044003029826
2024-09,Department / Account,Marketing / Software,-48459.79,-48426.86,-32.93,32.93,0.000679994531960156,-0.000679994531960156,0.9993200054680399,0.0012927809476105535,0.001359455457359851,0.9987072190523895,0.9986405445426403
2024-09,Department / Account,Marketing / Travel,-5065.22,-5026.82,-38.40,38.40,0.007639024273795362,-0.007639024273795362,0.9923609757262046,0.007931266629245488,0.006982085723512541,0.9920687333707544,0.9930179142764873
2024-09,Department / Account,Sales / Facilities,-55827.62,-56057.51,229.89,229.89,0.004100967024757253,0.004100967024757253,0.9958990329752427,0.00254090914059696,0.006493847800427833,0.9974590908594031,0.9935061521995722
2024-09,Department / Account,Sales / Marketing,-14949.82,-15079.17,129.35,129.35,0.008578058341407385,0.008578058341407385,0.9914219416585927,0.006777470036566112,0.007884119278093784,0.9932225299634339,0.9921158807219063
2024-09,Department / Account,Sales / Other OpEx,-67590.42,-67255.28,-335.14,335.14,0.004983103185355856,-0.004983103185355856,0.9950168968146441,0.008491961568729065,0.00679086194369768,0.991508038431271,0.9932091380563025
2024-09,Department / Account,Sales / Payroll,-1172614.09,-1179021.39,6407.30,6407.30,0.005434422186352362,0.005434422186352362,0.9945655778136476,0.0054391989879065865,0.008297744334371417,0.9945608010120934,0.9917022556656286
2024-09,Department / Account,Sales / Professional Services,-87272.31,-87107.51,-164.80,164.80,0.0018919149451063406,-0.0018919149451063406,0.9981080850548937,0.007065687478582807,0.008224789213727835,0.9929343125214172,0.9917752107862722
2024-09,Department / Account,Sales / Software,-143005.40,-144218.29,1212.89,1212.89,0.008410098330801176,0.008410098330801176,0.9915899016691988,0.004624733973011926,0.0066435331308660785,0.9953752660269881,0.9933564668691339
2024-09,Department / Account,Sales / Travel,-42596.89,-42771.92,175.03,175.03,0.004092170751277942,0.004092170751277942,0.995907829248722,0.006424352837480611,0.007361771613589047,0.9935756471625193,0.9926382283864109
2024-09,Region,Central,2735946.53,2735021.84,924.69,924.69,0.0003380923641911394,0.0003380923641911394,0.9996619076358089,0.0004424732564071451,0.00104449729730145,0.9995575267435929,0.9989555027026985
2024-09,Region,East,2489857.91,2488078.95,1778.96,1778.96,0.000714993388774902,0.000714993388774902,0.9992850066112251,0.00037769284638893355,0.0004938345865947374,0.9996223071536111,0.9995061654134051
2024-09,Region,West,3099687.54,3104503.89,-4816.35,4816.35,0.0015514073007007892,-0.0015514073007007892,0.9984485926992992,0.0022754593047604036,0.002911700503410643,0.9977245406952395,0.9970882994965894
2024-10,Company,Company Total,8315156.60,8312511.90,2644.70,2644.70,0.0003181589430265958,0.0003181589430265958,0.9996818410569734,0.00046409959915572714,0.0011105988793107702,0.9995359004008444,0.9988894011206892
2024-10,Department / Account,Customer Success / Facilities,-39384.38,-39327.77,-56.61,56.61,0.001439440883630066,-0.001439440883630066,0.99856055911637,0.004274973576997701,0.006576279685707519,0.9957250264230023,0.9934237203142926
2024-10,Department / Account,Customer Success / Marketing,-9942.06,-10060.50,118.44,118.44,0.011772774712986432,0.011772774712986432,0.9882272252870136,0.011179752495386606,0.011126758177182401,0.9888202475046134,0.9888732418228176
2024-10,Department / Account,Customer Success / Other OpEx,-45269.13,-45606.12,336.99,336.99,0.007389139878595241,0.007389139878595241,0.9926108601214048,0.007314835222370089,0.009358070364835446,0.9926851647776299,0.9906419296351645
2024-10,Department / Account,Customer Success / Payroll,-822021.88,-822247.53,225.65,225.65,0.0002744307422851121,0.0002744307422851121,0.9997255692577149,0.007678926922735713,0.007462946723792331,0.9923210730772644,0.9925370532762076
2024-10,Department / Account,Customer Success / Professional Services,-59033.70,-59441.15,407.45,407.45,0.006854678955572024,0.006854678955572024,0.993145321044428,0.01095091285217562,0.01040629503790313,0.9890490871478245,0.9895937049620968
2024-10,Department / Account,Customer Success / Software,-100089.36,-99219.15,-870.21,870.21,0.00877058511386159,-0.00877058511386159,0.9912294148861384,0.006675876799807467,0.0064215784409473176,0.9933241232001926,0.9935784215590527
2024-10,Department / Account,Customer Success / Travel,-29306.50,-29313.52,7.02,7.02,0.0002394799396319514,0.0002394799396319514,0.9997605200603681,0.005822479155466852,0.007411313497511742,0.994177520844533,0.9925886865024883
2024-10,Department / Account,Engineering / Facilities,-85969.67,-85949.86,-19.81,19.81,0.00023048321428330423,-0.00023048321428330423,0.9997695167857167,0.003537441186213439,0.0044240069337183495,0.9964625588137865,0.9955759930662818
2024-10,Department / Account,Engineering / Marketing,-23007.71,-22985.86,-21.85,21.85,0.0009505844027589135,-0.0009505844027589135,0.9990494155972411,0.005516593799892472,0.007135012718284487,0.9944834062001076,0.9928649872817156
2024-10,Department / Account,Engineering / Other OpEx,-105907.58,-104581.50,-1326.08,1326.08,0.012679871679025448,-0.012679871679025448,0.9873201283209746,0.010890569991113278,0.006792564998482181,0.9891094300088867,0.9932074350015179
2024-10,Department / Account,Engineering / Payroll,-1855188.84,-1880630.49,25441.65,25441.65,0.013528255622400337,0.013528255622400337,0.9864717443775997,0.01375303866471337,0.008258941040516242,0.9862469613352868,0.9917410589594837
2024-10,Department / Account,Engineering / Professional Services,-131513.64,-129739.97,-1773.67,1773.67,0.01367096046037316,-0.01367096046037316,0.9863290395396268,0.010483915533940803,0.00976355202401898,0.9895160844660592,0.990236447975981
2024-10,Department / Account,Engineering / Software,-256088.89,-215200.74,-40888.15,40888.15,0.19000004368014722,-0.19000004368014722,0.8099999563198528,0.19000001648808426,0.19000000851499035,0.8099999835119158,0.8099999914850097
2024-10,Department / Account,Engineering / Travel,-22865.25,-22724.19,-141.06,141.06,0.006207481982856155,-0.006207481982856155,0.9937925180171439,0.007440045398106444,0.005717277792929003,0.9925599546018935,0.994282722207071
2024-10,Department / Account,G&A / Facilities,-25149.97,-24904.29,-245.68,245.68,0.009864967039815228,-0.009864967039815228,0.9901350329601848,0.012283703136218571,0.00820105570757272,0.9877162968637814,0.9917989442924272
2024-10,Department / Account,G&A / Marketing,-6628.57,-6544.80,-83.77,83.77,0.012799474391883631,-0.012799474391883631,0.9872005256081163,0.009716611655721871,0.01054941965846057,0.990283388344278,0.9894505803415394
2024-10,Department / Account,G&A / Other OpEx,-31861.00,-32084.92,223.92,223.92,0.006978979533064131,0.006978979533064131,0.9930210204669359,0.009218465895229434,0.00798198333369432,0.9907815341047707,0.9920180166663058
2024-10,Department / Account,G&A / Payroll,-563281.34,-567389.93,4108.59,4108.59,0.007241210643269612,0.007241210643269612,0.9927587893567303,0.008647964425569022,0.0070103471570129895,0.991352035574431,0.9929896528429869
2024-10,Department / Account,G&A / Professional Services,-40412.12,-40600.55,188.43,188.43,0.004641070133286371,0.004641070133286371,0.9953589298667136,0.006234240609708188,0.007038317276764524,0.9937657593902918,0.9929616827232355
2024-10,Department / Account,G&A / Software,-64905.31,-65770.62,865.31,865.31,0.0131564823320808,0.0131564823320808,0.9868435176679192,0.006778059257263702,0.007498347326517183,0.9932219407427363,0.992501652673483
2024-10,Department / Account,G&A / Travel,-7163.11,-7213.86,50.75,50.75,0.0070350686040483185,0.0070350686040483185,0.9929649313959517,0.00657536487159861,0.006766140917739006,0.9934246351284014,0.993233859082261
2024-10,Department / Account,Marketing / Facilities,-18774.34,-18643.75,-130.59,130.59,0.007004492122024807,-0.007004492122024807,0.9929955078779752,0.007010976202082352,0.006411931480930415,0.9929890237979176,0.9935880685190696
2024-10,Department / Account,Marketing / Marketing,-62166.89,-61365.00,-801.89,801.89,0.013067546647111546,-0.013067546647111546,0.9869324533528885,0.009404932548720475,0.00837938136791968,0.9905950674512796,0.9916206186320803
2024-10,Department / Account,Marketing / Other OpEx,-21975.95,-22183.22,207.27,207.27,0.009343548862608764,0.009343548862608764,0.9906564511373912,0.007797952060561958,0.006139704572789649,0.992202047939438,0.9938602954272103
2024-10,Department / Account,Marketing / Payroll,-416662.24,-414121.44,-2540.80,2540.80,0.006135398350783287,-0.006135398350783287,0.9938646016492168,0.005074040206652019,0.006965741814170001,0.9949259597933479,0.9930342581858301
2024-10,Department / Account,Marketing / Professional Services,-29649.91,-30009.08,359.17,359.17,0.011968710803530132,0.011968710803530132,0.9880312891964699,0.00850420165763587,0.00913674403415408,0.9914957983423641,0.9908632559658459
2024-10,Department / Account,Marketing / Software,-46405.02,-46038.54,-366.48,366.48,0.007960287185475473,-0.007960287185475473,0.9920397128145245,0.003134004468337791,0.0023662311094292256,0.9968659955316622,0.9976337688905709
2024-10,Department / Account,Marketing / Travel,-5281.35,-5273.72,-7.63,7.63,0.001446796568646041,-0.001446796568646041,0.998553203431354,0.006027575627934247,0.007040272276480335,0.9939724243720658,0.9929597277235196
2024-10,Department / Account,Sales / Facilities,-55820.40,-56199.10,378.70,378.70,0.006738542076296595,0.006738542076296595,0.9932614579237034,0.004179859448430359,0.005346809429764014,0.9958201405515696,0.9946531905702359
2024-10,Department / Account,Sales / Marketing,-14936.06,-14713.85,-222.21,222.21,0.015102097683475093,-0.015102097683475093,0.9848979023165249,0.010725749555542638,0.008986773454877967,0.9892742504444573,0.9910132265451219
2024-10,Department / Account,Sales / Other OpEx,-69764.14,-70483.53,719.39,719.39,0.010206497886811288,0.010206497886811288,0.9897935021131887,0.008272415061971296,0.006284613660030546,0.9917275849380287,0.9937153863399696
2024-10,Department / Account,Sales / Payroll,-1263954.22,-1271791.97,7837.75,7837.75,0.006162761037090052,0.006162761037090052,0.99383723896291,0.004934488171805241,0.006901933976002765,0.9950655118281948,0.9930980660239972
2024-10,Department / Account,Sales / Professional Services,-87114.87,-87544.13,429.26,429.26,0.004903355599056155,0.004903355599056155,0.9950966444009438,0.00531934713546794,0.007650432777160275,0.994680652864532,0.9923495672228397
2024-10,Department / Account,Sales / Software,-137154.87,-137427.23,272.36,272.36,0.0019818488664873767,0.0019818488664873767,0.9980181511335127,0.0045922553022632465,0.004664896263227524,0.9954077446977369,0.9953351037367725
2024-10,Department / Account,Sales / Travel,-43619.69,-43443.70,-175.99,175.99,0.004050990132055972,-0.004050990132055972,0.995949009867944,0.00529542671075628,0.006942581318622946,0.9947045732892438,0.9930574186813771
2024-10,Region,Central,2735727.02,2733332.27,2394.75,2394.75,0.0008761283896158003,0.0008761283896158003,0.9991238716103842,0.00048034873114034555,0.0008670923406216092,0.9995196512688597,0.9991329076593783
2024-10,Region,East,2457256.51,2454852.42,2404.09,2404.09,0.0009793216001147639,0.0009793216001147639,0.9990206783998853,0.0006957578377626865,0.0005092028697738839,0.9993042421622373,0.9994907971302261
2024-10,Region,West,3122173.07,3124327.21,-2154.14,2154.14,0.0006894732386240684,-0.0006894732386240684,0.9993105267613759,0.0015126862588860028,0.0024275417558681203,0.998487313741114,0.9975724582441319
2024-11,Company,Company Total,8368484.87,8360768.84,7716.03,7716.03,0.0009228852211634642,0.0009228852211634642,0.9990771147788365,0.0004982475220712099,0.0009145071662190494,0.9995017524779288,0.999085492833781
2024-11,Department / Account,Customer Success / Facilities,-36815.43,-36756.52,-58.91,58.91,0.0016027088527423162,-0.0016027088527423162,0.9983972911472577,0.0017804653932486207,0.006324719013126735,0.9982195346067514,0.9936752809868734
2024-11,Department / Account,Customer Success / Marketing,-9831.43,-9726.96,-104.47,104.47,0.010740251836133799,-0.010740251836133799,0.9892597481638662,0.011628890202953176,0.01183694803401823,0.9883711097970468,0.9881630519659818
2024-11,Department / Account,Customer Success / Other OpEx,-45924.13,-45746.02,-178.11,178.11,0.003893453463273964,-0.003893453463273964,0.996106546536726,0.00691192317929485,0.008085083710198643,0.9930880768207052,0.9919149162898014
2024-11,Department / Account,Customer Success / Payroll,-833252.27,-826940.90,-6311.37,6311.37,0.0076321899182879935,-0.0076321899182879935,0.992367810081712,0.005618740512735587,0.006317034103734683,0.9943812594872644,0.9936829658962653
2024-11,Department / Account,Customer Success / Professional Services,-57924.50,-58560.48,635.98,635.98,0.010860225189411016,0.010860225189411016,0.989139774810589,0.010539165223312554,0.01134145767129049,0.9894608347766874,0.9886585423287094
2024-11,Department / Account,Customer Success / Software,-97237.51,-97065.26,-172.25,172.25,0.001774579288202597,-0.001774579288202597,0.9982254207117974,0.003665120161347544,0.005911161060968954,0.9963348798386525,0.9940888389390311
2024-11,Department / Account,Customer Success / Travel,-30581.53,-31018.22,436.69,436.69,0.014078499668904275,0.014078499668904275,0.9859215003310957,0.0068606110748701534,0.008272915104549427,0.99313938892513,0.9917270848954507
2024-11,Department / Account,Engineering / Facilities,-82410.57,-81485.24,-925.33,925.33,0.011355798915239128,-0.011355798915239128,0.9886442010847609,0.006117859384521962,0.005948293528974795,0.993882140615478,0.9940517064710254
2024-11,Department / Account,Engineering / Marketing,-21706.28,-21973.09,266.81,266.81,0.012142579855632503,0.012142579855632503,0.9878574201443675,0.006269898743959053,0.008151703128961383,0.993730101256041,0.9918482968710386
2024-11,Department / Account,Engineering / Other OpEx,-102507.57,-102072.37,-435.20,435.20,0.004263641571171513,-0.004263641571171513,0.9957363584288285,0.009437862623660628,0.006985199828274022,0.9905621373763394,0.9930148001717259
2024-11,Department / Account,Engineering / Payroll,-1859248.71,-1872983.04,13734.33,13734.33,0.007332864049852795,0.007332864049852795,0.9926671359501472,0.012016779684050904,0.008894615075601174,0.987983220315949,0.9911053849243988
2024-11,Department / Account,Engineering / Professional Services,-126682.32,-127123.94,441.62,441.62,0.003473932604669113,0.003473932604669113,0.9965260673953309,0.007566114449169398,0.007881524217811055,0.9924338855508306,0.9921184757821889
2024-11,Department / Account,Engineering / Software,-254590.86,-213941.90,-40648.96,40648.96,0.18999999532583378,-0.18999999532583378,0.8100000046741662,0.19000000494810998,0.190000011110706,0.8099999950518901,0.809999988889294
2024-11,Department / Account,Engineering / Travel,-22825.64,-22633.69,-191.95,191.95,0.008480720554182725,-0.008480720554182725,0.9915192794458173,0.008762301320774032,0.006985357705708709,0.991237698679226,0.9930146422942913
2024-11,Department / Account,G&A / Facilities,-26542.26,-26573.34,31.08,31.08,0.001169593284096015,0.001169593284096015,0.998830406715904,0.008529606658491099,0.007519296755432895,0.9914703933415089,0.992480703244567
2024-11,Department / Account,G&A / Marketing,-7052.83,-7072.67,19.84,19.84,0.002805164103513949,0.002805164103513949,0.997194835896486,0.006004150037177923,0.009709673024611976,0.993995849962822,0.990290326975388
2024-11,Department / Account,G&A / Other OpEx,-32137.38,-32256.89,119.51,119.51,0.0037049448970437014,0.0037049448970437014,0.9962950551029564,0.006543076687559276,0.007286971549926508,0.9934569233124407,0.9927130284500736
2024-11,Department / Account,G&A / Payroll,-585956.95,-579365.36,-6591.59,6591.59,0.01137725942054941,-0.01137725942054941,0.9886227405794505,0.008624802173681055,0.006535292887271175,0.9913751978263189,0.9934647071127287
2024-11,Department / Account,G&A / Professional Services,-39650.89,-39704.67,53.78,53.78,0.0013545006166780886,0.0013545006166780886,0.9986454993833219,0.0038671351614820715,0.005422767968485301,0.9961328648385179,0.9945772320315148
2024-11,Department / Account,G&A / Software,-65581.24,-64989.03,-592.21,592.21,0.00911246097995308,-0.00911246097995308,0.9908875390200469,0.009073903287410668,0.007718362703929709,0.9909260967125894,0.9922816372960703
2024-11,Department / Account,G&A / Travel,-6723.44,-6756.36,32.92,32.92,0.004872446110035582,0.004872446110035582,0.9951275538899644,0.0043082344675285395,0.005396376438650077,0.9956917655324714,0.9946036235613499
2024-11,Department / Account,Marketing / Facilities,-19352.56,-19206.76,-145.80,145.80,0.00759107730819774,-0.00759107730819774,0.9924089226918023,0.008980668024494846,0.006556078115035267,0.9910193319755051,0.9934439218849648
2024-11,Department / Account,Marketing / Marketing,-61789.11,-61285.01,-504.10,504.10,0.00822550245157829,-0.00822550245157829,0.9917744975484217,0.007368010651473955,0.008848764672503192,0.992631989348526,0.9911512353274968
2024-11,Department / Account,Marketing / Other OpEx,-22328.17,-22158.32,-169.85,169.85,0.0076652923145798055,-0.0076652923145798055,0.9923347076854202,0.009564257603991877,0.00647364159950234,0.9904357423960081,0.9935263584004977
2024-11,Department / Account,Marketing / Payroll,-428154.85,-430990.92,2836.07,2836.07,0.006580347446762916,0.006580347446762916,0.993419652553237,0.005953103457311241,0.005750293420990465,0.9940468965426889,0.9942497065790095
2024-11,Department / Account,Marketing / Professional Services,-28648.81,-28912.02,263.21,263.21,0.00910382602114968,0.00910382602114968,0.9908961739788503,0.009932938601396935,0.00895023191494345,0.990067061398603,0.9910497680850566
2024-11,Department / Account,Marketing / Software,-49131.78,-48496.72,-635.06,635.06,0.013094906212213937,-0.013094906212213937,0.986905093787786,0.007245062643216523,0.004427705547604603,0.9927549373567834,0.9955722944523954
2024-11,Department / Account,Marketing / Travel,-5046.45,-5119.34,72.89,72.89,0.014238163513265381,0.014238163513265381,0.9857618364867347,0.007774661451902261,0.008471190441155288,0.9922253385480978,0.9915288095588446
2024-11,Department / Account,Sales / Facilities,-54939.91,-55483.68,543.77,543.77,0.009800539546043088,0.009800539546043088,0.9901994604539569,0.006880016215698979,0.005806998402326572,0.9931199837843009,0.9941930015976733
2024-11,Department / Account,Sales / Marketing,-15233.11,-15420.32,187.21,187.21,0.012140474387042553,0.012140474387042553,0.9878595256129574,0.011940210137308343,0.009021254548271499,0.9880597898626916,0.9909787454517286
2024-11,Department / Account,Sales / Other OpEx,-68718.11,-68715.01,-3.10,3.10,4.5113869589773764e-05,-4.5113869589773764e-05,0.9999548861304103,0.005078238313918973,0.006258322700908991,0.994921761686081,0.993741677299091
2024-11,Department / Account,Sales / Payroll,-1261874.61,-1258831.75,-3042.86,3042.86,0.0024172094483635325,-0.0024172094483635325,0.9975827905516365,0.004671464223935316,0.005375339097672085,0.9953285357760647,0.9946246609023278
2024-11,Department / Account,Sales / Professional Services,-87388.83,-86981.44,-407.39,407.39,0.004683642855303384,-0.004683642855303384,0.9953163571446966,0.0038263044664886264,0.006153583061997706,0.9961736955335114,0.9938464169380022
2024-11,Department / Account,Sales / Software,-136451.46,-136862.26,410.80,410.80,0.0030015579166966845,0.0030015579166966845,0.9969984420833033,0.004464501704661746,0.0032080654446344273,0.9955354982953383,0.9967919345553655
2024-11,Department / Account,Sales / Travel,-42763.19,-42717.02,-46.17,46.17,0.0010808338222095082,-0.0010808338222095082,0.9989191661777905,0.0030746649018478073,0.005951269195236127,0.9969253350981523,0.994048730804764
2024-11,Region,Central,2746420.44,2742595.58,3824.86,3824.86,0.0013946132006819613,0.0013946132006819613,0.998605386799318,0.0008696113181629671,0.0008159370401807127,0.999130388681837,0.9991840629598193
2024-11,Region,East,2493939.99,2490876.30,3063.69,3063.69,0.0012299647316890046,0.0012299647316890046,0.998770035268311,0.0009747599068595569,0.0006045548326988106,0.9990252400931404,0.9993954451673014
2024-11,Region,West,3128124.44,3127296.96,827.48,827.48,0.00026459911245524956,0.00026459911245524956,0.9997354008875448,0.0008351598839267024,0.0018727009156357009,0.9991648401160732,0.9981272990843643
2024-12,Company,Company Total,8497295.76,8485853.58,11442.18,11442.18,0.001348382916595174,0.001348382916595174,0.9986516170834048,0.0008631423602617447,0.0008374776691457189,0.9991368576397383,0.9991625223308542
2024-12,Department / Account,Customer Success / Facilities,-36909.41,-37141.11,231.70,231.70,0.006238370366421466,0.006238370366421466,0.9937616296335785,0.003093506700931283,0.005751813164729856,0.9969064932990687,0.9942481868352702
2024-12,Department / Account,Customer Success / Marketing,-10372.53,-10497.09,124.56,124.56,0.011866145760396452,0.011866145760396452,0.9881338542396035,0.011459724103172227,0.011643106061411246,0.9885402758968277,0.9883568939385888
2024-12,Department / Account,Customer Success / Other OpEx,-47735.25,-47331.24,-404.01,404.01,0.008535800033973334,-0.008535800033973334,0.9914641999660266,0.006606131125280847,0.00761310372696871,0.9933938688747191,0.9923868962730312
2024-12,Department / Account,Customer Success / Payroll,-839673.45,-851808.15,12134.70,12134.70,0.014245813449894791,0.014245813449894791,0.9857541865501052,0.007384144703489299,0.008599638531629627,0.9926158552965108,0.9914003614683704
2024-12,Department / Account,Customer Success / Professional Services,-57763.90,-57794.22,30.32,30.32,0.0005246199360420471,0.0005246199360420471,0.999475380063958,0.006079841360341696,0.009441680572233279,0.9939201586396583,0.9905583194277666
2024-12,Department / Account,Customer Success / Software,-99409.66,-98027.44,-1382.22,1382.22,0.014100337619752183,-0.014100337619752183,0.9858996623802478,0.008215167340605456,0.006349943985088321,0.9917848326593944,0.9936500560149119
2024-12,Department / Account,Customer Success / Travel,-29047.39,-28726.64,-320.75,320.75,0.011165594027007683,-0.011165594027007683,0.9888344059729923,0.008494524545181304,0.00925901648336815,0.9915054754548187,0.990740983516632
2024-12,Department / Account,Engineering / Facilities,-84831.68,-85543.74,712.06,712.06,0.008323928787775704,0.008323928787775704,0.9916760712122243,0.006636736972432712,0.0059870412536248,0.9933632630275673,0.9940129587463752
2024-12,Department / Account,Engineering / Marketing,-22675.05,-22779.91,104.86,104.86,0.004603178853647798,0.004603178853647798,0.9953968211463522,0.005898781037346405,0.007942207877672748,0.9941012189626536,0.9920577921223273
2024-12,Department / Account,Engineering / Other OpEx,-105507.66,-104824.01,-683.65,683.65,0.006521883679130382,-0.006521883679130382,0.9934781163208696,0.007821798976442447,0.007265096558583283,0.9921782010235575,0.9927349034414168
2024-12,Department / Account,Engineering / Payroll,-1883153.80,-1883172.45,18.65,18.65,9.903500871627556e-06,9.903500871627556e-06,0.9999900964991284,0.00695700772437492,0.008804675668660208,0.9930429922756252,0.9911953243313397
2024-12,Department / Account,Engineering / Professional Services,-127984.85,-128711.29,726.44,726.44,0.005643949338088369,0.005643949338088369,0.9943560506619117,0.007596280801043548,0.00687108368428823,0.9924037191989564,0.9931289163157118
2024-12,Department / Account,Engineering / Software,-265381.03,-223009.27,-42371.76,42371.76,0.18999999417064592,-0.18999999417064592,0.810000005829354,0.19000001105887565,0.19000000513080526,0.8099999889411243,0.8099999948691948
2024-12,Department / Account,Engineering / Travel,-22934.21,-22809.96,-124.25,124.25,0.005447181845123797,-0.005447181845123797,0.9945528181548762,0.006711794794054225,0.006259262272710859,0.9932882052059459,0.993740737727289
2024-12,Department / Account,G&A / Facilities,-25696.40,-25557.20,-139.20,139.20,0.005446606044480615,-0.005446606044480615,0.9945533939555193,0.005493722122797286,0.007813608582395064,0.9945062778772028,0.9921863914176049
2024-12,Department / Account,G&A / Marketing,-7133.92,-7203.89,69.97,69.97,0.009712807941265066,0.009712807941265066,0.9902871920587349,0.008439148812220883,0.008853731864445893,0.9915608511877791,0.991146268135554
2024-12,Department / Account,G&A / Other OpEx,-31657.98,-31291.74,-366.24,366.24,0.011704047138318291,-0.011704047138318291,0.9882959528616817,0.007462657189475375,0.009225800092560908,0.9925373428105247,0.9907741999074391
2024-12,Department / Account,G&A / Payroll,-591496.14,-592424.78,928.64,928.64,0.0015675238972954508,0.0015675238972954508,0.9984324761027046,0.006728664653704824,0.006636335102594136,0.9932713353462952,0.993363664897406
2024-12,Department / Account,G&A / Professional Services,-41359.00,-41795.31,436.31,436.31,0.010439209566815034,0.010439209566815034,0.989560790433185,0.005478260105593165,0.005558861606436135,0.9945217398944068,0.9944411383935639
2024-12,Department / Account,G&A / Software,-65739.35,-66093.65,354.30,354.30,0.005360575486449909,0.005360575486449909,0.9946394245135501,0.009209839599494596,0.0065989398041002185,0.9907901604005055,0.9934010601958997
2024-12,Department / Account,G&A / Travel,-7272.06,-7188.65,-83.41,83.41,0.011603013083124092,-0.011603013083124092,0.9883969869168759,0.00783684259906933,0.007318224329724613,0.9921631574009306,0.9926817756702754
2024-12,Department / Account,Marketing / Facilities,-18432.12,-18494.47,62.35,62.35,0.00337127800904811,0.00337127800904811,0.9966287219909519,0.005988949146423553,0.006804269144428967,0.9940110508535764,0.9931957308555711
2024-12,Department / Account,Marketing / Marketing,-61967.29,-62135.59,168.30,168.30,0.0027085926117382973,0.0027085926117382973,0.9972914073882617,0.008000547236809378,0.007139483900807427,0.9919994527631907,0.9928605160991926
2024-12,Department / Account,Marketing / Other OpEx,-23805.03,-24043.55,238.52,238.52,0.00992033206410867,0.00992033206410867,0.9900796679358913,0.008976391080432413,0.0075396730223135575,0.9910236089195675,0.9924603269776865
2024-12,Department / Account,Marketing / Payroll,-421676.35,-420217.64,-1458.71,1458.71,0.0034713202425295615,-0.0034713202425295615,0.9965286797574704,0.005395688680025255,0.004875734558252408,0.9946043113199746,0.9951242654417475
2024-12,Department / Account,Marketing / Professional Services,-29177.58,-29266.33,88.75,88.75,0.003032495020728598,0.003032495020728598,0.9969675049792714,0.008035010615136137,0.007198669554258976,0.9919649893848638,0.992801330445741
2024-12,Department / Account,Marketing / Software,-50174.89,-50428.95,254.06,254.06,0.005037979176643575,0.005037979176643575,0.9949620208233564,0.008697724191444328,0.004995252569527441,0.9913022758085557,0.9950047474304725
2024-12,Department / Account,Marketing / Travel,-5006.70,-5024.70,18.00,18.00,0.0035823034210997673,0.0035823034210997673,0.9964176965789002,0.006422421167670397,0.007176843898457942,0.9935775788323297,0.9928231561015419
2024-12,Department / Account,Sales / Facilities,-55822.24,-56627.64,805.40,805.40,0.014222736458732873,0.014222736458732873,0.9857772635412672,0.010253939360357518,0.006397424250477239,0.9897460606396424,0.9936025757495228
2024-12,Department / Account,Sales / Marketing,-14216.33,-14107.30,-109.03,109.03,0.007728622769771679,-0.007728622769771679,0.9922713772302283,0.011657064946763109,0.009217267491664611,0.9883429350532369,0.9907827325083353
2024-12,Department / Account,Sales / Other OpEx,-68698.47,-69606.99,908.52,908.52,0.01305213743619714,0.01305213743619714,0.9869478625638028,0.007767916397532733,0.0081299389831309,0.9922320836024673,0.991870061016869
2024-12,Department / Account,Sales / Payroll,-1243051.20,-1234528.04,-8523.16,8523.16,0.006903982513025787,-0.006903982513025787,0.9930960174869742,0.00516131766615979,0.005300258327033188,0.9948386823338402,0.9946997416729668
2024-12,Department / Account,Sales / Professional Services,-84612.86,-83650.43,-962.43,962.43,0.011505380187525635,-0.011505380187525635,0.9884946198124743,0.007030792880628391,0.007048240179605599,0.9929692071193715,0.9929517598203944
2024-12,Department / Account,Sales / Software,-137046.76,-136267.53,-779.23,779.23,0.0057183835356816115,-0.0057183835356816115,0.9942816164643183,0.0035672634396218907,0.004095998706316909,0.9964327365603781,0.9959040012936832
2024-12,Department / Account,Sales / Travel,-43453.38,-43546.92,93.54,93.54,0.0021480279202294905,0.0021480279202294905,0.9978519720797705,0.002426617291498323,0.004425485064489467,0.9975733827085017,0.9955745149355105
2024-12,Region,Central,2795282.87,2790675.12,4607.75,4607.75,0.0016511237610489034,0.0016511237610489034,0.9983488762389511,0.0013072884504488885,0.0008748808534280167,0.9986927115495511,0.999125119146572
2024-12,Region,East,2518792.78,2515627.39,3165.39,3165.39,0.0012582904815645213,0.0012582904815645213,0.9987417095184354,0.00115585893778943,0.0007667758920891816,0.9988441410622105,0.9992332241079108
2024-12,Region,West,3183220.11,3179551.07,3669.04,3669.04,0.0011539490699232582,0.0011539490699232582,0.9988460509300767,0.0007026738070008588,0.0014890665558806313,0.9992973261929992,0.9985109334441192
2025-01,Company,Company Total,10402376.76,10524138.32,-121761.56,121761.56,0.011569741512101297,-0.011569741512101297,0.9884302584878987,0.004613669883286645,0.0025388847412211864,0.9953863301167134,0.9974611152587789
2025-01,Department / Account,Customer Success / Facilities,-39507.49,-39384.03,-123.46,123.46,0.0031347731555150652,-0.0031347731555150652,0.996865226844485,0.0036586174582262823,0.003966795517611992,0.9963413825417738,0.9960332044823881
2025-01,Department / Account,Customer Success / Marketing,-9896.41,-9810.25,-86.16,86.16,0.008782650798909305,-0.008782650798909305,0.9912173492010907,0.010463016131813184,0.010821384313599894,0.9895369838681868,0.9891786156864001
2025-01,Department / Account,Customer Success / Other OpEx,-46372.62,-45803.56,-569.06,569.06,0.012423925127217185,-0.012423925127217185,0.9875760748727828,0.008284392874821495,0.007799614048595791,0.9917156071251786,0.9922003859514041
2025-01,Department / Account,Customer Success / Payroll,-825765.91,-837246.72,11480.81,11480.81,0.013712576861453694,0.013712576861453694,0.9862874231385463,0.011863526743212158,0.009771226832973936,0.9881364732567879,0.9902287731670261
2025-01,Department / Account,Customer Success / Professional Services,-60418.05,-60668.46,250.41,250.41,0.004127515351469281,0.004127515351469281,0.9958724846485307,0.005170786825640781,0.0080608498389082,0.9948292131743592,0.9919391501610918
2025-01,Department / Account,Customer Success / Software,-97632.25,-97555.61,-76.64,76.64,0.0007856032062123336,-0.0007856032062123336,0.9992143967937877,0.005553506704722371,0.006114691752264919,0.9944464932952778,0.9938853082477351
2025-01,Department / Account,Customer Success / Travel,-29002.51,-29018.33,15.82,15.82,0.0005451726546634489,0.0005451726546634489,0.9994548273453365,0.008596422116858468,0.007209450636162661,0.9914035778831415,0.9927905493638373
2025-01,Department / Account,Engineering / Facilities,-82915.28,-83532.67,617.39,617.39,0.007391000431328246,0.007391000431328246,0.9926089995686718,0.009023576044781026,0.006280508615497231,0.9909764239552189,0.9937194913845029
2025-01,Department / Account,Engineering / Marketing,-22329.63,-22276.75,-52.88,52.88,0.002373775348738034,-0.002373775348738034,0.9976262246512619,0.006373178019339444,0.0059448859096159585,0.9936268219806607,0.994055114090384
2025-01,Department / Account,Engineering / Other OpEx,-100733.14,-101275.21,542.07,542.07,0.005352445085031174,0.005352445085031174,0.9946475549149688,0.005379323445111023,0.00813494671811215,0.994620676554889,0.9918650532818879
2025-01,Department / Account,Engineering / Payroll,-1880866.72,-1893828.16,12961.44,12961.44,0.006844042281006108,0.006844042281006108,0.9931559577189939,0.004728936610576843,0.009240987637645108,0.9952710633894233,0.9907590123623549
2025-01,Department / Account,Engineering / Professional Services,-128354.22,-128510.66,156.44,156.44,0.0012173309202520631,0.0012173309202520631,0.9987826690797479,0.0034450709543365145,0.006964493244138659,0.9965549290456636,0.9930355067558615
2025-01,Department / Account,Engineering / Software,-254090.13,-213521.12,-40569.01,40569.01,0.18999998688654313,-0.18999998688654313,0.8100000131134568,0.18999999212767427,0.19000000430787925,0.8100000078723258,0.8099999956921208
2025-01,Department / Account,Engineering / Travel,-22176.97,-22464.98,288.01,288.01,0.012820398682749774,0.012820398682749774,0.9871796013172502,0.008916100360685431,0.008178072879395938,0.9910838996393144,0.9918219271206041
2025-01,Department / Account,G&A / Facilities,-26477.72,-26369.01,-108.71,108.71,0.004122642450361238,-0.004122642450361238,0.9958773575496388,0.0035796139263126227,0.007931658531265597,0.9964203860736873,0.9920683414687343
2025-01,Department / Account,G&A / Marketing,-6608.27,-6576.87,-31.40,31.40,0.004774307535347361,-0.004774307535347361,0.9952256924646526,0.005764093193375459,0.007740352424548665,0.9942359068066245,0.9922596475754513
2025-01,Department / Account,G&A / Other OpEx,-32296.79,-32528.43,231.64,231.64,0.007121155247886233,0.007121155247886233,0.9928788447521137,0.007510049094416074,0.008364257494822754,0.9924899509055839,0.9916357425051773
2025-01,Department / Account,G&A / Payroll,-590409.90,-593884.44,3474.54,3474.54,0.005850532133827248,0.005850532133827248,0.9941494678661728,0.0062651051505573695,0.007456534788063195,0.9937348948494426,0.9925434652119368
2025-01,Department / Account,G&A / Professional Services,-40539.11,-41009.76,470.65,470.65,0.01147653631720839,0.01147653631720839,0.9885234636827916,0.007756748833567171,0.006995494721637679,0.9922432511664329,0.9930045052783623
2025-01,Department / Account,G&A / Software,-68209.81,-68369.98,160.17,160.17,0.002342694849406128,0.002342694849406128,0.9976573051505939,0.005605243771936372,0.0061916515146000365,0.9943947562280636,0.9938083484854
2025-01,Department / Account,G&A / Travel,-7029.78,-7087.06,57.28,57.28,0.008082335975707839,0.008082335975707839,0.9919176640242922,0.008185931722955836,0.007380648297277224,0.9918140682770442,0.9926193517027229
2025-01,Department / Account,Marketing / Facilities,-18538.67,-18265.82,-272.85,272.85,0.014937736165143422,-0.014937736165143422,0.9850622638348566,0.008633363827463091,0.007822170014772721,0.991366636172537,0.9921778299852272
2025-01,Department / Account,Marketing / Marketing,-61932.16,-62076.68,144.52,144.52,0.0023280884222545407,0.0023280884222545407,0.9976719115777455,0.004420727828523709,0.006912830188622092,0.9955792721714763,0.9930871698113779
2025-01,Department / Account,Marketing / Other OpEx,-22777.67,-22920.80,143.13,143.13,0.006244546438169698,0.006244546438169698,0.9937554535618303,0.007943390272286058,0.007870671166424007,0.9920566097277139,0.9921293288335759
2025-01,Department / Account,Marketing / Payroll,-411180.58,-415300.11,4119.53,4119.53,0.009919405029774732,0.009919405029774732,0.9900805949702253,0.006657024239689069,0.005865532223170544,0.9933429757603109,0.9941344677768292
2025-01,Department / Account,Marketing / Professional Services,-29282.08,-28853.48,-428.60,428.60,0.014854360721826276,-0.014854360721826276,0.9851456392781737,0.008996893921234851,0.00875054778943536,0.9910031060787651,0.9912494522105647
2025-01,Department / Account,Marketing / Software,-47261.59,-47050.43,-211.16,211.16,0.004487950482067858,-0.004487950482067858,0.9955120495179322,0.007540278623641791,0.005337141545989791,0.9924597213763583,0.9946628584540104
2025-01,Department / Account,Marketing / Travel,-5138.71,-5214.32,75.61,75.61,0.014500452599763729,0.014500452599763729,0.9854995474002363,0.010773639844709625,0.008400607736321937,0.9892263601552904,0.991599392263678
2025-01,Department / Account,Sales / Facilities,-55372.41,-55948.75,576.34,576.34,0.010301213163832973,0.010301213163832973,0.9896987868361671,0.01144149638953631,0.007810677918983335,0.9885585036104637,0.9921893220810167
2025-01,Department / Account,Sales / Marketing,-15000.47,-15051.57,51.10,51.10,0.003394994674974106,0.003394994674974106,0.9966050053250259,0.007754697277262779,0.009240223416402708,0.9922453027227371,0.9907597765835972
2025-01,Department / Account,Sales / Other OpEx,-65760.04,-66651.32,891.28,891.28,0.013372278298464305,0.013372278298464305,0.9866277217015357,0.008823176534750406,0.008547795798360852,0.9911768234652496,0.991452204201639
2025-01,Department / Account,Sales / Payroll,-1209443.88,-1217444.52,8000.64,8000.64,0.006571667019372678,0.006571667019372678,0.9934283329806273,0.005297619660254,0.00511605391602962,0.994702380339746,0.9948839460839703
2025-01,Department / Account,Sales / Professional Services,-87227.96,-88019.16,791.20,791.20,0.008988951950916141,0.008988951950916141,0.9910110480490839,0.008392658331248387,0.006856002733358163,0.9916073416687515,0.9931439972666419
2025-01,Department / Account,Sales / Software,-136589.10,-137739.12,1150.02,1150.02,0.008349261996156212,0.008349261996156212,0.9916507380038437,0.005689734482844835,0.0051409948925540405,0.9943102655171551,0.994859005107446
2025-01,Department / Account,Sales / Travel,-41602.99,-42038.43,435.44,435.44,0.010358141348285367,0.010358141348285367,0.9896418586517146,0.0045290010302414556,0.004912213870498868,0.9954709989697585,0.9950877861295012
2025-01,Region,Central,3355462.89,3362752.69,-7289.80,7289.80,0.002167807350709457,-0.002167807350709457,0.9978321926492906,0.0017378481041467738,0.0011090984176435597,0.9982621518958532,0.9988909015823563
2025-01,Region,East,3048923.18,3053112.61,-4189.43,4189.43,0.0013721832553041666,-0.0013721832553041666,0.9986278167446958,0.001286812822852564,0.0009912853303076254,0.9987131871771474,0.9990087146696923
2025-01,Region,West,3997990.69,4108273.02,-110282.33,110282.33,0.0268439632573397,-0.0268439632573397,0.9731560367426603,0.009420837146572736,0.005466761702729369,0.9905791628534272,0.9945332382972706
2025-02,Company,Company Total,10675992.76,10903821.86,-227829.10,227829.10,0.020894426094374953,-0.020894426094374953,0.979105573905625,0.01127085017435714,0.005884548848214176,0.9887291498256428,0.9941154511517859
2025-02,Department / Account,Customer Success / Facilities,-38074.55,-38263.31,188.76,188.76,0.004933185341257722,0.004933185341257722,0.9950668146587422,0.004768776287731417,0.003274620840490019,0.9952312237122686,0.99672537915951
2025-02,Department / Account,Customer Success / Marketing,-10003.33,-10141.47,138.14,138.14,0.01362129947630866,0.01362129947630866,0.9863787005236914,0.011423365345204807,0.01152612777407899,0.9885766346547952,0.9884738722259211
2025-02,Department / Account,Customer Success / Other OpEx,-47923.97,-48469.61,545.64,545.64,0.011257363118869742,0.011257363118869742,0.9887426368811303,0.010739029426686753,0.008825476302990801,0.9892609705733132,0.9911745236970092
2025-02,Department / Account,Customer Success / Payroll,-875324.69,-884475.65,9150.96,9150.96,0.010346197772657731,0.010346197772657731,0.9896538022273422,0.012768196028002074,0.00919346827036883,0.9872318039719978,0.9908065317296312
2025-02,Department / Account,Customer Success / Professional Services,-62135.81,-61565.42,-570.39,570.39,0.009264778832013166,-0.009264778832013166,0.9907352211679868,0.004638971373174831,0.007589068298243694,0.9953610286268252,0.9924109317017563
2025-02,Department / Account,Customer Success / Software,-95243.98,-95922.62,678.64,678.64,0.0070748693061136155,0.0070748693061136155,0.9929251306938864,0.0073202700440260435,0.0054926951026867945,0.9926797299559741,0.9945073048973132
2025-02,Department / Account,Customer Success / Travel,-31215.28,-30848.80,-366.48,366.48,0.011879878633852857,-0.011879878633852857,0.9881201213661471,0.007863548438507997,0.007362079756689076,0.992136451561492,0.992637920243311
2025-02,Department / Account,Engineering / Facilities,-82729.29,-83823.31,1094.02,1094.02,0.013051500829542522,0.013051500829542522,0.9869484991704575,0.00958881001621549,0.007853334700368727,0.9904111899837845,0.9921466652996314
2025-02,Department / Account,Engineering / Marketing,-22819.78,-22615.16,-204.62,204.62,0.009047912992877345,-0.009047912992877345,0.9909520870071227,0.005341622398421058,0.005805760571190056,0.994658377601579,0.9941942394288099
2025-02,Department / Account,Engineering / Other OpEx,-100359.10,-100148.76,-210.34,210.34,0.0021002756299728525,-0.0021002756299728525,0.9978997243700272,0.00465820146471147,0.007048032044186049,0.9953417985352885,0.992951967955814
2025-02,Department / Account,Engineering / Payroll,-1939408.19,-1919043.46,-20364.73,20364.73,0.010611917043296143,-0.010611917043296143,0.9893880829567039,0.00582195427505796,0.008919366979554432,0.9941780457249422,0.9910806330204455
2025-02,Department / Account,Engineering / Professional Services,-133034.13,-131795.23,-1238.90,1238.90,0.009400188459020862,-0.009400188459020862,0.9905998115409791,0.005420489572453765,0.006493302010811581,0.9945795104275463,0.9935066979891883
2025-02,Department / Account,Engineering / Software,-253730.36,-213218.79,-40511.57,40511.57,0.18999999953099816,-0.18999999953099816,0.8100000004690018,0.18999999352939576,0.18999999923875288,0.8100000064706042,0.8100000007612472
2025-02,Department / Account,Engineering / Travel,-22905.74,-22955.83,50.09,50.09,0.0021820165073534697,0.0021820165073534697,0.9978179834926465,0.00681653234507568,0.007789416832924855,0.9931834676549243,0.9922105831670752
2025-02,Department / Account,G&A / Facilities,-26063.19,-25727.19,-336.00,336.00,0.013060112666793381,-0.013060112666793381,0.9869398873332066,0.007543120387211745,0.008036363522851421,0.9924568796127882,0.9919636364771486
2025-02,Department / Account,G&A / Marketing,-6572.30,-6510.10,-62.20,62.20,0.009554384725273037,-0.009554384725273037,0.990445615274727,0.008013833400628488,0.007008991718903204,0.9919861665993714,0.9929910082810967
2025-02,Department / Account,G&A / Other OpEx,-32433.91,-32609.92,176.01,176.01,0.005397437344219182,0.005397437344219182,0.9946025626557808,0.008074213243474569,0.007308644965516924,0.9919257867565254,0.992691355034483
2025-02,Department / Account,G&A / Payroll,-584662.41,-581556.64,-3105.77,3105.77,0.005340442850072178,-0.005340442850072178,0.9946595571499278,0.004252832960398293,0.006438817567039674,0.9957471670396018,0.9935611824329603
2025-02,Department / Account,G&A / Professional Services,-39041.41,-39021.91,-19.50,19.50,0.0004997192602822362,-0.0004997192602822362,0.9995002807397178,0.007471821714768553,0.0056694784381253124,0.9925281782852314,0.9943305215618747
2025-02,Department / Account,G&A / Software,-67794.34,-68451.82,657.48,657.48,0.009605003928310452,0.009605003928310452,0.9903949960716896,0.005769424754722163,0.007421664021066415,0.9942305752452779,0.9925783359789335
2025-02,Department / Account,G&A / Travel,-7114.29,-7210.50,96.21,96.21,0.013343041397961306,0.013343041397961306,0.9866569586020387,0.011009463485597745,0.007658848976563143,0.9889905365144022,0.9923411510234369
2025-02,Department / Account,Marketing / Facilities,-19669.59,-19476.75,-192.84,192.84,0.00990103585043706,-0.00990103585043706,0.9900989641495629,0.00940335000820953,0.00919200901635219,0.9905966499917905,0.9908079909836477
2025-02,Department / Account,Marketing / Marketing,-61931.39,-61797.86,-133.53,133.53,0.0021607544338914,-0.0021607544338914,0.9978392455661086,0.0023991451559614127,0.004883577903717683,0.9976008548440386,0.9951164220962823
2025-02,Department / Account,Marketing / Other OpEx,-22854.72,-23111.61,256.89,256.89,0.011115192753771805,0.011115192753771805,0.9888848072462282,0.009093357085350058,0.009328807344670967,0.9909066429146499,0.9906711926553289
2025-02,Department / Account,Marketing / Payroll,-425563.71,-430841.04,5277.33,5277.33,0.01224890275076859,0.01224890275076859,0.9877510972492314,0.008546542674357628,0.007249823065834435,0.9914534573256425,0.9927501769341656
2025-02,Department / Account,Marketing / Professional Services,-29647.90,-29549.19,-98.71,98.71,0.003340531500186638,-0.003340531500186638,0.9966594684998134,0.007075795747580505,0.00850436717448872,0.9929242042524195,0.9914956328255112
2025-02,Department / Account,Marketing / Software,-48891.07,-48658.30,-232.77,232.77,0.004783767620323768,-0.004783767620323768,0.9952162323796763,0.004769899093011734,0.006007480868114128,0.9952301009069883,0.9939925191318859
2025-02,Department / Account,Marketing / Travel,-5058.69,-5049.98,-8.71,8.71,0.0017247593059774497,-0.0017247593059774497,0.9982752406940225,0.006602505108946982,0.007188583280424622,0.993397494891053,0.9928114167195754
2025-02,Department / Account,Sales / Facilities,-53540.85,-53208.61,-332.24,332.24,0.006244102223305589,-0.006244102223305589,0.9937558977766944,0.010256017281957144,0.008568016748828062,0.9897439827180429,0.9914319832511719
2025-02,Department / Account,Sales / Marketing,-14090.08,-14123.79,33.71,33.71,0.002386753130710666,0.002386753130710666,0.9976132468692893,0.0045034568584854835,0.008221833497896913,0.9954965431415145,0.9917781665021032
2025-02,Department / Account,Sales / Other OpEx,-66572.60,-67404.34,831.74,831.74,0.012339561517848851,0.012339561517848851,0.9876604384821511,0.012921325750836765,0.008999782032377869,0.9870786742491632,0.9910002179676222
2025-02,Department / Account,Sales / Payroll,-1245778.75,-1256836.90,11058.15,11058.15,0.008798396991686034,0.008798396991686034,0.991201603008314,0.0074246821746948325,0.006048073199315073,0.9925753178253052,0.9939519268006848
2025-02,Department / Account,Sales / Professional Services,-86463.20,-85381.78,-1081.42,1081.42,0.012665699871799347,-0.012665699871799347,0.9873343001282007,0.011053344003413706,0.007439824234951167,0.9889466559965863,0.9925601757650488
2025-02,Department / Account,Sales / Software,-145254.55,-146199.15,944.60,944.60,0.006461049876144971,0.006461049876144971,0.9935389501238551,0.006842898469327598,0.005653700086994672,0.9931571015306724,0.9943462999130053
2025-02,Department / Account,Sales / Travel,-44065.63,-43945.97,-119.66,119.66,0.0027228890385170698,-0.0027228890385170698,0.997277110961483,0.005076352769010643,0.004075508835429225,0.9949236472309894,0.9959244911645708
2025-02,Region,Central,3476355.64,3483942.56,-7586.92,7586.92,0.002177682286472599,-0.002177682286472599,0.9978223177135274,0.0019988711327436535,0.00143424122545331,0.9980011288672563,0.9985657587745468
2025-02,Region,East,3136150.60,3139984.23,-3833.63,3833.63,0.0012209074056400595,-0.0012209074056400595,0.9987790925943599,0.0012837937141695825,0.0011292768105145698,0.9987162062858305,0.9988707231894853
2025-02,Region,West,4063486.52,4279895.07,-216408.55,216408.55,0.050563984971715666,-0.050563984971715666,0.9494360150282843,0.02618729909965954,0.013511229491793121,0.9738127009003404,0.9864887705082067
2025-03,Company,Company Total,10878129.53,11216797.70,-338668.17,338668.17,0.03019294624525501,-0.03019294624525501,0.969807053754745,0.02088570461724375,0.01087442348875275,0.9791142953827562,0.9891255765112472
2025-03,Department / Account,Customer Success / Facilities,-39034.36,-39150.13,115.77,115.77,0.002957078303443692,0.002957078303443692,0.9970429216965563,0.003675012266738827,0.0033842594838350546,0.9963249877332613,0.9966157405161647
2025-03,Department / Account,Customer Success / Marketing,-10652.76,-10766.62,113.86,113.86,0.010575278035260833,0.010575278035260833,0.9894247219647392,0.010993076103492932,0.011226400103332581,0.9890069238965071,0.9887735998966675
2025-03,Department / Account,Customer Success / Other OpEx,-48640.22,-49130.99,490.77,490.77,0.009989011009141074,0.009989011009141074,0.9900109889908589,0.011223433085076,0.008914782105178423,0.988776566914924,0.9910852178948216
2025-03,Department / Account,Customer Success / Payroll,-856850.12,-861967.09,5116.97,5116.97,0.005936386736064367,0.005936386736064367,0.9940636132639357,0.009998387123391931,0.008691265913440613,0.990001612876608,0.9913087340865593
2025-03,Department / Account,Customer Success / Professional Services,-59484.14,-59601.49,117.35,117.35,0.0019689105087809045,0.0019689105087809045,0.9980310894912191,0.0051204015640877835,0.005600121462214739,0.9948795984359121,0.9943998785377852
2025-03,Department / Account,Customer Success / Software,-99196.36,-97945.57,-1250.79,1250.79,0.01277025596971869,-0.01277025596971869,0.9872297440302813,0.006876909494014881,0.007546038417310168,0.9931230905059851,0.9924539615826897
2025-03,Department / Account,Customer Success / Travel,-29175.78,-28836.32,-339.46,339.46,0.011771959806244348,-0.011771959806244348,0.9882280401937557,0.008065670364920218,0.008280097455050761,0.9919343296350798,0.9917199025449491
2025-03,Department / Account,Engineering / Facilities,-88002.00,-87419.36,-582.64,582.64,0.006664885215357331,-0.006664885215357331,0.9933351147846426,0.009035795492076034,0.007836266232254373,0.990964204507924,0.9921637337677457
2025-03,Department / Account,Engineering / Marketing,-22741.81,-22750.78,8.97,8.97,0.0003942721963818384,0.0003942721963818384,0.9996057278036181,0.003938653512665739,0.004918717275006072,0.9960613464873344,0.995081282724994
2025-03,Department / Account,Engineering / Other OpEx,-104467.35,-104945.16,477.81,477.81,0.004552949368984715,0.004552949368984715,0.9954470506310152,0.004001890027996247,0.005911844502219348,0.9959981099720038,0.9940881554977806
2025-03,Department / Account,Engineering / Payroll,-1949863.22,-1957567.43,7704.21,7704.21,0.003935603893859227,0.003935603893859227,0.9960643961061407,0.007130521072720493,0.007043764398547706,0.9928694789272795,0.9929562356014522
2025-03,Department / Account,Engineering / Professional Services,-131814.92,-132705.77,890.85,890.85,0.006712971108942739,0.006712971108942739,0.9932870288910572,0.0057768301627385546,0.006686555481891052,0.9942231698372614,0.993313444518109
2025-03,Department / Account,Engineering / Software,-269534.96,-226499.96,-43035.00,43035.00,0.19000003355408981,-0.19000003355408981,0.8099999664459102,0.19000000665721037,0.19000000885804302,0.8099999933427896,0.8099999911419569
2025-03,Department / Account,Engineering / Travel,-23934.95,-23842.35,-92.60,92.60,0.0038838453424263966,-0.0038838453424263966,0.9961161546575736,0.00629542017750988,0.006503607485782052,0.9937045798224902,0.9934963925142181
2025-03,Department / Account,G&A / Facilities,-26500.20,-26617.80,117.60,117.60,0.004418096161215427,0.004418096161215427,0.9955819038387845,0.0072002837594566825,0.006347002941126984,0.9927997162405434,0.9936529970588731
2025-03,Department / Account,G&A / Marketing,-6594.95,-6574.35,-20.60,20.60,0.003133389612661328,-0.003133389612661328,0.9968666103873387,0.005820693957760575,0.0071299213849907285,0.9941793060422395,0.9928700786150094
2025-03,Department / Account,G&A / Other OpEx,-31780.19,-32214.16,433.97,433.97,0.013471405121226195,0.013471405121226195,0.9865285948787738,0.008663332571110537,0.008062994880292955,0.9913366674288895,0.9919370051197071
2025-03,Department / Account,G&A / Payroll,-558378.27,-553954.13,-4424.14,4424.14,0.007986473537077881,-0.007986473537077881,0.9920135264629221,0.00639248284032577,0.006560573747015297,0.9936075171596742,0.9934394262529848
2025-03,Department / Account,G&A / Professional Services,-41483.70,-40975.91,-507.79,507.79,0.012392403243759564,-0.012392403243759564,0.9876075967562404,0.008122886273750064,0.006800573189671613,0.99187711372625,0.9931994268103285
2025-03,Department / Account,G&A / Software,-65941.60,-65609.16,-332.44,332.44,0.005066975404044191,-0.005066975404044191,0.9949330245959558,0.005671558060586924,0.007440698830040758,0.994328441939413,0.9925593011699593
2025-03,Department / Account,G&A / Travel,-6751.92,-6745.96,-5.96,5.96,0.000883491749135779,-0.000883491749135779,0.9991165082508642,0.007436289707601642,0.007636566153335485,0.9925637102923984,0.9923634338466645
2025-03,Department / Account,Marketing / Facilities,-19364.54,-19094.38,-270.16,270.16,0.014148665733058629,-0.014148665733058629,0.9858513342669414,0.012995812582879704,0.00949238086465163,0.9870041874171203,0.9905076191353483
2025-03,Department / Account,Marketing / Marketing,-63799.26,-64559.54,760.28,760.28,0.011776416002964085,0.011776416002964085,0.9882235839970359,0.005421752953036675,0.006711150094923027,0.9945782470469634,0.993288849905077
2025-03,Department / Account,Marketing / Other OpEx,-23238.03,-22993.92,-244.11,244.11,0.010616284652638612,-0.010616284652638612,0.9893837153473614,0.009325341281526706,0.00915086618097956,0.9906746587184733,0.9908491338190205
2025-03,Department / Account,Marketing / Payroll,-408817.64,-409290.91,473.27,473.27,0.0011563169091637047,0.0011563169091637047,0.9988436830908363,0.0077748748965690085,0.006585281788297133,0.992225125103431,0.9934147182117029
2025-03,Department / Account,Marketing / Professional Services,-30812.73,-31053.20,240.47,240.47,0.0077438074014916335,0.0077438074014916335,0.9922561925985084,0.00864623320783485,0.008340621911485492,0.9913537667921651,0.9916593780885145
2025-03,Department / Account,Marketing / Software,-50365.34,-49883.33,-482.01,482.01,0.009662747053975747,-0.009662747053975747,0.9903372529460243,0.00631148838545579,0.0075046062884500594,0.9936885116145442,0.9924953937115499
2025-03,Department / Account,Marketing / Travel,-5331.76,-5282.04,-49.72,49.72,0.009413029814238439,-0.009413029814238439,0.9905869701857616,0.008546080573326538,0.007484250870498467,0.9914539194266734,0.9925157491295016
2025-03,Department / Account,Sales / Facilities,-54593.85,-54654.65,60.80,60.80,0.0011124396551803002,0.0011124396551803002,0.9988875603448197,0.00588591834743962,0.008069928853898569,0.9941140816525604,0.9919300711461014
2025-03,Department / Account,Sales / Marketing,-15304.41,-15481.47,177.06,177.06,0.011436898434063432,0.011436898434063432,0.9885631015659365,0.005739548746582735,0.00869830684667292,0.9942604512534173,0.9913016931533271
2025-03,Department / Account,Sales / Other OpEx,-69394.05,-69386.15,-7.90,7.90,0.00011385557492381405,-0.00011385557492381405,0.9998861444250762,0.008608565130412324,0.008188240763972529,0.9913914348695876,0.9918117592360276
2025-03,Department / Account,Sales / Payroll,-1251806.20,-1266990.41,15184.21,15184.21,0.011984471137394008,0.011984471137394008,0.988015528862606,0.009118178382817574,0.007139748024488682,0.9908818216171825,0.9928602519755113
2025-03,Department / Account,Sales / Professional Services,-87732.62,-86743.13,-989.49,989.49,0.011407128149514549,-0.011407128149514549,0.9885928718504855,0.011020593324076679,0.009025693102352534,0.9889794066759233,0.9909743068976476
2025-03,Department / Account,Sales / Software,-141974.75,-142279.41,304.66,304.66,0.0021412796131218144,0.0021412796131218144,0.9978587203868782,0.0056505304951409985,0.004608896967381444,0.994349469504859,0.9953911030326186
2025-03,Department / Account,Sales / Travel,-42420.52,-41802.89,-617.63,617.63,0.014774815808189339,-0.014774815808189339,0.9852251841918107,0.009285282064997258,0.0058559496782477904,0.9907147179350027,0.9941440503217523
2025-03,Region,Central,3551022.45,3559042.21,-8019.76,8019.76,0.002253347818541326,-0.002253347818541326,0.9977466521814586,0.0021996124852411273,0.0017534504678450079,0.9978003875147587,0.998246549532155
2025-03,Region,East,3176812.62,3180440.88,-3628.26,3628.26,0.0011408041013483642,-0.0011408041013483642,0.9988591958986517,0.0012446315874308635,0.001200245262610147,0.9987553684125693,0.9987997547373898
2025-03,Region,West,4150294.46,4477314.61,-327020.15,327020.15,0.07303935025463847,-0.07303935025463847,0.9269606497453615,0.05014909949456461,0.02542588665078273,0.9498509005054355,0.9745741133492173
2025-04,Company,Company Total,10977776.78,11425260.58,-447483.80,447483.80,0.03916617891265636,-0.03916617891265636,0.9608338210873436,0.03008451708409544,0.017349093483691045,0.9699154829159045,0.982650906516309
2025-04,Department / Account,Customer Success / Facilities,-37974.87,-38424.94,450.07,450.07,0.011712965589536379,0.011712965589536379,0.9882870344104636,0.006534409744745932,0.005096513601486107,0.993465590255254,0.9949034863985139
2025-04,Department / Account,Customer Success / Marketing,-10544.18,-10662.01,117.83,117.83,0.011051387121190094,0.011051387121190094,0.9889486128788099,0.011749321544253196,0.011106168838033191,0.9882506784557469,0.9888938311619668
2025-04,Department / Account,Customer Success / Other OpEx,-48151.54,-47521.50,-630.04,630.04,0.01325799901097398,-0.01325799901097398,0.986742000989026,0.011501457712994932,0.009892925293908212,0.9884985422870051,0.9901070747060919
2025-04,Department / Account,Customer Success / Payroll,-861245.57,-855304.69,-5940.88,5940.88,0.0069459223940418246,-0.0069459223940418246,0.9930540776059582,0.007742835634254641,0.0098031811887334,0.9922571643657454,0.9901968188112665
2025-04,Department / Account,Customer Success / Professional Services,-61132.90,-61555.70,422.80,422.80,0.006868575940164762,0.006868575940164762,0.9931314240598352,0.006034088426986277,0.00560243762631353,0.9939659115730137,0.9943975623736865
2025-04,Department / Account,Customer Success / Software,-102251.33,-102250.46,-0.87,0.87,8.50851917927802e-06,-8.50851917927802e-06,0.9999914914808207,0.0066178779316705275,0.006085692318196449,0.9933821220683295,0.9939143076818037
2025-04,Department / Account,Customer Success / Travel,-30912.45,-30577.24,-335.21,335.21,0.010962729141021229,-0.010962729141021229,0.9890372708589787,0.011538189193706144,0.010067305655282306,0.9884618108062938,0.9899326943447176
2025-04,Department / Account,Engineering / Facilities,-83066.88,-84309.39,1242.51,1242.51,0.01473750432780975,0.01473750432780975,0.9852624956721903,0.011484630124236533,0.01025410308450878,0.9885153698757634,0.9897458969154912
2025-04,Department / Account,Engineering / Marketing,-23881.95,-23987.32,105.37,105.37,0.004392737496310551,0.004392737496310551,0.9956072625036895,0.004611640895189911,0.005492409457264678,0.99538835910481,0.9945075905427353
2025-04,Department / Account,Engineering / Other OpEx,-107111.56,-106407.06,-704.50,704.50,0.006620801288937031,-0.006620801288937031,0.993379198711063,0.0044246754292982,0.004901999437204611,0.9955753245707019,0.9950980005627953
2025-04,Department / Account,Engineering / Payroll,-1929716.82,-1922311.61,-7405.21,7405.21,0.003852242249111735,-0.003852242249111735,0.9961477577508883,0.006133254395422369,0.005431095502999607,0.9938667456045777,0.9945689044970004
2025-04,Department / Account,Engineering / Professional Services,-132323.34,-132732.56,409.22,409.22,0.00308304156870025,0.00308304156870025,0.9969169584312998,0.006398733712221283,0.004921902333278899,0.9936012662877788,0.995078097666721
2025-04,Department / Account,Engineering / Software,-260242.12,-218690.85,-41551.27,41551.27,0.19000003886765265,-0.19000003886765265,0.8099999611323474,0.1900000239842469,0.1900000080559606,0.8099999760157531,0.8099999919440394
2025-04,Department / Account,Engineering / Travel,-23770.55,-23471.99,-298.56,298.56,0.012719841819973508,-0.012719841819973508,0.9872801581800265,0.006261901223251125,0.007589000791968278,0.9937380987767489,0.9924109992080316
2025-04,Department / Account,G&A / Facilities,-25311.35,-25265.48,-45.87,45.87,0.0018155206233960329,-0.0018155206233960329,0.9981844793766039,0.006431243150468281,0.005005428538390451,0.9935687568495317,0.9949945714616094
2025-04,Department / Account,G&A / Marketing,-6836.67,-6867.14,30.47,30.47,0.004437072784303217,0.004437072784303217,0.9955629272156968,0.005708282374079194,0.005736187783727326,0.9942917176259208,0.9942638122162726
2025-04,Department / Account,G&A / Other OpEx,-31979.35,-32245.08,265.73,265.73,0.008240947146045226,0.008240947146045226,0.9917590528539548,0.009036596537163535,0.008273322815789805,0.9909634034628366,0.9917266771842103
2025-04,Department / Account,G&A / Payroll,-585752.72,-594257.66,8504.94,8504.94,0.014311872732107484,0.014311872732107484,0.9856881272678926,0.009212929706419182,0.007739017428488276,0.9907870702935808,0.9922609825715117
2025-04,Department / Account,G&A / Professional Services,-39025.02,-39445.89,420.87,420.87,0.010669552645408685,0.010669552645408685,0.9893304473545913,0.007853891716483494,0.007805320275025333,0.9921461082835165,0.9921946797249747
2025-04,Department / Account,G&A / Software,-64309.05,-64065.92,-243.13,243.13,0.0037949974026752443,-0.0037949974026752443,0.9962050025973248,0.006155658911676629,0.005880451341806499,0.9938443410883234,0.9941195486581935
2025-04,Department / Account,G&A / Travel,-7288.79,-7363.58,74.79,74.79,0.010156744409648569,0.010156744409648569,0.9898432555903515,0.008127759185581885,0.00815684545426886,0.9918722408144182,0.9918431545457311
2025-04,Department / Account,Marketing / Facilities,-19355.19,-19271.39,-83.80,83.80,0.004348414930111425,-0.004348414930111425,0.9956515850698886,0.009466038837869038,0.009049701332666063,0.990533961162131,0.9909502986673339
2025-04,Department / Account,Marketing / Marketing,-60553.52,-60002.98,-550.54,550.54,0.009175210964522094,-0.009175210964522094,0.9908247890354779,0.007704127133792526,0.006062427481158118,0.9922958728662074,0.993937572518842
2025-04,Department / Account,Marketing / Other OpEx,-22303.74,-22542.22,238.48,238.48,0.010579259717986959,0.010579259717986959,0.989420740282013,0.010770245708132458,0.009356817990209258,0.9892297542918675,0.9906431820097907
2025-04,Department / Account,Marketing / Payroll,-407223.31,-407265.13,41.82,41.82,0.00010268495120119909,0.00010268495120119909,0.9998973150487988,0.004502634870377832,0.005579829555033451,0.9954973651296221,0.9944201704449664
2025-04,Department / Account,Marketing / Professional Services,-29148.95,-28861.18,-287.77,287.77,0.00997083279339237,-0.00997083279339237,0.9900291672066076,0.007018390565023547,0.0080076422431292,0.9929816094349765,0.9919923577568707
2025-04,Department / Account,Marketing / Software,-48564.51,-48384.97,-179.54,179.54,0.003710656429052245,-0.003710656429052245,0.9962893435709478,0.006052390367783919,0.006796334495712855,0.9939476096322161,0.9932036655042872
2025-04,Department / Account,Marketing / Travel,-5106.99,-5068.75,-38.24,38.24,0.007544266337854501,-0.007544266337854501,0.9924557336621455,0.006227351819356797,0.008500495832033212,0.9937726481806431,0.991499504167967
2025-04,Department / Account,Sales / Facilities,-53200.58,-53525.33,324.75,324.75,0.006067220884018837,0.006067220884018837,0.9939327791159812,0.0044745875875015755,0.007958041988518943,0.9955254124124985,0.9920419580114812
2025-04,Department / Account,Sales / Marketing,-14615.10,-14464.54,-150.56,150.56,0.01040890342866071,-0.01040890342866071,0.9895910965713393,0.008077518331144937,0.007916107804203857,0.9919224816688551,0.9920838921957961
2025-04,Department / Account,Sales / Other OpEx,-67303.43,-67000.75,-302.68,302.68,0.004517561370581673,-0.004517561370581673,0.9954824386294183,0.005656992821118113,0.007240084677934259,0.9943430071788818,0.9927599153220656
2025-04,Department / Account,Sales / Payroll,-1199749.28,-1186480.57,-13268.71,13268.71,0.011183250982357004,-0.011183250982357004,0.988816749017643,0.01065537303714568,0.007976496348699841,0.9893446269628544,0.9920235036513002
2025-04,Department / Account,Sales / Professional Services,-84949.37,-85184.72,235.35,235.35,0.002762819435222655,0.002762819435222655,0.9972371805647774,0.008945215818845517,0.008668937075046951,0.9910547841811544,0.991331062924953
2025-04,Department / Account,Sales / Software,-137751.90,-136367.27,-1384.63,1384.63,0.010153682771533083,-0.010153682771533083,0.9898463172284669,0.00625200408693329,0.005970869284889063,0.9937479959130667,0.9940291307151109
2025-04,Department / Account,Sales / Travel,-41960.75,-41495.83,-464.92,464.92,0.011204017367528255,-0.011204017367528255,0.9887959826324717,0.009567240738078221,0.007048120884159838,0.9904327592619216,0.9929518791158403
2025-04,Region,Central,3549106.20,3556148.10,-7041.90,7041.90,0.001980204367753975,-0.001980204367753975,0.9980197956322461,0.0021370781575893003,0.0019374631308680366,0.9978629218424108,0.9980625368691319
2025-04,Region,East,3222576.56,3225518.75,-2942.19,2942.19,0.0009121602532925905,-0.0009121602532925905,0.9990878397467075,0.001091290586760338,0.001189051704806451,0.9989087094132397,0.9988109482951936
2025-04,Region,West,4206094.02,4643593.73,-437499.71,437499.71,0.09421575948247307,-0.09421575948247307,0.9057842405175269,0.07260636490294241,0.04101360102475757,0.9273936350970576,0.9589863989752425
2025-05,Company,Company Total,10903498.59,11449236.06,-545737.47,545737.47,0.04766584138365647,-0.04766584138365647,0.9523341586163435,0.039008322180522616,0.025139586177439877,0.9609916778194774,0.9748604138225602
2025-05,Department / Account,Customer Success / Facilities,-38860.94,-38438.65,-422.29,422.29,0.010986077814907652,-0.010986077814907652,0.9890139221850923,0.008552040569295908,0.0066604084285136625,0.9914479594307041,0.9933395915714863
2025-05,Department / Account,Customer Success / Marketing,-10179.43,-10154.69,-24.74,24.74,0.002436312679165981,-0.002436312679165981,0.997563687320834,0.008020992611872302,0.009722178978538555,0.9919790073881277,0.9902778210214613
2025-05,Department / Account,Customer Success / Other OpEx,-49825.66,-50408.57,582.91,582.91,0.011563708313883928,0.011563708313883928,0.988436291686116,0.011603572777999662,0.011171301102343207,0.9883964272220004,0.9888286988976568
2025-05,Department / Account,Customer Success / Payroll,-842040.11,-835571.89,-6468.22,6468.22,0.007741069412950213,-0.007741069412950213,0.9922589305870498,0.006874459514352134,0.009821327771177104,0.9931255404856478,0.9901786722288229
2025-05,Department / Account,Customer Success / Professional Services,-62955.42,-62191.04,-764.38,764.38,0.012290838037119172,-0.012290838037119172,0.9877091619628808,0.007042774828688279,0.0058408731009315555,0.9929572251713118,0.9941591268990685
2025-05,Department / Account,Customer Success / Software,-100503.43,-101206.29,702.86,702.86,0.006944825267283289,0.006944825267283289,0.9930551747327168,0.006574529918727086,0.006947399981376564,0.9934254700812729,0.9930526000186234
2025-05,Department / Account,Customer Success / Travel,-30137.35,-30382.57,245.22,245.22,0.008071074961729702,0.008071074961729702,0.9919289250382703,0.010268587969665092,0.009066068204086545,0.9897314120303348,0.9909339317959135
2025-05,Department / Account,Engineering / Facilities,-87562.34,-87007.44,-554.90,554.90,0.006377615523454086,-0.006377615523454086,0.9936223844765459,0.009260001688873722,0.009424405852544606,0.9907399983111262,0.9905755941474554
2025-05,Department / Account,Engineering / Marketing,-23567.52,-23506.09,-61.43,61.43,0.0026133653023535605,-0.0026133653023535605,0.9973866346976464,0.0024667916650153165,0.0039042070317181874,0.9975332083349847,0.9960957929682818
2025-05,Department / Account,Engineering / Other OpEx,-104945.66,-103877.14,-1068.52,1068.52,0.010286382547690473,-0.010286382547690473,0.9897136174523096,0.007153377735204074,0.005905789599957772,0.9928466222647959,0.9940942104000423
2025-05,Department / Account,Engineering / Payroll,-1932316.76,-1910322.55,-21994.21,21994.21,0.011513348884459328,-0.011513348884459328,0.9884866511155407,0.006433731675810097,0.0061278429754340275,0.9935662683241899,0.993872157024566
2025-05,Department / Account,Engineering / Professional Services,-130241.67,-128821.42,-1420.25,1420.25,0.011024952216797486,-0.011024952216797486,0.9889750477832026,0.006940321631480159,0.0061804056019669614,0.9930596783685198,0.9938195943980331
2025-05,Department / Account,Engineering / Software,-264681.70,-222421.60,-42260.10,42260.10,0.1899999820161351,-0.1899999820161351,0.8100000179838649,0.1900000181459592,0.19000000583767748,0.8099999818540408,0.8099999941623225
2025-05,Department / Account,Engineering / Travel,-23412.98,-23170.63,-242.35,242.35,0.010459361700566622,-0.010459361700566622,0.9895406382994334,0.009021016287655509,0.007918774316365595,0.9909789837123446,0.9920812256836343
2025-05,Department / Account,G&A / Facilities,-26019.43,-25918.95,-100.48,100.48,0.0038767002521321275,-0.0038767002521321275,0.9961232997478678,0.003370105678914529,0.005456613033063137,0.9966298943210855,0.9945433869669369
2025-05,Department / Account,G&A / Marketing,-7071.08,-7091.08,20.00,20.00,0.002820444840560253,0.002820444840560253,0.9971795551594398,0.0034636357458415995,0.005738734573235044,0.9965363642541584,0.9942612654267649
2025-05,Department / Account,G&A / Other OpEx,-30864.09,-30718.10,-145.99,145.99,0.004752572587497274,-0.004752572587497274,0.9952474274125027,0.00882164161825623,0.008447927430865402,0.9911783583817438,0.9915520725691346
2025-05,Department / Account,G&A / Payroll,-573685.17,-569552.24,-4132.93,4132.93,0.007256454649357538,-0.007256454649357538,0.9927435453506425,0.009851600306180968,0.007052216633289629,0.990148399693819,0.9929477833667105
2025-05,Department / Account,G&A / Professional Services,-41782.73,-41520.34,-262.39,262.39,0.006319553259920319,-0.006319553259920319,0.9936804467400797,0.009793836383029523,0.008632829048899037,0.9902061636169704,0.991367170951101
2025-05,Department / Account,G&A / Software,-68186.13,-68887.78,701.65,701.65,0.010185405887662514,0.010185405887662514,0.9898145941123375,0.00634912623146065,0.0060592754930914065,0.9936508737685393,0.9939407245069086
2025-05,Department / Account,G&A / Travel,-7298.44,-7375.42,76.98,76.98,0.010437371702221705,0.010437371702221705,0.9895626282977783,0.007159202620335352,0.009084333052966548,0.9928407973796647,0.9909156669470334
2025-05,Department / Account,Marketing / Facilities,-19531.79,-19703.60,171.81,171.81,0.00871972634442437,0.00871972634442437,0.9912802736555756,0.009072269002531474,0.009237809505370504,0.9909277309974686,0.9907621904946295
2025-05,Department / Account,Marketing / Marketing,-66215.86,-67014.28,798.42,798.42,0.011914177097776773,0.011914177097776773,0.9880858229022232,0.010955268021754318,0.006677206588857864,0.9890447319782457,0.9933227934111422
2025-05,Department / Account,Marketing / Other OpEx,-23836.92,-23659.08,-177.84,177.84,0.007516775800242443,-0.007516775800242443,0.9924832241997575,0.009570773390289338,0.009332065237819697,0.9904292266097107,0.9906679347621803
2025-05,Department / Account,Marketing / Payroll,-446339.99,-447383.63,1043.64,1043.64,0.0023327630472308523,0.0023327630472308523,0.9976672369527692,0.0011972549691985853,0.004871898821778106,0.9988027450308015,0.9951281011782219
2025-05,Department / Account,Marketing / Professional Services,-31486.36,-31413.41,-72.95,72.95,0.0023222566413515756,-0.0023222566413515756,0.9976777433586485,0.006678965612078525,0.006877380679829515,0.9933210343879214,0.9931226193201707
2025-05,Department / Account,Marketing / Software,-49910.84,-49832.63,-78.21,78.21,0.00156945358894363,-0.00156945358894363,0.9984305464110563,0.004980952357323874,0.0048754257251678035,0.9950190476426761,0.9951245742748321
2025-05,Department / Account,Marketing / Travel,-5342.75,-5311.14,-31.61,31.61,0.005951641267223232,-0.005951641267223232,0.9940483587327767,0.00763631247310539,0.007119408791026186,0.9923636875268946,0.9928805912089739
2025-05,Department / Account,Sales / Facilities,-57034.98,-56333.60,-701.38,701.38,0.012450473607225529,-0.012450473607225529,0.9875495263927745,0.006543378048808221,0.008399697665382682,0.9934566219511917,0.9916003023346174
2025-05,Department / Account,Sales / Marketing,-14447.85,-14661.64,213.79,213.79,0.014581588417121141,0.014581588417121141,0.9854184115828789,0.012142463426615095,0.00832296014255029,0.9878575365733849,0.9916770398574496
2025-05,Department / Account,Sales / Other OpEx,-70099.48,-69628.78,-470.70,470.70,0.00676013567952792,-0.00676013567952792,0.9932398643204721,0.0037971842083444687,0.008359254979590617,0.9962028157916555,0.9916407450204093
2025-05,Department / Account,Sales / Payroll,-1214306.39,-1224908.64,10602.25,10602.25,0.00865554348608399,0.00865554348608399,0.991344456513916,0.010607755201944999,0.009016218688319916,0.9893922447980549,0.9909837813116802
2025-05,Department / Account,Sales / Professional Services,-89545.42,-89093.60,-451.82,451.82,0.005071295805759336,-0.005071295805759336,0.9949287041942406,0.00641374779683218,0.008733545900122944,0.9935862522031678,0.9912664540998771
2025-05,Department / Account,Sales / Software,-141638.58,-142941.67,1303.09,1303.09,0.00911623601431269,0.00911623601431269,0.9908837639856873,0.007137066132989196,0.0069899823011583965,0.9928629338670109,0.9930100176988416
2025-05,Department / Account,Sales / Travel,-44252.67,-43739.93,-512.74,512.74,0.01172246960614706,-0.01172246960614706,0.9882775303938529,0.012567100927288218,0.00882172684814943,0.9874328990727118,0.9911782731518507
2025-05,Region,Central,3541035.37,3547241.37,-6206.00,6206.00,0.001749528535747766,-0.001749528535747766,0.9982504714642523,0.001994360240681022,0.001996615686712338,0.998005639759319,0.9980033843132877
2025-05,Region,East,3197384.39,3199337.74,-1953.35,1953.35,0.0006105482317724916,-0.0006105482317724916,0.9993894517682275,0.0008878375288044821,0.0010858156214870322,0.9991121624711955,0.9989141843785129
2025-05,Region,West,4165078.83,4702656.95,-537578.12,537578.12,0.1143137008962561,-0.1143137008962561,0.8856862991037439,0.09385627021112254,0.06002178465539104,0.9061437297888775,0.9399782153446091
2025-06,Company,Company Total,10719612.17,11357762.97,-638150.80,638150.80,0.05618631078017646,-0.05618631078017646,0.9438136892198236,0.04767277702549643,0.03427924082137009,0.9523272229745036,0.9657207591786299
2025-06,Department / Account,Customer Success / Facilities,-38054.73,-38578.66,523.93,523.93,0.013580824217326364,0.013580824217326364,0.9864191757826737,0.012093289207256797,0.007884150736997813,0.9879067107927432,0.9921158492630022
2025-06,Department / Account,Customer Success / Marketing,-10674.64,-10613.63,-61.01,61.01,0.005748268971124865,-0.005748268971124865,0.9942517310288751,0.006411989590493647,0.008702532846993289,0.9935880104095064,0.9912974671530067
2025-06,Department / Account,Customer Success / Other OpEx,-48144.34,-47674.36,-469.98,469.98,0.009858129191456372,-0.009858129191456372,0.9901418708085437,0.011559945505438094,0.011391689295257046,0.9884400544945618,0.988608310704743
2025-06,Department / Account,Customer Success / Payroll,-879934.73,-890297.72,10362.99,10362.99,0.011639915240937604,0.011639915240937604,0.9883600847590623,0.008775635682643215,0.009387011403017573,0.9912243643173569,0.9906129885969824
2025-06,Department / Account,Customer Success / Professional Services,-63294.55,-63377.23,82.68,82.68,0.0013045694802376185,0.0013045694802376185,0.9986954305197624,0.0068213278191738514,0.005970864691630818,0.9931786721808261,0.9940291353083692
2025-06,Department / Account,Customer Success / Software,-99962.31,-100644.60,682.29,682.29,0.006779201268622459,0.006779201268622459,0.9932207987313776,0.004577511685028342,0.005727210589521611,0.9954224883149716,0.9942727894104784
2025-06,Department / Account,Customer Success / Travel,-30307.65,-30012.46,-295.19,295.19,0.009835581621766426,-0.009835581621766426,0.9901644183782335,0.009623128574839119,0.008844399469879667,0.9903768714251608,0.9911556005301203
2025-06,Department / Account,Engineering / Facilities,-89558.83,-89744.32,185.49,185.49,0.00206687175299785,0.00206687175299785,0.9979331282470022,0.007727330534753895,0.008381563013414963,0.9922726694652462,0.991618436986585
2025-06,Department / Account,Engineering / Marketing,-22905.00,-22639.13,-265.87,265.87,0.01174382584489775,-0.01174382584489775,0.9882561741551023,0.006249976214520621,0.00509431486359318,0.9937500237854794,0.9949056851364069
2025-06,Department / Account,Engineering / Other OpEx,-103003.70,-103466.28,462.58,462.58,0.004470828563663446,0.004470828563663446,0.9955291714363366,0.007126004133430316,0.005563947080713282,0.9928739958665697,0.9944360529192867
2025-06,Department / Account,Engineering / Payroll,-1941593.65,-1914455.75,-27137.90,27137.90,0.01417525581356477,-0.01417525581356477,0.9858247441864352,0.009846948982378612,0.008488735027549552,0.9901530510176214,0.9915112649724506
2025-06,Department / Account,Engineering / Professional Services,-132918.43,-133299.22,380.79,380.79,0.0028566558754057228,0.0028566558754057228,0.9971433441245943,0.005654883220301153,0.005715856691519854,0.9943451167796988,0.9942841433084801
2025-06,Department / Account,Engineering / Software,-257225.56,-216155.93,-41069.63,41069.63,0.19000001526675672,-0.19000001526675672,0.8099999847332433,0.1900000120501815,0.1900000093536959,0.8099999879498186,0.809999990646304
2025-06,Department / Account,Engineering / Travel,-23349.83,-23479.64,129.81,129.81,0.005528619689228626,0.005528619689228626,0.9944713803107714,0.009569274403256252,0.007932347290383066,0.9904307255967438,0.9920676527096169
2025-06,Department / Account,G&A / Facilities,-26631.02,-26262.24,-368.78,368.78,0.01404221422087377,-0.01404221422087377,0.9859577857791262,0.0065781450321339766,0.006889214395795329,0.993421854967866,0.9931107856042046
2025-06,Department / Account,G&A / Marketing,-7040.42,-6951.20,-89.22,89.22,0.012835193923351364,-0.012835193923351364,0.9871648060766486,0.006697570516071612,0.006259132236916092,0.9933024294839283,0.993740867763084
2025-06,Department / Account,G&A / Other OpEx,-30448.64,-30868.36,419.72,419.72,0.013597094241482217,0.013597094241482217,0.9864029057585177,0.008863537991674905,0.008763435281392722,0.9911364620083251,0.9912365647186073
2025-06,Department / Account,G&A / Payroll,-554833.47,-559832.13,4998.66,4998.66,0.008928855155205187,0.008928855155205187,0.9910711448447949,0.010165727512223402,0.008279105176274585,0.9898342724877768,0.9917208948237254
2025-06,Department / Account,G&A / Professional Services,-40707.84,-41309.32,601.48,601.48,0.014560394603445421,0.014560394603445421,0.9854396053965546,0.010516500169591476,0.00931969322167077,0.9894834998304085,0.9906803067783293
2025-06,Department / Account,G&A / Software,-66483.79,-66425.73,-58.06,58.06,0.0008740588925405864,-0.0008740588925405864,0.9991259411074594,0.0049514873942927825,0.005311522727439853,0.9950485126057073,0.9946884772725602
2025-06,Department / Account,G&A / Travel,-7053.19,-7013.48,-39.71,39.71,0.005661953837467278,-0.005661953837467278,0.9943380461625327,0.00875202331644585,0.008094156512023746,0.9912479766835541,0.9919058434879763
2025-06,Department / Account,Marketing / Facilities,-19625.96,-19781.24,155.28,155.28,0.007849861788239767,0.007849861788239767,0.9921501382117602,0.006972667687591853,0.009984240135235778,0.9930273323124083,0.9900157598647641
2025-06,Department / Account,Marketing / Marketing,-64561.97,-65165.37,603.40,603.40,0.0092595192814834,0.0092595192814834,0.9907404807185166,0.010116302447927423,0.007769027700482049,0.9898836975520725,0.992230972299518
2025-06,Department / Account,Marketing / Other OpEx,-24017.50,-24190.21,172.71,172.71,0.007139665178599112,0.007139665178599112,0.9928603348214009,0.00841190023227617,0.008868620756901438,0.9915880997677237,0.9911313792430986
2025-06,Department / Account,Marketing / Payroll,-428201.94,-427790.68,-411.26,411.26,0.0009613580174303938,-0.0009613580174303938,0.9990386419825696,0.0011322686719541484,0.004453571784261578,0.9988677313280458,0.9955464282157385
2025-06,Department / Account,Marketing / Professional Services,-29004.86,-29120.59,115.73,115.73,0.003974163985001678,0.003974163985001678,0.9960258360149983,0.005422417806581874,0.007034325507208363,0.9945775821934181,0.9929656744927916
2025-06,Department / Account,Marketing / Software,-48004.72,-47982.59,-22.13,22.13,0.0004612089509966011,-0.0004612089509966011,0.9995387910490034,0.0019137729896641588,0.004112630687559974,0.9980862270103358,0.9958873693124399
2025-06,Department / Account,Marketing / Travel,-5276.25,-5237.92,-38.33,38.33,0.007317790267892598,-0.007317790267892598,0.9926822097321074,0.0069378992909901105,0.007741989932158325,0.9930621007090098,0.9922580100678416
2025-06,Department / Account,Sales / Facilities,-53384.76,-53435.11,50.35,50.35,0.0009422643651337108,0.0009422643651337108,0.9990577356348663,0.0064866529521260255,0.006186285649782824,0.9935133470478741,0.9938137143502171
2025-06,Department / Account,Sales / Marketing,-14835.57,-14694.04,-141.53,141.53,0.009631796292918762,-0.009631796292918762,0.9903682037070812,0.011540762712900205,0.00864015572974147,0.9884592372870998,0.9913598442702586
2025-06,Department / Account,Sales / Other OpEx,-68945.02,-68805.93,-139.09,139.09,0.002021482741385808,-0.002021482741385808,0.9979785172586142,0.004433059930498467,0.006520812530455395,0.9955669400695015,0.9934791874695446
2025-06,Department / Account,Sales / Payroll,-1186217.24,-1175478.70,-10738.54,10738.54,0.00913546115297538,-0.00913546115297538,0.9908645388470246,0.00965808520713879,0.009388131794978183,0.9903419147928613,0.9906118682050219
2025-06,Department / Account,Sales / Professional Services,-84410.65,-83647.12,-763.53,763.53,0.009127989104705577,-0.009127989104705577,0.9908720108952944,0.005654034781895856,0.008337314052986268,0.9943459652181041,0.9916626859470137
2025-06,Department / Account,Sales / Software,-141733.66,-140899.37,-834.29,834.29,0.005921176226692851,-0.005921176226692851,0.9940788237733071,0.00839703167084621,0.007023781082993604,0.9916029683291537,0.9929762189170065
2025-06,Department / Account,Sales / Travel,-42045.43,-42292.11,246.68,246.68,0.005832766442724187,0.005832766442724187,0.9941672335572758,0.0095864178054665,0.00943584993523188,0.9904135821945333,0.9905641500647681
2025-06,Region,Central,3462381.90,3466998.02,-4616.12,4616.12,0.0013314458137475371,-0.0013314458137475371,0.9986685541862524,0.001687059572416426,0.0019433360288287768,0.9983129404275836,0.9980566639711713
2025-06,Region,East,3149084.44,3150105.69,-1021.25,1021.25,0.0003241954716763805,-0.0003241954716763805,0.9996758045283236,0.0006156346522471542,0.0009301331198390089,0.9993843653477529,0.9990698668801611
2025-06,Region,West,4108145.83,4740659.26,-632513.43,632513.43,0.13342309482922005,-0.13342309482922005,0.8665769051707799,0.1139841850693164,0.08206664228194051,0.8860158149306835,0.9179333577180596
2025-07,Company,Company Total,10432387.09,11148281.54,-715894.45,715894.45,0.0642156773159498,-0.0642156773159498,0.9357843226840502,0.05602260982659424,0.04305356345534484,0.9439773901734058,0.956946436544655
2025-07,Department / Account,Customer Success / Facilities,-37754.67,-37612.62,-142.05,142.05,0.0037766579408719733,-0.0037766579408719733,0.996223342059128,0.009447853324368663,0.007991131534557298,0.9905521466756314,0.9920088684654428
2025-07,Department / Account,Customer Success / Marketing,-10808.77,-10790.71,-18.06,18.06,0.0016736618813775923,-0.0016736618813775923,0.9983263381186224,0.003286081177222813,0.007517701360738004,0.9967139188227772,0.9924822986392621
2025-07,Department / Account,Customer Success / Other OpEx,-48017.90,-47417.74,-600.16,600.16,0.012656866396416194,-0.012656866396416194,0.9873431336035838,0.011359567967252163,0.01143051284012355,0.9886404320327479,0.9885694871598766
2025-07,Department / Account,Customer Success / Payroll,-886522.52,-887039.56,517.04,517.04,0.0005828826845107111,0.0005828826845107111,0.9994171173154893,0.006654622446132842,0.007198729040193742,0.9933453775538673,0.9928012709598062
2025-07,Department / Account,Customer Success / Professional Services,-62789.72,-61878.57,-911.15,911.15,0.014724806988913932,-0.014724806988913932,0.985275193011086,0.00944007150209024,0.007737079964538259,0.9905599284979097,0.9922629200354618
2025-07,Department / Account,Customer Success / Software,-103676.36,-103658.62,-17.74,17.74,0.0001711386858131046,-0.0001711386858131046,0.9998288613141869,0.004631721740572951,0.0056247998361217385,0.9953682782594271,0.9943752001638783
2025-07,Department / Account,Customer Success / Travel,-30050.30,-29892.31,-157.99,157.99,0.005285305819456576,-0.005285305819456576,0.9947146941805434,0.0077306541343175675,0.009634421664011855,0.9922693458656825,0.9903655783359882
2025-07,Department / Account,Engineering / Facilities,-85157.13,-84670.83,-486.30,486.30,0.005743418364978824,-0.005743418364978824,0.9942565816350212,0.00472930188047692,0.008106966002356728,0.9952706981195231,0.9918930339976432
2025-07,Department / Account,Engineering / Marketing,-22555.43,-22627.91,72.48,72.48,0.0032031239296956724,0.0032031239296956724,0.9967968760703043,0.005853438358982328,0.00523253962708612,0.9941465616410176,0.9947674603729139
2025-07,Department / Account,Engineering / Other OpEx,-106780.43,-108149.57,1369.14,1369.14,0.012659689724147771,0.012659689724147771,0.9873403102758522,0.00913896694516723,0.006781821187232715,0.9908610330548328,0.9932181788127673
2025-07,Department / Account,Engineering / Payroll,-1906815.24,-1909112.55,2297.31,2297.31,0.0012033392164333108,0.0012033392164333108,0.9987966607835667,0.008963981304819136,0.007548617850120753,0.9910360186951808,0.9924513821498793
2025-07,Department / Account,Engineering / Professional Services,-129863.78,-129872.72,8.94,8.94,6.883662712230866e-05,6.883662712230866e-05,0.9999311633728777,0.004650148239775173,0.005524440975998228,0.9953498517602247,0.9944755590240019
2025-07,Department / Account,Engineering / Software,-264141.99,-221968.06,-42173.93,42173.93,0.18999999369278625,-0.18999999369278625,0.8100000063072137,0.1899999969918927,0.1900000104880698,0.8100000030081073,0.8099999895119304
2025-07,Department / Account,Engineering / Travel,-23180.93,-23191.41,10.48,10.48,0.00045189145463773013,0.00045189145463773013,0.9995481085453622,0.0054799576148109935,0.005870929419031059,0.9945200423851891,0.9941290705809688
2025-07,Department / Account,G&A / Facilities,-26128.06,-25799.22,-328.84,328.84,0.012746121781976353,-0.012746121781976353,0.9872538782180237,0.01022167875166075,0.008326460951064514,0.9897783212483392,0.9916735390489354
2025-07,Department / Account,G&A / Marketing,-7071.29,-7137.81,66.52,66.52,0.009319385077495758,0.009319385077495758,0.9906806149225043,0.00832500794713579,0.007016645160607494,0.9916749920528641,0.9929833548393926
2025-07,Department / Account,G&A / Other OpEx,-31098.02,-31453.07,355.05,355.05,0.011288246266580655,0.011288246266580655,0.9887117537334194,0.009879304365186714,0.009457950451175126,0.9901206956348133,0.990542049548825
2025-07,Department / Account,G&A / Payroll,-557084.40,-556827.28,-257.12,257.12,0.0004617589856588923,-0.0004617589856588923,0.9995382410143411,0.005549022930073872,0.007380976318246527,0.9944509770699262,0.9926190236817535
2025-07,Department / Account,G&A / Professional Services,-40921.54,-41165.34,243.80,243.80,0.005922458067879435,0.005922458067879435,0.9940775419321206,0.008934135310415058,0.008394013513449277,0.991065864689585,0.9916059864865506
2025-07,Department / Account,G&A / Software,-66525.66,-67245.93,720.27,720.27,0.010710982805948257,0.010710982805948257,0.9892890171940517,0.0072568158620504525,0.006706237386863541,0.9927431841379496,0.9932937626131365
2025-07,Department / Account,G&A / Travel,-6781.96,-6826.50,44.54,44.54,0.006524573353841647,0.006524573353841647,0.9934754266461584,0.007541299631176876,0.00783452940837938,0.9924587003688231,0.9921654705916206
2025-07,Department / Account,Marketing / Facilities,-19199.20,-19082.70,-116.50,116.50,0.006105006105006105,-0.006105006105006105,0.9938949938949939,0.007558198079223414,0.008512118458546226,0.9924418019207767,0.9914878815414538
2025-07,Department / Account,Marketing / Marketing,-64957.58,-64605.22,-352.36,352.36,0.005454048449954973,-0.005454048449954973,0.994545951550045,0.008875914943071715,0.00829002103843212,0.9911240850569283,0.9917099789615677
2025-07,Department / Account,Marketing / Other OpEx,-24704.35,-25049.52,345.17,345.17,0.013779505555395873,0.013779505555395873,0.9862204944446041,0.009478648844745809,0.010124447276439134,0.9905213511552543,0.9898755527235608
2025-07,Department / Account,Marketing / Payroll,-423802.73,-428392.24,4589.51,4589.51,0.01071333598386376,0.01071333598386376,0.9892866640161362,0.004669152349508336,0.004585893609943084,0.9953308476504916,0.9954141063900569
2025-07,Department / Account,Marketing / Professional Services,-29461.70,-29594.17,132.47,132.47,0.004476219471605388,0.004476219471605388,0.9955237805283946,0.0035908800326528803,0.005304635298838213,0.9964091199673472,0.9946953647011617
2025-07,Department / Account,Marketing / Software,-48039.53,-48062.85,23.32,23.32,0.0004851980271665122,0.0004851980271665122,0.9995148019728335,0.000838620189035581,0.00344550527840975,0.9991613798109644,0.9965544947215902
2025-07,Department / Account,Marketing / Travel,-5252.46,-5320.82,68.36,68.36,0.012847643784228747,0.012847643784228747,0.9871523562157712,0.008705691773114858,0.007466521796235827,0.9912943082268851,0.9925334782037641
2025-07,Department / Account,Sales / Facilities,-55038.46,-55282.81,244.35,244.35,0.004419999634606128,0.004419999634606128,0.9955800003653938,0.00593757920232179,0.005206083394911683,0.9940624207976781,0.9947939166050883
2025-07,Department / Account,Sales / Marketing,-15310.21,-15364.16,53.95,53.95,0.0035114187824130966,0.0035114187824130966,0.9964885812175869,0.009241601164151,0.008659559747647969,0.9907583988358489,0.9913404402523521
2025-07,Department / Account,Sales / Other OpEx,-67709.82,-67713.66,3.84,3.84,5.6709384782922676e-05,5.6709384782922676e-05,0.999943290615217,0.00294610926856555,0.0043015510448418314,0.9970538907314345,0.9956984489551582
2025-07,Department / Account,Sales / Payroll,-1290633.77,-1279793.71,-10840.06,10840.06,0.008470161960711622,-0.008470161960711622,0.9915298380392884,0.008753722199923665,0.009704547618534674,0.9912462778000765,0.9902954523814654
2025-07,Department / Account,Sales / Professional Services,-85683.73,-86895.47,1211.74,1211.74,0.013944800574759535,0.013944800574759535,0.9860551994252404,0.00938136182840815,0.009163288823626834,0.9906186381715919,0.9908367111763732
2025-07,Department / Account,Sales / Software,-139541.97,-138047.85,-1494.12,1494.12,0.010823203693501926,-0.010823203693501926,0.9891767963064981,0.00862020531150249,0.00743610469921789,0.9913797946884975,0.9925638953007822
2025-07,Department / Account,Sales / Travel,-43203.87,-42678.99,-524.88,524.88,0.012298322898456594,-0.012298322898456594,0.9877016771015434,0.009951186315775948,0.009759213526927085,0.9900488136842241,0.9902407864730729
2025-07,Region,Central,3368962.60,3371462.11,-2499.51,2499.51,0.0007413727096580066,-0.0007413727096580066,0.999258627290342,0.0012741156863844366,0.0017055969219868683,0.9987258843136155,0.9982944030780131
2025-07,Region,East,3062740.70,3062568.46,172.24,172.24,5.624037543963997e-05,5.624037543963997e-05,0.9999437596245604,0.0003303280262961707,0.0007108093065282545,0.9996696719737038,0.9992891906934718
2025-07,Region,West,4000683.79,4714250.97,-713567.18,713567.18,0.15136385070309485,-0.15136385070309485,0.8486361492969051,0.13303354880952367,0.10281995685623303,0.8669664511904762,0.897180043143767
2025-08,Company,Company Total,10067059.07,10845150.64,-778091.57,778091.57,0.0717455751264696,-0.0717455751264696,0.9282544248735304,0.06404918774086528,0.05152875496069395,0.9359508122591347,0.9484712450393059
2025-08,Department / Account,Customer Success / Facilities,-38796.66,-39033.78,237.12,237.12,0.0060747383420206805,0.0060747383420206805,0.9939252616579793,0.007810740166739672,0.00818139036801779,0.9921892598332603,0.9918186096319822
2025-08,Department / Account,Customer Success / Marketing,-10713.62,-10554.18,-159.44,159.44,0.015106810761233937,-0.015106810761233937,0.984893189238766,0.007509580537912131,0.007765286574892216,0.9924904194620878,0.9922347134251078
2025-08,Department / Account,Customer Success / Other OpEx,-46732.34,-47008.25,275.91,275.91,0.005869395265724634,0.005869395265724634,0.9941306047342754,0.009461463617865732,0.010532518197932697,0.9905385363821343,0.9894674818020673
2025-08,Department / Account,Customer Success / Payroll,-883168.56,-895943.29,12774.73,12774.73,0.014258413610084628,0.014258413610084628,0.9857415863899154,0.008827070511844315,0.007850765013098225,0.9911729294881556,0.9921492349869018
2025-08,Department / Account,Customer Success / Professional Services,-63840.75,-64504.95,664.20,664.20,0.010296884192608475,0.010296884192608475,0.9897031158073916,0.008775420220586675,0.007909097524637478,0.9912245797794134,0.9920909024753626
2025-08,Department / Account,Customer Success / Software,-101929.29,-102045.71,116.42,116.42,0.0011408612865744185,0.0011408612865744185,0.9988591387134256,0.0026970670803366605,0.004635798499531873,0.9973029329196633,0.9953642015004682
2025-08,Department / Account,Customer Success / Travel,-30452.06,-30762.37,310.31,310.31,0.010087324221118204,0.010087324221118204,0.9899126757788818,0.008402737220780401,0.009335662595222746,0.9915972627792194,0.9906643374047772
2025-08,Department / Account,Engineering / Facilities,-86724.58,-86987.12,262.54,262.54,0.0030181479740908775,0.0030181479740908775,0.9969818520259092,0.0036094793640225175,0.006434740526448119,0.9963905206359774,0.9935652594735519
2025-08,Department / Account,Engineering / Marketing,-22889.32,-23014.98,125.66,125.66,0.005459922189808551,0.005459922189808551,0.9945400778101915,0.006802290654800657,0.004634541159907987,0.9931977093451994,0.9953654588400921
2025-08,Department / Account,Engineering / Other OpEx,-104071.11,-103475.31,-595.80,595.80,0.005757895289224066,-0.005757895289224066,0.9942421047107759,0.007629471192345094,0.0073914244637745844,0.9923705288076549,0.9926085755362254
2025-08,Department / Account,Engineering / Payroll,-1870081.36,-1889130.49,19049.13,19049.13,0.010083543778915982,0.010083543778915982,0.989916456221084,0.008487379602971355,0.007460555639390726,0.9915126203970286,0.9925394443606094
2025-08,Department / Account,Engineering / Professional Services,-133060.75,-133507.09,446.34,446.34,0.0033431932341570774,0.0033431932341570774,0.9966568067658429,0.0020895619122283694,0.004514941771854264,0.9979104380877716,0.9954850582281458
2025-08,Department / Account,Engineering / Software,-270074.26,-226953.16,-43121.10,43121.10,0.18999999823752178,-0.18999999823752178,0.8100000017624782,0.1900000023990216,0.1900000102724904,0.8099999976009785,0.8099999897275095
2025-08,Department / Account,Engineering / Travel,-24241.39,-24129.17,-112.22,112.22,0.004650802327639119,-0.004650802327639119,0.9953491976723609,0.0035437711571684916,0.006282393722412002,0.9964562288428315,0.993717606277588
2025-08,Department / Account,G&A / Facilities,-25511.21,-25219.49,-291.72,291.72,0.01156724422262306,-0.01156724422262306,0.988432755777377,0.01278519340849106,0.008077649543702796,0.987214806591509,0.9919223504562972
2025-08,Department / Account,G&A / Marketing,-6831.03,-6738.69,-92.34,92.34,0.01370296007087431,-0.01370296007087431,0.9862970399291257,0.011952513023907143,0.007708074384874371,0.9880474869760928,0.9922919256151256
2025-08,Department / Account,G&A / Other OpEx,-30781.40,-30944.79,163.39,163.39,0.005280048757803817,0.005280048757803817,0.9947199512421961,0.010055129755288897,0.009438385686772565,0.989944870244711,0.9905616143132274
2025-08,Department / Account,G&A / Payroll,-552038.26,-559919.45,7881.19,7881.19,0.014075578192541802,0.014075578192541802,0.9859244218074582,0.007822064111135294,0.00883683220865813,0.9921779358888646,0.9911631677913418
2025-08,Department / Account,G&A / Professional Services,-38469.87,-38414.79,-55.08,55.08,0.0014338227542048257,-0.0014338227542048257,0.9985661772457952,0.007305558475176561,0.008549697429103041,0.9926944415248234,0.9914503025708971
2025-08,Department / Account,G&A / Software,-66770.24,-66470.30,-299.94,299.94,0.004512391248422227,-0.004512391248422227,0.9954876087515778,0.005365810982303691,0.005857468606882171,0.9946341890176963,0.9941425313931177
2025-08,Department / Account,G&A / Travel,-6738.19,-6663.83,-74.36,74.36,0.011158748047294123,-0.011158748047294123,0.9888412519527059,0.007781758412867682,0.007470480516601517,0.9922182415871323,0.9925295194833984
2025-08,Department / Account,Marketing / Facilities,-20182.55,-20243.06,60.51,60.51,0.0029891725855675966,0.0029891725855675966,0.9970108274144324,0.005648013492937823,0.0073601412477346485,0.9943519865070622,0.9926398587522655
2025-08,Department / Account,Marketing / Marketing,-64041.76,-64447.49,405.73,405.73,0.006295512827574822,0.006295512827574822,0.9937044871724252,0.007003026853004398,0.008979147437379358,0.9929969731469956,0.9910208525626207
2025-08,Department / Account,Marketing / Other OpEx,-23400.43,-23258.50,-141.93,141.93,0.00610228518606101,-0.00610228518606101,0.993897714813939,0.009007151973351998,0.009288962681820669,0.990992848026648,0.9907110373181793
2025-08,Department / Account,Marketing / Payroll,-427594.22,-421732.75,-5861.47,5861.47,0.01389854119700213,-0.01389854119700213,0.9861014588029978,0.008524411732765429,0.004860833350982007,0.9914755882672345,0.995139166649018
2025-08,Department / Account,Marketing / Professional Services,-29734.67,-29562.68,-171.99,171.99,0.005817808128356428,-0.005817808128356428,0.9941821918716436,0.004756063861654498,0.005717514736866511,0.9952439361383455,0.9942824852631333
2025-08,Department / Account,Marketing / Software,-50932.87,-51062.24,129.37,129.37,0.002533574711959366,0.002533574711959366,0.9974664252880406,0.001159993896707493,0.0030704731270156833,0.9988400061032925,0.9969295268729844
2025-08,Department / Account,Marketing / Travel,-5512.57,-5437.53,-75.04,75.04,0.01380038363006733,-0.01380038363006733,0.9861996163699327,0.011321939227396225,0.009479125850250807,0.9886780607726037,0.9905208741497492
2025-08,Department / Account,Sales / Facilities,-56139.47,-56605.86,466.39,466.39,0.008239252967802273,0.008239252967802273,0.9917607470321977,0.004533838989180704,0.005538608518994462,0.9954661610108193,0.9944613914810057
2025-08,Department / Account,Sales / Marketing,-14353.26,-14530.51,177.25,177.25,0.01219847066620511,0.01219847066620511,0.9878015293337948,0.008447228580512322,0.010294846003563708,0.9915527714194877,0.9897051539964363
2025-08,Department / Account,Sales / Other OpEx,-66131.16,-66942.78,811.62,811.62,0.012124085674362493,0.012124085674362493,0.9878759143256375,0.004734092600177074,0.004265638404260772,0.995265907399823,0.9957343615957392
2025-08,Department / Account,Sales / Payroll,-1219910.43,-1228748.64,8838.21,8838.21,0.00719285434977165,0.00719285434977165,0.9928071456502283,0.008266159154486218,0.009436957178215608,0.9917338408455137,0.9905630428217842
2025-08,Department / Account,Sales / Professional Services,-87348.16,-88466.32,1118.16,1118.16,0.012639386378906685,0.012639386378906685,0.9873606136210933,0.011904058686123932,0.009158903241478056,0.9880959413138761,0.9908410967585218
2025-08,Department / Account,Sales / Software,-146326.33,-145574.75,-751.58,751.58,0.005162845891887158,-0.005162845891887158,0.9948371541081128,0.0073024086040273115,0.007219737368508255,0.9926975913959727,0.9927802626314916
2025-08,Department / Account,Sales / Travel,-44932.39,-44315.78,-616.61,616.61,0.013914005349787368,-0.013914005349787368,0.9860859946502126,0.010681698230322716,0.011624399578805468,0.9893183017696773,0.9883756004211945
2025-08,Region,Central,3272532.42,3273231.59,-699.17,699.17,0.00021360236230642024,-0.00021360236230642024,0.9997863976376936,0.0007621402952373214,0.0013782502679591717,0.9992378597047628,0.9986217497320409
2025-08,Region,East,2953136.21,2952152.87,983.34,983.34,0.0003330925068253664,0.0003330925068253664,0.9996669074931747,0.00023784278464712897,0.0005628401567258055,0.9997621572153529,0.9994371598432742
2025-08,Region,West,3841390.44,4619766.18,-778375.74,778375.74,0.1684881246522308,-0.1684881246522308,0.8315118753477693,0.1510916900615152,0.1224739801363189,0.8489083099384848,0.8775260198636811
2025-09,Company,Company Total,9637118.38,10472179.98,-835061.60,835061.60,0.0797409518929983,-0.0797409518929983,0.9202590481070017,0.07190073477847257,0.059786755901984505,0.9280992652215274,0.9402132440980154
2025-09,Department / Account,Customer Success / Facilities,-38311.64,-38090.00,-221.64,221.64,0.005818850091887634,-0.005818850091887634,0.9941811499081123,0.005223415458260096,0.008658352332758447,0.9947765845417399,0.9913416476672415
2025-09,Department / Account,Customer Success / Marketing,-10962.95,-10841.50,-121.45,121.45,0.011202324401604943,-0.011202324401604943,0.988797675598395,0.009327599014738825,0.007869794302616235,0.9906724009852611,0.9921302056973836
2025-09,Department / Account,Customer Success / Other OpEx,-47028.77,-47037.26,8.49,8.49,0.00018049520741641838,0.00018049520741641838,0.9998195047925836,0.006235585623185748,0.008897765564311922,0.9937644143768143,0.991102234435688
2025-09,Department / Account,Customer Success / Payroll,-858057.03,-862337.00,4279.97,4279.97,0.004963222035004876,0.004963222035004876,0.9950367779649951,0.006601506109866738,0.007688570896254976,0.9933984938901332,0.992311429103745
2025-09,Department / Account,Customer Success / Professional Services,-64005.64,-64819.77,814.13,814.13,0.01255990263464372,0.01255990263464372,0.9874400973653563,0.012527197938722043,0.009674262878947947,0.9874728020612779,0.990325737121052
2025-09,Department / Account,Customer Success / Software,-99081.11,-99105.30,24.19,24.19,0.00024408381791892058,0.00024408381791892058,0.999755916182081,0.0005186945967688145,0.0025481031408985783,0.9994813054032313,0.9974518968591014
2025-09,Department / Account,Customer Success / Travel,-31372.03,-31573.26,201.23,201.23,0.006373431188290345,0.006373431188290345,0.9936265688117096,0.007248687076288375,0.008435907825563747,0.9927513129237115,0.9915640921744363
2025-09,Department / Account,Engineering / Facilities,-84615.69,-84538.46,-77.23,77.23,0.0009135486972438343,-0.0009135486972438343,0.9990864513027562,0.003225038345437845,0.005476184440095871,0.9967749616545621,0.9945238155599041
2025-09,Department / Account,Engineering / Marketing,-23099.58,-23013.04,-86.54,86.54,0.0037604766688799046,-0.0037604766688799046,0.9962395233311201,0.00414117426279471,0.005195575238657665,0.9958588257372053,0.9948044247613423
2025-09,Department / Account,Engineering / Other OpEx,-105192.73,-104724.84,-467.89,467.89,0.00446780343612843,-0.00446780343612843,0.9955321965638716,0.00762846281650009,0.007377233474965203,0.9923715371834999,0.9926227665250348
2025-09,Department / Account,Engineering / Payroll,-1941418.15,-1944544.71,3126.56,3126.56,0.0016078622332113927,0.0016078622332113927,0.9983921377667886,0.004298248409520229,0.00707259869594942,0.9957017515904797,0.9929274013040507
2025-09,Department / Account,Engineering / Professional Services,-132921.63,-132865.73,-55.90,55.90,0.00042072549482850087,-0.00042072549482850087,0.9995792745051715,0.001277585118702629,0.0034662341695018907,0.9987224148812973,0.996533765830498
2025-09,Department / Account,Engineering / Software,-266337.26,-223812.82,-42524.44,42524.44,0.19000001876568107,-0.19000001876568107,0.8099999812343189,0.19000000356532967,0.19000000780775558,0.8099999964346702,0.8099999921922444
2025-09,Department / Account,Engineering / Travel,-22487.83,-22349.35,-138.48,138.48,0.006196153355690434,-0.006196153355690434,0.9938038466443095,0.003766282379322428,0.0066677783912893395,0.9962337176206776,0.9933322216087106
2025-09,Department / Account,G&A / Facilities,-27091.93,-27143.18,51.25,51.25,0.0018881354358627103,0.0018881354358627103,0.9981118645641373,0.008733833813487375,0.007655989422810676,0.9912661661865126,0.9923440105771894
2025-09,Department / Account,G&A / Marketing,-7246.68,-7342.03,95.35,95.35,0.012986871478324115,0.012986871478324115,0.9870131285216759,0.01200307220889806,0.009350321362484836,0.9879969277911019,0.9906496786375151
2025-09,Department / Account,G&A / Other OpEx,-32034.46,-32385.93,351.47,351.47,0.010852552327507656,0.010852552327507656,0.9891474476724923,0.009140282450630708,0.009001910221152808,0.9908597175493693,0.9909980897788472
2025-09,Department / Account,G&A / Payroll,-579651.83,-585198.83,5547.00,5547.00,0.009478829614201382,0.009478829614201382,0.9905211703857986,0.008005388930800692,0.009085558221512047,0.9919946110691993,0.990914441778488
2025-09,Department / Account,G&A / Professional Services,-41835.34,-42381.40,546.06,546.06,0.012884425715054243,0.012884425715054243,0.9871155742849458,0.0067469021790461685,0.008631701174318822,0.9932530978209538,0.9913682988256812
2025-09,Department / Account,G&A / Software,-69703.74,-70297.68,593.94,593.94,0.008448927475273723,0.008448927475273723,0.9915510725247263,0.00789076717654807,0.006421127285420426,0.9921092328234519,0.9935788727145796
2025-09,Department / Account,G&A / Travel,-7004.39,-7076.95,72.56,72.56,0.010253004472265596,0.010253004472265596,0.9897469955277344,0.009312108624467122,0.009032065970456487,0.9906878913755328,0.9909679340295435
2025-09,Department / Account,Marketing / Facilities,-19690.24,-19902.26,212.02,212.02,0.010653061511607225,0.010653061511607225,0.9893469384883927,0.0065824134007269755,0.006777540544159414,0.993417586599273,0.9932224594558406
2025-09,Department / Account,Marketing / Marketing,-63861.86,-64262.71,400.85,400.85,0.006237676562348523,0.006237676562348523,0.9937623234376515,0.005995745946626105,0.008056024197276765,0.9940042540533739,0.9919439758027232
2025-09,Department / Account,Marketing / Other OpEx,-22886.46,-22786.56,-99.90,99.90,0.004384163296258847,-0.004384163296258847,0.9956158367037411,0.008088651345905242,0.008250275789090707,0.9919113486540946,0.9917497242109091
2025-09,Department / Account,Marketing / Payroll,-439288.99,-440554.12,1265.13,1265.13,0.00287167896647976,0.00287167896647976,0.9971283210335202,0.009161185382448549,0.005146727027201349,0.9908388146175514,0.9948532729727987
2025-09,Department / Account,Marketing / Professional Services,-29991.43,-30346.40,354.97,354.97,0.01169726886879498,0.01169726886879498,0.988302731131205,0.007330432156252266,0.006376424981417069,0.9926695678437477,0.993623575018583
2025-09,Department / Account,Marketing / Software,-49007.08,-48895.77,-111.31,111.31,0.0022764750406834787,-0.0022764750406834787,0.9977235249593165,0.0017650825932697858,0.001839427791466972,0.9982349174067302,0.998160572208533
2025-09,Department / Account,Marketing / Travel,-5422.02,-5497.04,75.02,75.02,0.013647344752812422,0.013647344752812422,0.9863526552471876,0.013431790722369498,0.010184845006679806,0.9865682092776306,0.9898151549933201
2025-09,Department / Account,Sales / Facilities,-55780.74,-56465.03,684.29,684.29,0.01211882823758351,0.01211882823758351,0.9878811717624165,0.008259360279997303,0.007373006616061664,0.9917406397200027,0.9926269933839383
2025-09,Department / Account,Sales / Marketing,-15033.91,-15169.10,135.19,135.19,0.008912196504736602,0.008912196504736602,0.9910878034952634,0.008207361984451602,0.009874062348675904,0.9917926380155483,0.9901259376513241
2025-09,Department / Account,Sales / Other OpEx,-70652.25,-70518.11,-134.14,134.14,0.001902206397760802,-0.001902206397760802,0.9980977936022392,0.004694333818968739,0.004563696874733603,0.9953056661810312,0.9954363031252664
2025-09,Department / Account,Sales / Payroll,-1255908.72,-1238784.14,-17124.58,17124.58,0.013823699744815916,-0.013823699744815916,0.9861763002551841,0.009828905351766396,0.009743495279452593,0.9901710946482337,0.9902565047205475
2025-09,Department / Account,Sales / Professional Services,-89357.84,-88738.19,-619.65,619.65,0.006982901048578971,-0.006982901048578971,0.993017098951421,0.01118902933408173,0.008421532057988793,0.9888109706659183,0.9915784679420113
2025-09,Department / Account,Sales / Software,-149662.04,-150272.47,610.43,610.43,0.004062154564971215,0.004062154564971215,0.9959378454350288,0.006682734716786765,0.007539883193816488,0.9933172652832133,0.9924601168061836
2025-09,Department / Account,Sales / Travel,-42542.44,-42144.68,-397.76,397.76,0.00943796464939347,-0.00943796464939347,0.9905620353506065,0.011883430965879143,0.010734924385672822,0.9881165690341209,0.9892650756143272
2025-09,Region,Central,3119669.31,3118694.09,975.22,975.22,0.00031270139739803725,0.00031270139739803725,0.999687298602602,0.0004225588231208214,0.0010548091977686236,0.9995774411768791,0.9989451908022313
2025-09,Region,East,2823352.73,2821437.20,1915.53,1915.53,0.0006789199490245609,0.0006789199490245609,0.9993210800509754,0.00035608427709652243,0.0004858594646718383,0.9996439157229035,0.9995141405353282
2025-09,Region,West,3694096.34,4532048.69,-837952.35,837952.35,0.1848948251259851,-0.1848948251259851,0.8151051748740149,0.16824893349377024,0.14111655928154335,0.8317510665062297,0.8588834407184566
2025-10,Company,Company Total,9210777.79,10091622.23,-880844.44,880844.44,0.08728472191333701,-0.08728472191333701,0.912715278086663,0.07959041631093498,0.0678065130687646,0.920409583689065,0.9321934869312353
2025-10,Department / Account,Customer Success / Facilities,-38722.79,-39115.97,393.18,393.18,0.010051648981221736,0.010051648981221736,0.9899483510187783,0.007315079138376684,0.008381466231372673,0.9926849208616234,0.9916185337686274
2025-10,Department / Account,Customer Success / Marketing,-10813.16,-10758.80,-54.36,54.36,0.005052608097557349,-0.005052608097557349,0.9949473919024426,0.010453914420132077,0.0068699977986774454,0.9895460855798679,0.9931300022013225
2025-10,Department / Account,Customer Success / Other OpEx,-47759.54,-48460.11,700.57,700.57,0.014456632475658846,0.014456632475658846,0.9855433675243411,0.006835507649599966,0.009097537808426065,0.9931644923504,0.990902462191574
2025-10,Department / Account,Customer Success / Payroll,-867408.37,-863017.09,-4391.28,4391.28,0.005088288576069797,-0.005088288576069797,0.9949117114239302,0.008103308073719766,0.007378965259926305,0.9918966919262803,0.9926210347400738
2025-10,Department / Account,Customer Success / Professional Services,-59828.04,-59981.50,153.46,153.46,0.002558455523786501,0.002558455523786501,0.9974415444762135,0.008471747450346232,0.008955909476218236,0.9915282525496538,0.9910440905237818
2025-10,Department / Account,Customer Success / Software,-100972.77,-99474.23,-1498.54,1498.54,0.015064605174626634,-0.015064605174626634,0.9849353948253734,0.005483183426373325,0.0050574525834731375,0.9945168165736268,0.9949425474165269
2025-10,Department / Account,Customer Success / Travel,-30956.89,-30850.29,-106.60,106.60,0.00345539701571687,-0.00345539701571687,0.9965446029842832,0.006638717475041807,0.007184685804679687,0.9933612825249581,0.9928153141953203
2025-10,Department / Account,Engineering / Facilities,-83573.05,-82834.70,-738.35,738.35,0.008913535028194707,-0.008913535028194707,0.9910864649718053,0.004281743899843139,0.0045055228901600295,0.9957182561001569,0.99549447710984
2025-10,Department / Account,Engineering / Marketing,-23793.69,-23558.02,-235.67,235.67,0.010003811865343522,-0.010003811865343522,0.9899961881346565,0.006408070241343993,0.00613075430016316,0.9935919297586561,0.9938692456998369
2025-10,Department / Account,Engineering / Other OpEx,-102855.25,-102426.54,-428.71,428.71,0.004185536287762918,-0.004185536287762918,0.995814463712237,0.004803745004371804,0.006971355974769518,0.9951962549956281,0.9930286440252304
2025-10,Department / Account,Engineering / Payroll,-1934387.72,-1926112.48,-8275.24,8275.24,0.004296343067150471,-0.004296343067150471,0.9957036569328496,0.005329249693092616,0.007146615498955876,0.9946707503069074,0.9928533845010441
2025-10,Department / Account,Engineering / Professional Services,-132631.34,-132595.71,-35.63,35.63,0.0002687115593709631,-0.0002687115593709631,0.9997312884406291,0.0013442100961188472,0.00299717916794701,0.9986557899038813,0.997002820832053
2025-10,Department / Account,Engineering / Software,-256788.64,-215788.78,-40999.86,40999.86,0.18999996199987784,-0.18999996199987784,0.8100000380001222,0.1899999930010269,0.1899999949964598,0.8100000069989731,0.8100000050035403
2025-10,Department / Account,Engineering / Travel,-24048.26,-23895.81,-152.45,152.45,0.0063797795513104594,-0.0063797795513104594,0.9936202204486896,0.005742245078213338,0.005611101346512166,0.9942577549217866,0.9943888986534879
2025-10,Department / Account,G&A / Facilities,-26493.45,-26295.14,-198.31,198.31,0.007541697819444962,-0.007541697819444962,0.9924583021805551,0.006999025825976911,0.008610352288818832,0.9930009741740231,0.9913896477111811
2025-10,Department / Account,G&A / Marketing,-7013.35,-6922.98,-90.37,90.37,0.01305362719522518,-0.01305362719522518,0.9869463728047748,0.013247819581474536,0.010786413764305162,0.9867521804185254,0.9892135862356949
2025-10,Department / Account,G&A / Other OpEx,-32447.18,-32587.81,140.63,140.63,0.0043154173293633415,0.0043154173293633415,0.9956845826706366,0.006816006138224938,0.008347655251705827,0.9931839938617749,0.9916523447482941
2025-10,Department / Account,G&A / Payroll,-607385.98,-612098.68,4712.70,4712.70,0.007699248755119027,0.007699248755119027,0.9923007512448809,0.010417885520620737,0.007983454225347304,0.9895821144793793,0.9920165457746527
2025-10,Department / Account,G&A / Professional Services,-40907.81,-41430.50,522.69,522.69,0.01261606787270248,0.01261606787270248,0.9873839321272975,0.008978105447320516,0.008956120378867788,0.9910218945526795,0.9910438796211323
2025-10,Department / Account,G&A / Software,-67144.51,-67728.88,584.37,584.37,0.008628077121606027,0.008628077121606027,0.9913719228783939,0.0071964652817673265,0.00722664057190889,0.9928035347182327,0.9927733594280911
2025-10,Department / Account,G&A / Travel,-7452.06,-7351.11,-100.95,100.95,0.013732619971677748,-0.013732619971677748,0.9862673800283223,0.01171479083041249,0.009628045230794682,0.9882852091695876,0.9903719547692053
2025-10,Department / Account,Marketing / Facilities,-18821.66,-19041.00,219.34,219.34,0.011519352975158869,0.011519352975158869,0.9884806470248412,0.008387195690777897,0.007972696885000656,0.9916128043092222,0.9920273031149994
2025-10,Department / Account,Marketing / Marketing,-64855.14,-64043.93,-811.21,811.21,0.012666461911378643,-0.012666461911378643,0.9873335380886213,0.008399883767100663,0.008637899355086189,0.9916001162328993,0.9913621006449138
2025-10,Department / Account,Marketing / Other OpEx,-23490.33,-23652.50,162.17,162.17,0.006856357678892294,0.006856357678892294,0.9931436423211077,0.005780935387070717,0.007629792115908265,0.9942190646129293,0.9923702078840918
2025-10,Department / Account,Marketing / Payroll,-434079.67,-440447.45,6367.78,6367.78,0.014457524955587777,0.014457524955587777,0.9855424750444122,0.010409248373023221,0.007539200361265778,0.9895907516269767,0.9924607996387342
2025-10,Department / Account,Marketing / Professional Services,-29305.62,-29177.82,-127.80,127.80,0.0043800393586635325,-0.0043800393586635325,0.9956199606413365,0.00729837211860498,0.00544462607562893,0.9927016278813952,0.9945553739243712
2025-10,Department / Account,Marketing / Software,-49045.64,-48375.09,-670.55,670.55,0.01386147291922351,-0.01386147291922351,0.9861385270807765,0.006223840890622118,0.0035312305398288494,0.993776159109378,0.9964687694601712
2025-10,Department / Account,Marketing / Travel,-5260.29,-5279.42,19.13,19.13,0.0036235040970409626,0.0036235040970409626,0.9963764959029591,0.010357077493306905,0.009531384633210882,0.9896429225066932,0.9904686153667891
2025-10,Department / Account,Sales / Facilities,-58040.94,-58741.46,700.52,700.52,0.011925478188659253,0.011925478188659253,0.9880745218113407,0.01076118646468168,0.008349382833501734,0.9892388135353182,0.9916506171664983
2025-10,Department / Account,Sales / Marketing,-15444.22,-15614.78,170.56,170.56,0.010922984505705492,0.010922984505705492,0.9890770154942945,0.010677883892215736,0.009959742528183367,0.9893221161077843,0.9900402574718167
2025-10,Department / Account,Sales / Other OpEx,-66717.86,-66747.48,29.62,29.62,0.0004437620716167862,0.0004437620716167862,0.9995562379283832,0.004823351381246693,0.0038847303249061223,0.9951766486187533,0.9961152696750939
2025-10,Department / Account,Sales / Payroll,-1242727.62,-1237784.66,-4942.96,4942.96,0.003993392517887563,-0.003993392517887563,0.9960066074821124,0.008336648870825044,0.008545185535374353,0.991663351129175,0.9914548144646256
2025-10,Department / Account,Sales / Professional Services,-86138.72,-87088.79,950.07,950.07,0.010909211162538832,0.010909211162538832,0.9890907888374612,0.010177166196674829,0.00977926401254149,0.9898228338033251,0.9902207359874585
2025-10,Department / Account,Sales / Software,-143637.64,-143412.31,-225.33,225.33,0.001571204034019116,-0.001571204034019116,0.9984287959659809,0.003598734830292496,0.006109470070897492,0.9964012651697075,0.9938905299291024
2025-10,Department / Account,Sales / Travel,-44741.56,-44787.68,46.12,46.12,0.0010297474662675093,0.0010297474662675093,0.9989702525337325,0.008127239155149448,0.009039212735462697,0.9918727608448505,0.9909607872645373
2025-10,Region,Central,2969068.41,2966390.01,2678.40,2678.40,0.0009029156621249545,0.0009029156621249545,0.999097084337875,0.0004764064739431373,0.000875261080163787,0.999523593526057,0.9991247389198362
2025-10,Region,East,2708987.50,2706497.92,2489.58,2489.58,0.0009198529145738268,0.0009198529145738268,0.9990801470854261,0.0006439551234745847,0.0004871415748853777,0.9993560448765254,0.9995128584251146
2025-10,Region,West,3532721.88,4418734.30,-886012.42,886012.42,0.20051271695607498,-0.20051271695607498,0.799487283043925,0.18463188891143031,0.15883271886047698,0.8153681110885698,0.8411672811395231
2025-11,Company,Company Total,8986426.06,9922482.94,-936056.88,936056.88,0.09433696038181347,-0.09433696038181347,0.9056630396181865,0.08712087806271625,0.07558503290179076,0.9128791219372837,0.9244149670982091
2025-11,Department / Account,Customer Success / Facilities,-39158.96,-39157.14,-1.82,1.82,4.647939047642397e-05,-4.647939047642397e-05,0.9999535206095236,0.005305659487861931,0.0065581998273008014,0.9946943405121381,0.9934418001726991
2025-11,Department / Account,Customer Success / Marketing,-10403.58,-10375.25,-28.33,28.33,0.002730536613575576,-0.002730536613575576,0.9972694633864244,0.0063284897042459555,0.006919035121079044,0.9936715102957541,0.9930809648789208
2025-11,Department / Account,Customer Success / Other OpEx,-48320.36,-48041.68,-278.68,278.68,0.005800796308538752,-0.005800796308538752,0.9941992036914612,0.006812641330538005,0.00813705247420187,0.993187358669462,0.9918629475257982
2025-11,Department / Account,Customer Success / Payroll,-926195.13,-931162.38,4967.25,4967.25,0.005334461643521294,0.005334461643521294,0.9946655383564788,0.005128657418198655,0.0069778639650214845,0.9948713425818014,0.9930221360349786
2025-11,Department / Account,Customer Success / Professional Services,-61033.19,-60408.44,-624.75,624.75,0.010342097892281276,-0.010342097892281276,0.9896579021077188,0.008486818683570499,0.008631119452078588,0.9915131813164294,0.9913688805479214
2025-11,Department / Account,Customer Success / Software,-102775.00,-102852.60,77.60,77.60,0.0007544777672124963,0.0007544777672124963,0.9992455222327875,0.005354388919919351,0.004025728000128005,0.9946456110800806,0.995974271999872
2025-11,Department / Account,Customer Success / Travel,-30978.88,-31371.76,392.88,392.88,0.01252336496262881,0.01252336496262881,0.9874766350373712,0.007450731055545341,0.007926734138162873,0.9925492689444546,0.9920732658618371
2025-11,Department / Account,Engineering / Facilities,-88634.48,-87541.03,-1093.45,1093.45,0.012490714354171982,-0.012490714354171982,0.9875092856458281,0.007439266026536841,0.00552437269527968,0.9925607339734631,0.9944756273047203
2025-11,Department / Account,Engineering / Marketing,-23813.78,-23499.49,-314.29,314.29,0.013374332804669377,-0.013374332804669377,0.9866256671953306,0.009046207112964269,0.007924248883882462,0.9909537928870358,0.9920757511161176
2025-11,Department / Account,Engineering / Other OpEx,-106144.67,-107262.82,1118.15,1118.15,0.010424394958103843,0.010424394958103843,0.9895756050418961,0.006359244893998396,0.0069943580431717466,0.9936407551060015,0.9930056419568283
2025-11,Department / Account,Engineering / Payroll,-1883940.09,-1898394.02,14453.93,14453.93,0.00761376713565501,0.00761376713565501,0.992386232864345,0.004505990812005625,0.006496685207488489,0.9954940091879944,0.9935033147925115
2025-11,Department / Account,Engineering / Professional Services,-132793.28,-131406.79,-1386.49,1386.49,0.010551129055051112,-0.010551129055051112,0.9894488709449489,0.003746855369750192,0.002918208640989281,0.9962531446302498,0.9970817913590109
2025-11,Department / Account,Engineering / Software,-263019.76,-221025.01,-41994.75,41994.75,0.18999999140368776,-0.18999999140368776,0.8100000085963123,0.18999999072308224,0.18999999656105193,0.8100000092769178,0.8100000034389482
2025-11,Department / Account,Engineering / Travel,-23444.31,-23567.37,123.06,123.06,0.005221626341844678,0.005221626341844678,0.9947783736581554,0.00593251974961519,0.004738145453391841,0.9940674802503847,0.9952618545466082
2025-11,Department / Account,G&A / Facilities,-25786.63,-26092.60,305.97,305.97,0.011726313207576096,0.011726313207576096,0.9882736867924239,0.007052048820961256,0.00991862111472616,0.9929479511790387,0.9900813788852739
2025-11,Department / Account,G&A / Marketing,-7200.07,-7195.87,-4.20,4.20,0.0005836681318589691,-0.0005836681318589691,0.999416331868141,0.008874722268469422,0.010413617646188282,0.9911252777315306,0.9895863823538118
2025-11,Department / Account,G&A / Other OpEx,-31588.39,-31602.92,14.53,14.53,0.0004597676417242457,0.0004597676417242457,0.9995402323582757,0.005209245766198415,0.007632187760743655,0.9947907542338016,0.9923678122392562
2025-11,Department / Account,G&A / Payroll,-589532.11,-590489.68,957.57,957.57,0.0016216540820831956,0.0016216540820831956,0.9983783459179169,0.0062665774838012,0.0070443207974682474,0.9937334225161988,0.9929556792025318
2025-11,Department / Account,G&A / Professional Services,-41767.78,-41661.83,-105.95,105.95,0.002543095202491105,-0.002543095202491105,0.9974569047975089,0.00934786293008261,0.008326710702629584,0.9906521370699174,0.9916732892973704
2025-11,Department / Account,G&A / Software,-69896.01,-69711.96,-184.05,184.05,0.002640149552530154,-0.002640149552530154,0.9973598504474699,0.006572384716469968,0.00596909784938683,0.9934276152835301,0.9940309021506133
2025-11,Department / Account,G&A / Travel,-7333.22,-7278.92,-54.30,54.30,0.007459897896940754,-0.007459897896940754,0.9925401021030592,0.010481840780294701,0.00913179959658119,0.9895181592197053,0.9908682004034187
2025-11,Department / Account,Marketing / Facilities,-19348.93,-19368.47,19.54,19.54,0.0010088561460972394,0.0010088561460972394,0.9989911438539028,0.007727090210954445,0.006687551851946134,0.9922729097890456,0.9933124481480539
2025-11,Department / Account,Marketing / Marketing,-62679.69,-63066.47,386.78,386.78,0.006132894389046985,0.006132894389046985,0.993867105610953,0.008345677620924717,0.007674352236964557,0.9916543223790754,0.9923256477630354
2025-11,Department / Account,Marketing / Other OpEx,-23879.05,-23990.94,111.89,111.89,0.004663843934418576,0.004663843934418576,0.9953361560655815,0.0053014549698565715,0.007154303471604285,0.9946985450301434,0.9928456965283958
2025-11,Department / Account,Marketing / Payroll,-440900.39,-438439.10,-2461.29,2461.29,0.005613755707463135,-0.005613755707463135,0.9943862442925369,0.0076476532098435565,0.008086032471304494,0.9923523467901564,0.9919139675286955
2025-11,Department / Account,Marketing / Professional Services,-31302.41,-31603.31,300.90,300.90,0.009521154587921327,0.009521154587921327,0.9904788454120786,0.008532820938459947,0.006644442400057221,0.99146717906154,0.9933555575999428
2025-11,Department / Account,Marketing / Software,-49611.51,-50045.24,433.73,433.73,0.008666758317074712,0.008666758317074712,0.9913332416829252,0.008268235425660566,0.0047141146611840296,0.9917317645743394,0.995285885338816
2025-11,Department / Account,Marketing / Travel,-5296.54,-5300.87,4.33,4.33,0.000816847045862283,0.000816847045862283,0.9991831529541377,0.006029231965238555,0.00867558559631739,0.9939707680347615,0.9913244144036826
2025-11,Department / Account,Sales / Facilities,-57227.74,-56837.98,-389.76,389.76,0.006857386557368858,-0.006857386557368858,0.9931426134426311,0.010300564327870541,0.007417201658525622,0.9896994356721294,0.9925827983414743
2025-11,Department / Account,Sales / Marketing,-15460.39,-15676.72,216.33,216.33,0.013799442740573285,0.013799442740573285,0.9862005572594267,0.011211541250338459,0.00982938491542539,0.9887884587496615,0.9901706150845745
2025-11,Department / Account,Sales / Other OpEx,-69341.70,-69217.12,-124.58,124.58,0.0017998437380809835,-0.0017998437380809835,0.998200156261919,0.0013819374024861906,0.003058015001331633,0.9986180625975138,0.9969419849986684
2025-11,Department / Account,Sales / Payroll,-1301978.54,-1307238.59,5260.05,5260.05,0.004023787272069439,0.004023787272069439,0.9959762127279306,0.007280293178257638,0.007773226166371929,0.9927197068217423,0.9922267738336282
2025-11,Department / Account,Sales / Professional Services,-88500.04,-89661.17,1161.13,1161.13,0.01295019906610632,0.01295019906610632,0.9870498009338937,0.010280770425741374,0.011092414555932654,0.9897192295742586,0.9889075854440673
2025-11,Department / Account,Sales / Software,-147506.56,-149268.55,1761.99,1761.99,0.011804161023872746,0.011804161023872746,0.9881958389761273,0.00581250654095436,0.006557457572490835,0.9941874934590457,0.9934425424275091
2025-11,Department / Account,Sales / Travel,-42776.35,-42593.44,-182.91,182.91,0.0042943232572903245,-0.0042943232572903245,0.9957056767427097,0.004920678457650435,0.007801188343986575,0.9950793215423497,0.9921988116560135
2025-11,Region,Central,2912490.08,2908374.04,4116.04,4116.04,0.0014152374981314302,0.0014152374981314302,0.9985847625018686,0.0008769515192181407,0.000819545907227731,0.9991230484807819,0.9991804540927723
2025-11,Region,East,2641898.63,2638758.06,3140.57,3140.57,0.001190169742200617,0.001190169742200617,0.9988098302577993,0.0009296475352663349,0.0005837451599567319,0.9990703524647336,0.9994162548400433
2025-11,Region,West,3432037.35,4375350.84,-943313.49,943313.49,0.215597222827507,-0.215597222827507,0.784402777172493,0.20033492163652236,0.17571330584901879,0.7996650783634777,0.8242866941509811
2025-12,Company,Company Total,8884513.89,9898340.92,-1013827.03,1013827.03,0.10242393530329122,-0.10242393530329122,0.8975760646967088,0.0946818725328139,0.08329130365564323,0.9053181274671861,0.9167086963443568
2025-12,Department / Account,Customer Success / Facilities,-40424.74,-40573.44,148.70,148.70,0.0036649591456874245,0.0036649591456874245,0.9963350408543126,0.004587695839128528,0.0049055556486943125,0.9954123041608716,0.9950944443513056
2025-12,Department / Account,Customer Success / Marketing,-10985.78,-10979.38,-6.40,6.40,0.0005829108747488474,-0.0005829108747488474,0.9994170891252512,0.002788685195293924,0.006058142105016376,0.997211314804706,0.9939418578949836
2025-12,Department / Account,Customer Success / Other OpEx,-47895.48,-48139.20,243.72,243.72,0.005062817828297936,0.005062817828297936,0.994937182171702,0.008440082204165178,0.007337833913675464,0.9915599177958349,0.9926621660863245
2025-12,Department / Account,Customer Success / Payroll,-879052.34,-888051.97,8999.63,8999.63,0.010134125371063587,0.010134125371063587,0.9898658746289364,0.006852291863551559,0.0067268989867091495,0.9931477081364485,0.9932731010132908
2025-12,Department / Account,Customer Success / Professional Services,-62409.51,-61579.88,-829.63,829.63,0.01347241988779452,-0.01347241988779452,0.9865275801122054,0.008790991101287433,0.01065909452000474,0.9912090088987126,0.9893409054799952
2025-12,Department / Account,Customer Success / Software,-98581.51,-97636.82,-944.69,944.69,0.00967555067852476,-0.00967555067852476,0.9903244493214752,0.008498211206787962,0.0045084529017783885,0.991501788793212,0.9954915470982217
2025-12,Department / Account,Customer Success / Travel,-30187.42,-30614.08,426.66,426.66,0.013936724539819586,0.013936724539819586,0.9860632754601805,0.009971828839388422,0.0086102579578384,0.9900281711606116,0.9913897420421615
2025-12,Department / Account,Engineering / Facilities,-88030.27,-87607.82,-422.45,422.45,0.004822058122208725,-0.004822058122208725,0.9951779418777913,0.008742102501525137,0.005983570423481493,0.9912578974984748,0.9940164295765186
2025-12,Department / Account,Engineering / Marketing,-23263.64,-23372.28,108.64,108.64,0.004648241421033806,0.004648241421033806,0.9953517585789662,0.009342128697015568,0.006741651479905138,0.9906578713029844,0.9932583485200949
2025-12,Department / Account,Engineering / Other OpEx,-106523.20,-106620.52,97.32,97.32,0.0009127698870723946,0.0009127698870723946,0.9990872301129277,0.005174233710979719,0.0064013482637399035,0.9948257662890203,0.99359865173626
2025-12,Department / Account,Engineering / Payroll,-1997030.85,-1987016.58,-10014.27,10014.27,0.005039852259310287,-0.005039852259310287,0.9949601477406897,0.005649987487371923,0.004974117948446075,0.9943500125126281,0.995025882051554
2025-12,Department / Account,Engineering / Professional Services,-139418.77,-137436.06,-1982.71,1982.71,0.014426417637408989,-0.014426417637408989,0.985573582362591,0.00841541941727702,0.004846502267989825,0.9915845805827229,0.9951534977320101
2025-12,Department / Account,Engineering / Software,-266465.69,-223920.75,-42544.94,42544.94,0.18999998883533573,-0.18999998883533573,0.8100000111646642,0.18999998074630045,0.18999999215581506,0.8100000192536996,0.8100000078441849
2025-12,Department / Account,Engineering / Travel,-24148.22,-24292.86,144.64,144.64,0.005954012825167559,0.005954012825167559,0.9940459871748324,0.005851806239440899,0.004809044309381664,0.9941481937605591,0.9951909556906183
2025-12,Department / Account,G&A / Facilities,-26380.91,-26717.53,336.62,336.62,0.012599218565488651,0.012599218565488651,0.9874007814345114,0.010622409864169902,0.009678121838828638,0.9893775901358302,0.9903218781611715
2025-12,Department / Account,G&A / Marketing,-6816.65,-6733.42,-83.23,83.23,0.01236073199057834,-0.01236073199057834,0.9876392680094217,0.008666009105887496,0.010334540657392779,0.9913339908941126,0.9896654593426072
2025-12,Department / Account,G&A / Other OpEx,-33281.16,-32884.36,-396.80,396.80,0.012066526458170388,-0.012066526458170388,0.9879334735418296,0.005613903809752658,0.0073770931301916825,0.9943860961902473,0.9926229068698084
2025-12,Department / Account,G&A / Payroll,-606502.26,-603871.76,-2630.50,2630.50,0.004356057319189756,-0.004356057319189756,0.9956439426808102,0.0045589867187973265,0.0062821878247990084,0.9954410132812027,0.993717812175201
2025-12,Department / Account,G&A / Professional Services,-41809.31,-41457.09,-352.22,352.22,0.008496013588990449,-0.008496013588990449,0.9915039864110096,0.007885058888061345,0.0073159805335537564,0.9921149411119387,0.9926840194664462
2025-12,Department / Account,G&A / Software,-67359.00,-67027.53,-331.47,331.47,0.0049452814388356555,-0.0049452814388356555,0.9950547185611643,0.005404502704323945,0.006647634940436009,0.9945954972956761,0.993352365059564
2025-12,Department / Account,G&A / Travel,-7371.27,-7356.10,-15.17,15.17,0.0020622340642459996,-0.0020622340642459996,0.997937765935754,0.007751583977621501,0.008531846301044312,0.9922484160223785,0.9914681536989557
2025-12,Department / Account,Marketing / Facilities,-19642.25,-19404.05,-238.20,238.20,0.01227578778657033,-0.01227578778657033,0.9877242122134297,0.00826799896927548,0.007425206185001229,0.9917320010307246,0.9925747938149988
2025-12,Department / Account,Marketing / Marketing,-63568.05,-62868.28,-699.77,699.77,0.011130732382053398,-0.011130732382053398,0.9888692676179466,0.009976696227493009,0.007986221087059557,0.990023303772507,0.9920137789129404
2025-12,Department / Account,Marketing / Other OpEx,-23945.61,-23638.13,-307.48,307.48,0.013007797148082357,-0.013007797148082357,0.9869922028519177,0.008175999587131076,0.00813232546651816,0.991824000412869,0.9918676745334817
2025-12,Department / Account,Marketing / Payroll,-424013.91,-420032.37,-3981.54,3981.54,0.00947912657303055,-0.00947912657303055,0.9905208734269695,0.009850135745360486,0.009505660563904518,0.9901498642546395,0.9904943394360955
2025-12,Department / Account,Marketing / Professional Services,-31330.84,-31785.10,454.26,454.26,0.014291602039949537,0.014291602039949537,0.9857083979600505,0.009397598662178132,0.008364015409215199,0.990602401337822,0.9916359845907848
2025-12,Department / Account,Marketing / Software,-49961.92,-50282.04,320.12,320.12,0.0063664879149692415,0.0063664879149692415,0.9936335120850308,0.009631573050422488,0.005698327821846137,0.9903684269495775,0.9943016721781538
2025-12,Department / Account,Marketing / Travel,-5185.29,-5161.95,-23.34,23.34,0.00452154708976259,-0.00452154708976259,0.9954784529102374,0.0029872994108886114,0.008209545066629055,0.9970127005891114,0.991790454933371
2025-12,Department / Account,Sales / Facilities,-55571.34,-56067.34,496.00,496.00,0.00884650493495857,0.00884650493495857,0.9911534950650415,0.009209789893662227,0.008734575086829765,0.9907902101063377,0.9912654249131703
2025-12,Department / Account,Sales / Marketing,-14878.47,-14854.40,-24.07,24.07,0.0016203953037483845,-0.0016203953037483845,0.9983796046962516,0.008780940850009054,0.008494151417230329,0.9912190591499909,0.9915058485827695
2025-12,Department / Account,Sales / Other OpEx,-70872.51,-71589.66,717.15,717.15,0.010017508114998729,0.010017508114998729,0.9899824918850013,0.004087037974898833,0.004390685896933786,0.9959129620251012,0.9956093141030662
2025-12,Department / Account,Sales / Payroll,-1217936.54,-1200901.80,-17034.74,17034.74,0.014184956671727865,-0.014184956671727865,0.9858150433282722,0.007400712153894956,0.008614808752830676,0.9925992878461051,0.9913851912471694
2025-12,Department / Account,Sales / Professional Services,-85000.78,-85556.00,555.22,555.22,0.006489550703632709,0.006489550703632709,0.9935104492963673,0.010116320310759286,0.010652674822420508,0.9898836796892407,0.9893473251775795
2025-12,Department / Account,Sales / Software,-142401.12,-143243.68,842.56,842.56,0.005882004706944138,0.005882004706944138,0.9941179952930559,0.006419123254945334,0.0065509289858660495,0.9935808767450546,0.993449071014134
2025-12,Department / Account,Sales / Travel,-45397.19,-45725.60,328.41,328.41,0.007182191157688473,0.007182191157688473,0.9928178088423115,0.004168753960415435,0.008026092463147288,0.9958312460395846,0.9919739075368529
2025-12,Region,Central,2875970.83,2871050.04,4920.79,4920.79,0.0017139339027333706,0.0017139339027333706,0.9982860660972667,0.001344029020996585,0.0008832939220587032,0.9986559709790034,0.9991167060779413
2025-12,Region,East,2588391.62,2585135.08,3256.54,3256.54,0.001259717538628581,0.001259717538628581,0.9987402824613714,0.0011232467318010083,0.0007396655044487653,0.998876753268199,0.9992603344955512
2025-12,Region,West,3420151.44,4442155.80,-1022004.36,1022004.36,0.23006945411504928,-0.23006945411504928,0.7699305458849507,0.21539313129954377,0.19182103239665702,0.7846068687004562,0.808178967603343
