period,department_name,account_name,actual_amount,budget_amount,forecast_amount,forecast_variance,forecast_variance_pct,budget_variance,budget_variance_pct,material_unfavorable_flag,rolling_3m_forecast_variance,ytd_forecast_variance,material_unfavorable_months_trailing_6,variance_classification
2024-01,Customer Success,Marketing,-9658.86,-9384.90,-9785.21,126.35,0.012912344241973347,-273.96,-0.029191573698174725,0,126.35,126.35,0,Within Tolerance
2024-02,Customer Success,Marketing,-10408.64,-10165.75,-10372.96,-35.68,-0.0034397124832256177,-242.89,-0.02389297395666822,0,90.67,90.67,0,Within Tolerance
2024-03,Customer Success,Marketing,-9905.26,-9553.14,-9815.05,-90.21,-0.009190987310304074,-352.12,-0.03685908507569239,0,0.46,0.46,0,Within Tolerance
2024-04,Customer Success,Marketing,-9532.55,-9211.88,-9605.27,72.72,0.007570843922138575,-320.67,-0.0348104838534588,0,-53.17,73.18,0,Within Tolerance
2024-05,Customer Success,Marketing,-9829.23,-9397.59,-9893.33,64.10,0.006479112695118832,-431.64,-0.04593092484349711,0,46.61,137.28,0,Within Tolerance
2024-06,Customer Success,Marketing,-9777.90,-9496.73,-9906.98,129.08,0.01302919759603835,-281.17,-0.029607033157729033,0,265.90,266.36,0,Within Tolerance
2024-07,Customer Success,Marketing,-9840.71,-9473.28,-9707.59,-133.12,-0.013712981285777418,-367.43,-0.03878593264423726,0,60.06,133.24,0,Within Tolerance
2024-08,Customer Success,Marketing,-10054.34,-9561.89,-9960.78,-93.56,-0.009392838713434088,-492.45,-0.05150132452893727,0,-97.60,39.68,0,Within Tolerance
2024-09,Customer Success,Marketing,-10328.57,-9923.54,-10202.33,-126.24,-0.012373644059739295,-405.03,-0.04081507204082414,0,-352.92,-86.56,0,Within Tolerance
2024-10,Customer Success,Marketing,-9942.06,-9573.84,-10060.50,118.44,0.011772774712986432,-368.22,-0.03846105637863177,0,-101.36,31.88,0,Within Tolerance
2024-11,Customer Success,Marketing,-9831.43,-9583.33,-9726.96,-104.47,-0.010740251836133799,-248.10,-0.02588870465694075,0,-112.27,-72.59,0,Within Tolerance
2024-12,Customer Success,Marketing,-10372.53,-9872.51,-10497.09,124.56,0.011866145760396452,-500.02,-0.05064770762450481,0,138.53,51.97,0,Within Tolerance
2024-01,Customer Success,Payroll,-833493.68,-785455.25,-822620.29,-10873.39,-0.013217993930103523,-48038.43,-0.06115998333450569,1,-10873.39,-10873.39,1,Potential Timing Issue
2024-02,Customer Success,Payroll,-811799.48,-788674.52,-807674.96,-4124.52,-0.005106658252720873,-23124.96,-0.029321297206355797,0,-14997.91,-14997.91,1,Within Tolerance
2024-03,Customer Success,Payroll,-838402.49,-819760.97,-831828.78,-6573.71,-0.007902720076600379,-18641.52,-0.022740189740919237,0,-21571.62,-21571.62,1,Within Tolerance
2024-04,Customer Success,Payroll,-857617.08,-846125.31,-865882.76,8265.68,0.009545957468884125,-11491.77,-0.01358164076193395,0,-2432.55,-13305.94,1,Within Tolerance
2024-05,Customer Success,Payroll,-818751.31,-780917.62,-807043.00,-11708.31,-0.014507665638633876,-37833.69,-0.048447735114492615,1,-10016.34,-25014.25,2,Potential Timing Issue
2024-06,Customer Success,Payroll,-812534.50,-783524.64,-812087.70,-446.80,-0.0005501868825251264,-29009.86,-0.03702482158059509,0,-3889.43,-25461.05,2,Within Tolerance
2024-07,Customer Success,Payroll,-838259.67,-797175.02,-843899.49,5639.82,0.0066830470533878385,-41084.65,-0.05153780408222024,0,-6515.29,-19821.23,1,Within Tolerance
2024-08,Customer Success,Payroll,-861255.92,-831280.90,-849521.69,-11734.23,-0.013812749148288374,-29975.02,-0.03605883402349314,1,-6541.21,-31555.46,2,Potential Timing Issue
2024-09,Customer Success,Payroll,-829839.63,-800439.25,-837333.43,7493.80,0.008949600877633657,-29400.38,-0.036730307765392566,0,1399.39,-24061.66,2,Within Tolerance
2024-10,Customer Success,Payroll,-822021.88,-810362.69,-822247.53,225.65,0.0002744307422851121,-11659.19,-0.01438761944975527,0,-4014.78,-23836.01,2,Within Tolerance
2024-11,Customer Success,Payroll,-833252.27,-792178.53,-826940.90,-6311.37,-0.0076321899182879935,-41073.74,-0.0518490951780781,0,1408.08,-30147.38,1,Within Tolerance
2024-12,Customer Success,Payroll,-839673.45,-825063.56,-851808.15,12134.70,0.014245813449894791,-14609.89,-0.017707593339839175,0,6048.98,-18012.68,1,Within Tolerance
2025-01,G&A,Marketing,-6608.27,-6394.88,-6576.87,-31.40,-0.004774307535347361,-213.39,-0.033368882606084865,0,58.41,-31.40,0,Within Tolerance
2025-02,G&A,Marketing,-6572.30,-6207.90,-6510.10,-62.20,-0.009554384725273037,-364.40,-0.05869939915269254,0,-23.63,-93.60,0,Within Tolerance
2025-03,G&A,Marketing,-6594.95,-6256.76,-6574.35,-20.60,-0.003133389612661328,-338.19,-0.05405193742448168,0,-114.20,-114.20,0,Within Tolerance
2025-04,G&A,Marketing,-6836.67,-6512.13,-6867.14,30.47,0.004437072784303217,-324.54,-0.049836228699365645,0,-52.33,-83.73,0,Within Tolerance
2025-05,G&A,Marketing,-7071.08,-6706.00,-7091.08,20.00,0.002820444840560253,-365.08,-0.05444079928422308,0,29.87,-63.73,0,Within Tolerance
2025-06,G&A,Marketing,-7040.42,-6804.78,-6951.20,-89.22,-0.012835193923351364,-235.64,-0.0346285993081334,0,-38.75,-152.95,0,Within Tolerance
2025-07,G&A,Marketing,-7071.29,-6828.43,-7137.81,66.52,0.009319385077495758,-242.86,-0.03556600858469663,0,-2.70,-86.43,0,Within Tolerance
2025-08,G&A,Marketing,-6831.03,-6460.40,-6738.69,-92.34,-0.01370296007087431,-370.63,-0.057369512723670364,0,-115.04,-178.77,0,Within Tolerance
2025-09,G&A,Marketing,-7246.68,-6843.67,-7342.03,95.35,0.012986871478324115,-403.01,-0.05888799430714806,0,69.53,-83.42,0,Within Tolerance
2025-10,G&A,Marketing,-7013.35,-6840.97,-6922.98,-90.37,-0.01305362719522518,-172.38,-0.025198180959717698,0,-87.36,-173.79,0,Within Tolerance
2025-11,G&A,Marketing,-7200.07,-6991.11,-7195.87,-4.20,-0.0005836681318589691,-208.96,-0.029889388094308345,0,0.78,-177.99,0,Within Tolerance
2025-12,G&A,Marketing,-6816.65,-6614.04,-6733.42,-83.23,-0.01236073199057834,-202.61,-0.030633319423529343,0,-177.80,-261.22,0,Within Tolerance
2025-01,G&A,Software,-68209.81,-65879.84,-68369.98,160.17,0.002342694849406128,-2329.97,-0.035366965068524756,0,-77.74,160.17,0,Within Tolerance
2025-02,G&A,Software,-67794.34,-66842.89,-68451.82,657.48,0.009605003928310452,-951.45,-0.01423412422772265,0,1171.95,817.65,0,Within Tolerance
2025-03,G&A,Software,-65941.60,-63189.16,-65609.16,-332.44,-0.005066975404044191,-2752.44,-0.04355873697324034,0,485.21,485.21,0,Within Tolerance
2025-04,G&A,Software,-64309.05,-61487.00,-64065.92,-243.13,-0.0037949974026752443,-2822.05,-0.04589669361003139,0,81.91,242.08,0,Within Tolerance
2025-05,G&A,Software,-68186.13,-66172.82,-68887.78,701.65,0.010185405887662514,-2013.31,-0.03042502949096018,0,126.08,943.73,0,Within Tolerance
2025-06,G&A,Software,-66483.79,-65727.17,-66425.73,-58.06,-0.0008740588925405864,-756.62,-0.011511525598926594,0,400.46,885.67,0,Within Tolerance
2025-07,G&A,Software,-66525.66,-64237.24,-67245.93,720.27,0.010710982805948257,-2288.42,-0.03562450690596296,0,1363.86,1605.94,0,Within Tolerance
2025-08,G&A,Software,-66770.24,-64684.67,-66470.30,-299.94,-0.004512391248422227,-2085.57,-0.03224210620538066,0,362.27,1306.00,0,Within Tolerance
2025-09,G&A,Software,-69703.74,-65596.46,-70297.68,593.94,0.008448927475273723,-4107.28,-0.0626143544941297,0,1014.27,1899.94,0,Within Tolerance
2025-10,G&A,Software,-67144.51,-65493.41,-67728.88,584.37,0.008628077121606027,-1651.10,-0.02521017000030995,0,878.37,2484.31,0,Within Tolerance
2025-11,G&A,Software,-69896.01,-67282.33,-69711.96,-184.05,-0.002640149552530154,-2613.68,-0.03884645493103464,0,994.26,2300.26,0,Within Tolerance
2025-12,G&A,Software,-67359.00,-65274.84,-67027.53,-331.47,-0.0049452814388356555,-2084.16,-0.031928994387424005,0,68.85,1968.79,0,Within Tolerance
2024-01,G&A,Travel,-6698.87,-6531.10,-6668.55,-30.32,-0.004546715552856318,-167.77,-0.025687862687755508,0,-30.32,-30.32,0,Within Tolerance
2024-02,G&A,Travel,-6670.07,-6591.31,-6614.18,-55.89,-0.008450027063067531,-78.76,-0.01194906627058961,0,-86.21,-86.21,0,Within Tolerance
2024-03,G&A,Travel,-6752.28,-6520.64,-6742.25,-10.03,-0.001487633950090845,-231.64,-0.035524120331746574,0,-96.24,-96.24,0,Within Tolerance
2024-04,G&A,Travel,-6943.84,-6830.58,-6992.16,48.32,0.006910597011510034,-113.26,-0.016581315203101347,0,-17.60,-47.92,0,Within Tolerance
2024-05,G&A,Travel,-6957.97,-6837.71,-6868.06,-89.91,-0.01309103298456915,-120.26,-0.017587759644676362,0,-51.62,-137.83,0,Within Tolerance
2024-06,G&A,Travel,-6674.03,-6398.49,-6673.55,-0.48,-7.192573667688112e-05,-275.54,-0.04306328524386223,0,-42.07,-138.31,0,Within Tolerance
2024-07,G&A,Travel,-6998.45,-6741.96,-6944.92,-53.53,-0.0077077921703921715,-256.49,-0.0380438329506553,0,-143.92,-191.84,0,Within Tolerance
2024-08,G&A,Travel,-6718.01,-6494.22,-6640.49,-77.52,-0.011673837322245797,-223.79,-0.034459873549094425,0,-131.53,-269.36,0,Within Tolerance
2024-09,G&A,Travel,-6672.21,-6360.32,-6665.43,-6.78,-0.001017188688501717,-311.89,-0.04903684091366472,0,-137.83,-276.14,0,Within Tolerance
2024-10,G&A,Travel,-7163.11,-6942.15,-7213.86,50.75,0.0070350686040483185,-220.96,-0.03182875622105544,0,-33.55,-225.39,0,Within Tolerance
2024-11,G&A,Travel,-6723.44,-6372.23,-6756.36,32.92,0.004872446110035582,-351.21,-0.05511571302354121,0,76.89,-192.47,0,Within Tolerance
2024-12,G&A,Travel,-7272.06,-7061.72,-7188.65,-83.41,-0.011603013083124092,-210.34,-0.02978594450077318,0,0.26,-275.88,0,Within Tolerance
2025-01,Marketing,Other OpEx,-22777.67,-22238.64,-22920.80,143.13,0.006244546438169698,-539.03,-0.024238442638578616,0,211.80,143.13,0,Within Tolerance
2025-02,Marketing,Other OpEx,-22854.72,-22183.00,-23111.61,256.89,0.011115192753771805,-671.72,-0.030280845692647523,0,638.54,400.02,0,Within Tolerance
2025-03,Marketing,Other OpEx,-23238.03,-22769.11,-22993.92,-244.11,-0.010616284652638612,-468.92,-0.020594568694165035,0,155.91,155.91,0,Within Tolerance
2025-04,Marketing,Other OpEx,-22303.74,-21941.29,-22542.22,238.48,0.010579259717986959,-362.45,-0.016519083426726505,0,251.26,394.39,0,Within Tolerance
2025-05,Marketing,Other OpEx,-23836.92,-22710.23,-23659.08,-177.84,-0.007516775800242443,-1126.69,-0.04961156271865146,0,-183.47,216.55,0,Within Tolerance
2025-06,Marketing,Other OpEx,-24017.50,-23661.60,-24190.21,172.71,0.007139665178599112,-355.90,-0.015041248267234675,0,233.35,389.26,0,Within Tolerance
2025-07,Marketing,Other OpEx,-24704.35,-23754.13,-25049.52,345.17,0.013779505555395873,-950.22,-0.040002306967251586,0,340.04,734.43,0,Within Tolerance
2025-08,Marketing,Other OpEx,-23400.43,-22335.30,-23258.50,-141.93,-0.00610228518606101,-1065.13,-0.04768818865204408,0,375.95,592.50,0,Within Tolerance
2025-09,Marketing,Other OpEx,-22886.46,-22645.18,-22786.56,-99.90,-0.004384163296258847,-241.28,-0.010654806011698737,0,103.34,492.60,0,Within Tolerance
2025-10,Marketing,Other OpEx,-23490.33,-22414.69,-23652.50,162.17,0.006856357678892294,-1075.64,-0.047988172042531044,0,-79.66,654.77,0,Within Tolerance
2025-11,Marketing,Other OpEx,-23879.05,-23046.22,-23990.94,111.89,0.004663843934418576,-832.83,-0.036137379578950475,0,174.16,766.66,0,Within Tolerance
2025-12,Marketing,Other OpEx,-23945.61,-23345.36,-23638.13,-307.48,-0.013007797148082357,-600.25,-0.025711747430752833,0,-33.42,459.18,0,Within Tolerance
2025-01,Customer Success,Marketing,-9896.41,-9566.86,-9810.25,-86.16,-0.008782650798909305,-329.55,-0.034447039049385064,0,-66.07,-86.16,0,Within Tolerance
2025-02,Customer Success,Marketing,-10003.33,-9858.05,-10141.47,138.14,0.01362129947630866,-145.28,-0.014737194475580872,0,176.54,51.98,0,Within Tolerance
2025-03,Customer Success,Marketing,-10652.76,-10056.12,-10766.62,113.86,0.010575278035260833,-596.64,-0.0593310342358683,0,165.84,165.84,0,Within Tolerance
2025-04,Customer Success,Marketing,-10544.18,-9922.68,-10662.01,117.83,0.011051387121190094,-621.50,-0.06263428831726912,0,369.83,283.67,0,Within Tolerance
2025-05,Customer Success,Marketing,-10179.43,-9969.38,-10154.69,-24.74,-0.002436312679165981,-210.05,-0.021069514854484436,0,206.95,258.93,0,Within Tolerance
2025-06,Customer Success,Marketing,-10674.64,-10172.23,-10613.63,-61.01,-0.005748268971124865,-502.41,-0.04939035000191699,0,32.08,197.92,0,Within Tolerance
2025-07,Customer Success,Marketing,-10808.77,-10523.30,-10790.71,-18.06,-0.0016736618813775923,-285.47,-0.02712742200640484,0,-103.81,179.86,0,Within Tolerance
2025-08,Customer Success,Marketing,-10713.62,-10196.75,-10554.18,-159.44,-0.015106810761233937,-516.87,-0.05068968053546473,0,-238.51,20.42,0,Within Tolerance
2025-09,Customer Success,Marketing,-10962.95,-10727.22,-10841.50,-121.45,-0.011202324401604943,-235.73,-0.021974938520884255,0,-298.95,-101.03,0,Within Tolerance
2025-10,Customer Success,Marketing,-10813.16,-10224.54,-10758.80,-54.36,-0.005052608097557349,-588.62,-0.05756933808269125,0,-335.25,-155.39,0,Within Tolerance
2025-11,Customer Success,Marketing,-10403.58,-10188.06,-10375.25,-28.33,-0.002730536613575576,-215.52,-0.021154174592611354,0,-204.14,-183.72,0,Within Tolerance
2025-12,Customer Success,Marketing,-10985.78,-10645.35,-10979.38,-6.40,-0.0005829108747488474,-340.43,-0.03197922097441606,0,-89.09,-190.12,0,Within Tolerance
2025-01,Customer Success,Payroll,-825765.91,-812925.92,-837246.72,11480.81,0.013712576861453694,-12839.99,-0.015794784843371705,0,17304.14,11480.81,1,Within Tolerance
2025-02,Customer Success,Payroll,-875324.69,-859610.31,-884475.65,9150.96,0.010346197772657731,-15714.38,-0.018280818432715167,0,32766.47,20631.77,0,Within Tolerance
2025-03,Customer Success,Payroll,-856850.12,-805947.58,-861967.09,5116.97,0.005936386736064367,-50902.54,-0.0631586237903959,0,25748.74,25748.74,0,Within Tolerance
2025-04,Customer Success,Payroll,-861245.57,-823254.22,-855304.69,-5940.88,-0.0069459223940418246,-37991.35,-0.04614777437764,0,8327.05,19807.86,0,Within Tolerance
2025-05,Customer Success,Payroll,-842040.11,-811993.25,-835571.89,-6468.22,-0.007741069412950213,-30046.86,-0.03700382977321548,0,-7292.13,13339.64,0,Within Tolerance
2025-06,Customer Success,Payroll,-879934.73,-835852.70,-890297.72,10362.99,0.011639915240937604,-44082.03,-0.05273899336569709,0,-2046.11,23702.63,0,Within Tolerance
2025-07,Customer Success,Payroll,-886522.52,-865663.41,-887039.56,517.04,0.0005828826845107111,-20859.11,-0.024096097581391362,0,4411.81,24219.67,0,Within Tolerance
2025-08,Customer Success,Payroll,-883168.56,-867576.23,-895943.29,12774.73,0.014258413610084628,-15592.33,-0.01797228815270792,0,23654.76,36994.40,0,Within Tolerance
2025-09,Customer Success,Payroll,-858057.03,-821456.37,-862337.00,4279.97,0.004963222035004876,-36600.66,-0.0445558173710431,0,17571.74,41274.37,0,Within Tolerance
2025-10,Customer Success,Payroll,-867408.37,-857509.38,-863017.09,-4391.28,-0.005088288576069797,-9898.99,-0.011543885385836828,0,12663.42,36883.09,0,Within Tolerance
2025-11,Customer Success,Payroll,-926195.13,-873511.35,-931162.38,4967.25,0.005334461643521294,-52683.78,-0.060312645050347655,0,4855.94,41850.34,0,Within Tolerance
2025-12,Customer Success,Payroll,-879052.34,-845274.56,-888051.97,8999.63,0.010134125371063587,-33777.78,-0.039960719981919246,0,9575.60,50849.97,0,Within Tolerance
2024-01,G&A,Marketing,-6921.43,-6743.64,-6995.66,74.23,0.010610864450244867,-177.79,-0.026364100100242597,0,74.23,74.23,0,Within Tolerance
2024-02,G&A,Marketing,-6617.20,-6389.80,-6551.29,-65.91,-0.010060614016476144,-227.40,-0.0355879683245172,0,8.32,8.32,0,Within Tolerance
2024-03,G&A,Marketing,-6943.23,-6847.32,-6853.70,-89.53,-0.013063017056480442,-95.91,-0.014006939941466151,0,-81.21,-81.21,0,Within Tolerance
2024-04,G&A,Marketing,-6670.56,-6534.78,-6754.79,84.23,0.012469669671447966,-135.78,-0.020778052206807267,0,-71.21,3.02,0,Within Tolerance
2024-05,G&A,Marketing,-7020.79,-6843.80,-6966.15,-54.64,-0.007843643906605514,-176.99,-0.025861363569946522,0,-59.94,-51.62,0,Within Tolerance
2024-06,G&A,Marketing,-6880.50,-6527.81,-6779.83,-100.67,-0.014848454902261561,-352.69,-0.05402883968742962,0,-71.08,-152.29,0,Within Tolerance
2024-07,G&A,Marketing,-6545.09,-6368.89,-6620.93,75.84,0.01145458417473074,-176.20,-0.02766573139118433,0,-79.47,-76.45,0,Within Tolerance
2024-08,G&A,Marketing,-6707.96,-6489.16,-6615.72,-92.24,-0.013942548959145791,-218.80,-0.033717769326076105,0,-117.07,-168.69,0,Within Tolerance
2024-09,G&A,Marketing,-6736.76,-6603.27,-6753.02,16.26,0.0024078116161361882,-133.49,-0.02021574159469475,0,-0.14,-152.43,0,Within Tolerance
2024-10,G&A,Marketing,-6628.57,-6548.99,-6544.80,-83.77,-0.012799474391883631,-79.58,-0.012151492062134773,0,-159.75,-236.20,0,Within Tolerance
2024-11,G&A,Marketing,-7052.83,-6962.27,-7072.67,19.84,0.002805164103513949,-90.56,-0.013007251945127092,0,-47.67,-216.36,0,Within Tolerance
2024-12,G&A,Marketing,-7133.92,-6739.31,-7203.89,69.97,0.009712807941265066,-394.61,-0.05855347209135653,0,6.04,-146.39,0,Within Tolerance
2024-01,G&A,Software,-64915.38,-64241.74,-64078.69,-836.69,-0.01305722698138804,-673.64,-0.010486017346354567,0,-836.69,-836.69,0,Within Tolerance
2024-02,G&A,Software,-64093.41,-62736.45,-63143.29,-950.12,-0.01504704617070159,-1356.96,-0.021629531157724098,0,-1786.81,-1786.81,0,Within Tolerance
2024-03,G&A,Software,-62009.72,-59713.83,-62042.36,32.64,0.0005260921731539549,-2295.89,-0.03844821208085296,0,-1754.17,-1754.17,0,Within Tolerance
2024-04,G&A,Software,-64161.89,-60909.46,-64758.69,596.80,0.009215751584845215,-3252.43,-0.0533977809029993,0,-320.68,-1157.37,0,Within Tolerance
2024-05,G&A,Software,-65821.05,-63297.56,-66337.98,516.93,0.007792368715477921,-2523.49,-0.03986709756268646,0,1146.37,-640.44,0,Within Tolerance
2024-06,G&A,Software,-66023.65,-64771.57,-65235.79,-787.86,-0.012077112885426849,-1252.08,-0.019330703269968597,0,325.87,-1428.30,0,Within Tolerance
2024-07,G&A,Software,-64639.48,-61906.26,-64950.36,310.88,0.004786424586407219,-2733.22,-0.04415094693169963,0,39.95,-1117.42,0,Within Tolerance
2024-08,G&A,Software,-63531.83,-62609.95,-63390.79,-141.04,-0.002224928889512183,-921.88,-0.01472417722742152,0,-618.02,-1258.46,0,Within Tolerance
2024-09,G&A,Software,-65383.29,-62724.35,-65708.73,325.44,0.004952766550198125,-2658.94,-0.042390873719695785,0,495.28,-933.02,0,Within Tolerance
2024-10,G&A,Software,-64905.31,-63137.41,-65770.62,865.31,0.0131564823320808,-1767.90,-0.028000831836465893,0,1049.71,-67.71,0,Within Tolerance
2024-11,G&A,Software,-65581.24,-64320.96,-64989.03,-592.21,-0.00911246097995308,-1260.28,-0.019593613030651283,0,598.54,-659.92,0,Within Tolerance
2024-12,G&A,Software,-65739.35,-63238.10,-66093.65,354.30,0.005360575486449909,-2501.25,-0.03955289611800481,0,627.40,-305.62,0,Within Tolerance
2025-01,G&A,Travel,-7029.78,-6636.97,-7087.06,57.28,0.008082335975707839,-392.81,-0.05918514020705231,0,6.79,57.28,0,Within Tolerance
2025-02,G&A,Travel,-7114.29,-7021.51,-7210.50,96.21,0.013343041397961306,-92.78,-0.013213681957299783,0,70.08,153.49,0,Within Tolerance
2025-03,G&A,Travel,-6751.92,-6374.26,-6745.96,-5.96,-0.000883491749135779,-377.66,-0.059247661689356884,0,147.53,147.53,0,Within Tolerance
2025-04,G&A,Travel,-7288.79,-6859.32,-7363.58,74.79,0.010156744409648569,-429.47,-0.06261116262253402,0,165.04,222.32,0,Within Tolerance
2025-05,G&A,Travel,-7298.44,-7124.74,-7375.42,76.98,0.010437371702221705,-173.70,-0.02437983701861401,0,145.81,299.30,0,Within Tolerance
2025-06,G&A,Travel,-7053.19,-6880.07,-7013.48,-39.71,-0.005661953837467278,-173.12,-0.025162534683513395,0,112.06,259.59,0,Within Tolerance
2025-07,G&A,Travel,-6781.96,-6401.78,-6826.50,44.54,0.006524573353841647,-380.18,-0.0593866080996223,0,81.81,304.13,0,Within Tolerance
2025-08,G&A,Travel,-6738.19,-6392.22,-6663.83,-74.36,-0.011158748047294123,-345.97,-0.0541236065091627,0,-69.53,229.77,0,Within Tolerance
2025-09,G&A,Travel,-7004.39,-6917.13,-7076.95,72.56,0.010253004472265596,-87.26,-0.012615058557523135,0,42.74,302.33,0,Within Tolerance
2025-10,G&A,Travel,-7452.06,-7349.63,-7351.11,-100.95,-0.013732619971677748,-102.43,-0.013936755999961904,0,-102.75,201.38,0,Within Tolerance
2025-11,G&A,Travel,-7333.22,-7247.41,-7278.92,-54.30,-0.007459897896940754,-85.81,-0.011840091839705495,0,-82.69,147.08,0,Within Tolerance
2025-12,G&A,Travel,-7371.27,-7118.60,-7356.10,-15.17,-0.0020622340642459996,-252.67,-0.03549433877447812,0,-170.42,131.91,0,Within Tolerance
2024-01,Marketing,Other OpEx,-22449.73,-21279.54,-22506.82,57.09,0.0025365644724576818,-1170.19,-0.054991320301096734,0,57.09,57.09,0,Within Tolerance
2024-02,Marketing,Other OpEx,-23178.06,-22600.88,-23392.79,214.73,0.009179324056685841,-577.18,-0.025537943655291294,0,271.82,271.82,0,Within Tolerance
2024-03,Marketing,Other OpEx,-22921.91,-22201.01,-22821.12,-100.79,-0.004416522940153682,-720.90,-0.03247149566618816,0,171.03,171.03,0,Within Tolerance
2024-04,Marketing,Other OpEx,-21376.53,-20770.07,-21551.10,174.57,0.008100282584183638,-606.46,-0.029198746080297277,0,288.51,345.60,0,Within Tolerance
2024-05,Marketing,Other OpEx,-22265.46,-21076.70,-22140.11,-125.35,-0.005661670154303659,-1188.76,-0.056401618849250594,0,-51.57,220.25,0,Within Tolerance
2024-06,Marketing,Other OpEx,-21704.17,-20905.50,-21627.95,-76.22,-0.0035241435272413703,-798.67,-0.03820382196072804,0,-27.00,144.03,0,Within Tolerance
2024-07,Marketing,Other OpEx,-21905.44,-20878.96,-21812.55,-92.89,-0.004258557573506995,-1026.48,-0.04916336829037462,0,-294.46,51.14,0,Within Tolerance
2024-08,Marketing,Other OpEx,-21618.99,-20998.90,-21670.27,51.28,0.0023663756842900435,-620.09,-0.029529642028868177,0,-117.83,102.42,0,Within Tolerance
2024-09,Marketing,Other OpEx,-22877.57,-22233.65,-23148.03,270.46,0.011683931634787063,-643.92,-0.028961506545259096,0,228.85,372.88,0,Within Tolerance
2024-10,Marketing,Other OpEx,-21975.95,-21146.01,-22183.22,207.27,0.009343548862608764,-829.94,-0.039248066183644105,0,529.01,580.15,0,Within Tolerance
2024-11,Marketing,Other OpEx,-22328.17,-21192.45,-22158.32,-169.85,-0.0076652923145798055,-1135.72,-0.05359078351016518,0,307.88,410.30,0,Within Tolerance
2024-12,Marketing,Other OpEx,-23805.03,-22625.70,-24043.55,238.52,0.00992033206410867,-1179.33,-0.05212347021307628,0,275.94,648.82,0,Within Tolerance
2024-01,Customer Success,Professional Services,-57359.72,-56520.53,-57699.73,340.01,0.005892748544923866,-839.19,-0.014847525315137704,0,340.01,340.01,0,Within Tolerance
2024-02,Customer Success,Professional Services,-59068.90,-57119.89,-59339.32,270.42,0.004557180635032555,-1949.01,-0.03412138923937003,0,610.43,610.43,0,Within Tolerance
2024-03,Customer Success,Professional Services,-58003.19,-55984.70,-57492.46,-510.73,-0.008883425757047099,-2018.49,-0.0360543148395901,0,99.70,99.70,0,Within Tolerance
2024-04,Customer Success,Professional Services,-58902.83,-56132.73,-59306.55,403.72,0.006807342527933255,-2770.10,-0.04934910523681994,0,163.41,503.42,0,Within Tolerance
2024-05,Customer Success,Professional Services,-56991.42,-56255.87,-56693.82,-297.60,-0.005249249389086853,-735.55,-0.013075079987208445,0,-404.61,205.82,0,Within Tolerance
2024-06,Customer Success,Professional Services,-57337.00,-55558.01,-56661.41,-675.59,-0.01192328253038532,-1778.99,-0.032020405338492146,0,-569.47,-469.77,0,Within Tolerance
2024-07,Customer Success,Professional Services,-57018.91,-54067.88,-56319.84,-699.07,-0.01241249975141975,-2951.03,-0.05458009450342792,0,-1672.26,-1168.84,0,Within Tolerance
2024-08,Customer Success,Professional Services,-56575.05,-54122.53,-57267.73,692.68,0.012095468076000216,-2452.52,-0.04531421572494856,0,-681.98,-476.16,0,Within Tolerance
2024-09,Customer Success,Professional Services,-61506.89,-58828.29,-60663.51,-843.38,-0.013902591524954622,-2678.60,-0.04553251505355671,0,-849.77,-1319.54,0,Within Tolerance
2024-10,Customer Success,Professional Services,-59033.70,-55597.48,-59441.15,407.45,0.006854678955572024,-3436.22,-0.061805319233893326,0,256.75,-912.09,0,Within Tolerance
2024-11,Customer Success,Professional Services,-57924.50,-56351.01,-58560.48,635.98,0.010860225189411016,-1573.49,-0.02792301326985976,0,200.05,-276.11,0,Within Tolerance
2024-12,Customer Success,Professional Services,-57763.90,-55976.43,-57794.22,30.32,0.0005246199360420471,-1787.47,-0.03193254732393616,0,1073.75,-245.79,0,Within Tolerance
2025-01,Customer Success,Travel,-29002.51,-27613.81,-29018.33,15.82,0.0005451726546634489,-1388.70,-0.05029005414319864,0,131.76,15.82,0,Within Tolerance
2025-02,Customer Success,Travel,-31215.28,-30313.39,-30848.80,-366.48,-0.011879878633852857,-901.89,-0.029752198615859198,0,-671.41,-350.66,0,Within Tolerance
2025-03,Customer Success,Travel,-29175.78,-27681.44,-28836.32,-339.46,-0.011771959806244348,-1494.34,-0.05398346328803704,0,-690.12,-690.12,0,Within Tolerance
2025-04,Customer Success,Travel,-30912.45,-30548.05,-30577.24,-335.21,-0.010962729141021229,-364.40,-0.0119287483161773,0,-1041.15,-1025.33,0,Within Tolerance
2025-05,Customer Success,Travel,-30137.35,-28843.31,-30382.57,245.22,0.008071074961729702,-1294.04,-0.04486447637251064,0,-429.45,-780.11,0,Within Tolerance
2025-06,Customer Success,Travel,-30307.65,-29347.96,-30012.46,-295.19,-0.009835581621766426,-959.69,-0.032700398937438924,0,-385.18,-1075.30,0,Within Tolerance
2025-07,Customer Success,Travel,-30050.30,-29691.35,-29892.31,-157.99,-0.005285305819456576,-358.95,-0.012089379566776182,0,-207.96,-1233.29,0,Within Tolerance
2025-08,Customer Success,Travel,-30452.06,-29701.74,-30762.37,310.31,0.010087324221118204,-750.32,-0.025261819677904394,0,-142.87,-922.98,0,Within Tolerance
2025-09,Customer Success,Travel,-31372.03,-30442.23,-31573.26,201.23,0.006373431188290345,-929.80,-0.030543097532605198,0,353.55,-721.75,0,Within Tolerance
2025-10,Customer Success,Travel,-30956.89,-29835.52,-30850.29,-106.60,-0.00345539701571687,-1121.37,-0.03758506639066454,0,404.94,-828.35,0,Within Tolerance
2025-11,Customer Success,Travel,-30978.88,-29736.41,-31371.76,392.88,0.01252336496262881,-1242.47,-0.041782784135677445,0,487.51,-435.47,0,Within Tolerance
2025-12,Customer Success,Travel,-30187.42,-29018.54,-30614.08,426.66,0.013936724539819586,-1168.88,-0.040280455184857684,0,712.94,-8.81,0,Within Tolerance
2025-01,Engineering,Marketing,-22329.63,-21218.61,-22276.75,-52.88,-0.002373775348738034,-1111.02,-0.052360640023074084,0,318.79,-52.88,0,Within Tolerance
2025-02,Engineering,Marketing,-22819.78,-22327.06,-22615.16,-204.62,-0.009047912992877345,-492.72,-0.02206828843564715,0,-152.64,-257.50,0,Within Tolerance
2025-03,Engineering,Marketing,-22741.81,-21895.94,-22750.78,8.97,0.0003942721963818384,-845.87,-0.038631362709251126,0,-248.53,-248.53,0,Within Tolerance
2025-04,Engineering,Marketing,-23881.95,-23148.06,-23987.32,105.37,0.004392737496310551,-733.89,-0.03170416872947452,0,-90.28,-143.16,0,Within Tolerance
2025-05,Engineering,Marketing,-23567.52,-22397.61,-23506.09,-61.43,-0.0026133653023535605,-1169.91,-0.052233698149043585,0,52.91,-204.59,0,Within Tolerance
2025-06,Engineering,Marketing,-22905.00,-22363.99,-22639.13,-265.87,-0.01174382584489775,-541.01,-0.02419112153063921,0,-221.93,-470.46,0,Within Tolerance
2025-07,Engineering,Marketing,-22555.43,-22292.14,-22627.91,72.48,0.0032031239296956724,-263.29,-0.011810889398684918,0,-254.82,-397.98,0,Within Tolerance
2025-08,Engineering,Marketing,-22889.32,-22264.68,-23014.98,125.66,0.005459922189808551,-624.64,-0.028055197739199483,0,-67.73,-272.32,0,Within Tolerance
2025-09,Engineering,Marketing,-23099.58,-22712.44,-23013.04,-86.54,-0.0037604766688799046,-387.14,-0.01704528443443329,0,111.60,-358.86,0,Within Tolerance
2025-10,Engineering,Marketing,-23793.69,-22465.00,-23558.02,-235.67,-0.010003811865343522,-1328.69,-0.0591448920543067,0,-196.55,-594.53,0,Within Tolerance
2025-11,Engineering,Marketing,-23813.78,-22695.69,-23499.49,-314.29,-0.013374332804669377,-1118.09,-0.049264419808342466,0,-636.50,-908.82,0,Within Tolerance
2025-12,Engineering,Marketing,-23263.64,-22237.31,-23372.28,108.64,0.004648241421033806,-1026.33,-0.04615351407162107,0,-441.32,-800.18,0,Within Tolerance
2024-01,Engineering,Other OpEx,-101240.10,-95714.22,-100205.17,-1034.93,-0.010328109817088281,-5525.88,-0.05773311426452621,0,-1034.93,-1034.93,0,Within Tolerance
2024-02,Engineering,Other OpEx,-99781.39,-97156.37,-99645.95,-135.44,-0.0013592122911166987,-2625.02,-0.02701850635218257,0,-1170.37,-1170.37,0,Within Tolerance
2024-03,Engineering,Other OpEx,-99267.36,-95059.54,-98816.21,-451.15,-0.004565546482707644,-4207.82,-0.044265099536564136,0,-1621.52,-1621.52,0,Within Tolerance
2024-04,Engineering,Other OpEx,-99784.43,-96951.11,-98465.39,-1319.04,-0.013395975987095568,-2833.32,-0.02922421414257145,0,-1905.63,-2940.56,0,Within Tolerance
2024-05,Engineering,Other OpEx,-104034.47,-98926.71,-103712.15,-322.32,-0.003107832592420464,-5107.76,-0.05163175850081338,0,-2092.51,-3262.88,0,Within Tolerance
2024-06,Engineering,Other OpEx,-99965.42,-95157.90,-99483.67,-481.75,-0.004842503297274819,-4807.52,-0.050521501630447926,0,-2123.11,-3744.63,0,Within Tolerance
2024-07,Engineering,Other OpEx,-102905.39,-101143.54,-102891.67,-13.72,-0.00013334412785796947,-1761.85,-0.017419303299053997,0,-817.79,-3758.35,0,Within Tolerance
2024-08,Engineering,Other OpEx,-98273.55,-95438.46,-99128.21,854.66,0.008621763673529462,-2835.09,-0.02970594873387521,0,359.19,-2903.69,0,Within Tolerance
2024-09,Engineering,Other OpEx,-103859.37,-99509.74,-105053.84,1194.47,0.011370074620784924,-4349.63,-0.04371059556582099,0,2035.41,-1709.22,0,Within Tolerance
2024-10,Engineering,Other OpEx,-105907.58,-99753.35,-104581.50,-1326.08,-0.012679871679025448,-6154.23,-0.06169446940879679,0,723.05,-3035.30,0,Within Tolerance
2024-11,Engineering,Other OpEx,-102507.57,-100249.19,-102072.37,-435.20,-0.004263641571171513,-2258.38,-0.0225276633157834,0,-566.81,-3470.50,0,Within Tolerance
2024-12,Engineering,Other OpEx,-105507.66,-103432.06,-104824.01,-683.65,-0.006521883679130382,-2075.60,-0.02006727894619908,0,-2444.93,-4154.15,0,Within Tolerance
2024-01,Engineering,Professional Services,-132233.07,-126556.64,-132082.24,-150.83,-0.0011419400518949407,-5676.43,-0.044852881682067414,0,-150.83,-150.83,0,Within Tolerance
2024-02,Engineering,Professional Services,-130522.03,-122719.65,-131827.88,1305.85,0.009905719488168966,-7802.38,-0.06357889710409051,0,1155.02,1155.02,0,Within Tolerance
2024-03,Engineering,Professional Services,-127747.45,-120502.76,-127499.13,-248.32,-0.0019476211327873374,-7244.69,-0.06012053167910843,0,906.70,906.70,0,Within Tolerance
2024-04,Engineering,Professional Services,-129821.30,-125263.49,-128033.27,-1788.03,-0.013965354473880108,-4557.81,-0.03638578168307462,0,-730.50,-881.33,0,Within Tolerance
2024-05,Engineering,Professional Services,-125808.57,-121559.49,-123977.90,-1830.67,-0.014766099441916666,-4249.08,-0.034954736976932035,0,-3867.02,-2712.00,0,Within Tolerance
2024-06,Engineering,Professional Services,-130056.24,-126095.78,-131596.79,1540.55,0.01170659253922531,-3960.46,-0.03140834689313156,0,-2078.15,-1171.45,0,Within Tolerance
2024-07,Engineering,Professional Services,-135249.17,-132536.66,-135338.07,88.90,0.0006568735611494977,-2712.51,-0.020466111036750136,0,-201.22,-1082.55,0,Within Tolerance
2024-08,Engineering,Professional Services,-130229.11,-122437.90,-128655.99,-1573.12,-0.012227335858983323,-7791.21,-0.06363397281397346,0,56.33,-2655.67,0,Within Tolerance
2024-09,Engineering,Professional Services,-126706.12,-124107.03,-126006.35,-699.77,-0.005553450282465923,-2599.09,-0.02094232695762682,0,-2183.99,-3355.44,0,Within Tolerance
2024-10,Engineering,Professional Services,-131513.64,-126260.46,-129739.97,-1773.67,-0.01367096046037316,-5253.18,-0.04160589942409524,0,-4046.56,-5129.11,0,Within Tolerance
2024-11,Engineering,Professional Services,-126682.32,-124560.28,-127123.94,441.62,0.003473932604669113,-2122.04,-0.017036249436818862,0,-2031.82,-4687.49,0,Within Tolerance
2024-12,Engineering,Professional Services,-127984.85,-123934.32,-128711.29,726.44,0.005643949338088369,-4050.53,-0.03268287589749151,0,-605.61,-3961.05,0,Within Tolerance
2024-01,G&A,Other OpEx,-31628.49,-29864.16,-31281.06,-347.43,-0.011106720808054459,-1764.33,-0.05907850748187794,0,-347.43,-347.43,0,Within Tolerance
2024-02,G&A,Other OpEx,-31102.68,-30442.87,-31193.52,90.84,0.0029121432912989622,-659.81,-0.021673712104016474,0,-256.59,-256.59,0,Within Tolerance
2024-03,G&A,Other OpEx,-31344.04,-29623.36,-31792.81,448.77,0.014115455664346748,-1720.68,-0.0580852408369611,0,192.18,192.18,0,Within Tolerance
2024-04,G&A,Other OpEx,-30360.93,-29231.48,-30448.47,87.54,0.0028750213064892916,-1129.45,-0.03863813943050438,0,627.15,279.72,0,Within Tolerance
2024-05,G&A,Other OpEx,-31799.59,-30884.56,-32052.00,252.41,0.007875015599650568,-915.03,-0.029627425483801612,0,788.72,532.13,0,Within Tolerance
2024-06,G&A,Other OpEx,-30532.92,-29794.60,-30530.75,-2.17,-7.107588251189374e-05,-738.32,-0.024780329321420665,0,337.78,529.96,0,Within Tolerance
2024-07,G&A,Other OpEx,-31609.75,-30734.55,-31225.97,-383.78,-0.012290410834315153,-875.20,-0.028476096119839076,0,-133.54,146.18,0,Within Tolerance
2024-08,G&A,Other OpEx,-29740.45,-28784.43,-30093.48,353.03,0.011731112520054177,-956.02,-0.033213094718220926,0,-32.92,499.21,0,Within Tolerance
2024-09,G&A,Other OpEx,-31906.55,-30658.82,-32194.54,287.99,0.008945305632569995,-1247.73,-0.04069726101656881,0,257.24,787.20,0,Within Tolerance
2024-10,G&A,Other OpEx,-31861.00,-30774.31,-32084.92,223.92,0.006978979533064131,-1086.69,-0.03531159593830049,0,864.94,1011.12,0,Within Tolerance
2024-11,G&A,Other OpEx,-32137.38,-31329.65,-32256.89,119.51,0.0037049448970437014,-807.73,-0.025781647736249847,0,631.42,1130.63,0,Within Tolerance
2024-12,G&A,Other OpEx,-31657.98,-29951.01,-31291.74,-366.24,-0.011704047138318291,-1706.97,-0.05699206804712095,0,-22.81,764.39,0,Within Tolerance
2025-01,G&A,Payroll,-590409.90,-566452.83,-593884.44,3474.54,0.005850532133827248,-23957.07,-0.04229314204326599,0,-2188.41,3474.54,0,Within Tolerance
2025-02,G&A,Payroll,-584662.41,-567441.08,-581556.64,-3105.77,-0.005340442850072178,-17221.33,-0.030349106906394585,0,1297.41,368.77,0,Within Tolerance
2025-03,G&A,Payroll,-558378.27,-527758.33,-553954.13,-4424.14,-0.007986473537077881,-30619.94,-0.05801886632466796,0,-4055.37,-4055.37,0,Within Tolerance
2025-04,G&A,Payroll,-585752.72,-571289.82,-594257.66,8504.94,0.014311872732107484,-14462.90,-0.025316222158483413,0,975.03,4449.57,0,Within Tolerance
2025-05,G&A,Payroll,-573685.17,-545257.19,-569552.24,-4132.93,-0.007256454649357538,-28427.98,-0.05213682739332608,0,-52.13,316.64,0,Within Tolerance
2025-06,G&A,Payroll,-554833.47,-547582.12,-559832.13,4998.66,0.008928855155205187,-7251.35,-0.013242488633485696,0,9370.67,5315.30,0,Within Tolerance
2025-07,G&A,Payroll,-557084.40,-525473.00,-556827.28,-257.12,-0.0004617589856588923,-31611.40,-0.060157990990973846,0,608.61,5058.18,0,Within Tolerance
2025-08,G&A,Payroll,-552038.26,-534190.23,-559919.45,7881.19,0.014075578192541802,-17848.03,-0.033411374820539116,0,12622.73,12939.37,0,Within Tolerance
2025-09,G&A,Payroll,-579651.83,-548113.20,-585198.83,5547.00,0.009478829614201382,-31538.63,-0.05754035845150236,0,13171.07,18486.37,0,Within Tolerance
2025-10,G&A,Payroll,-607385.98,-572141.46,-612098.68,4712.70,0.007699248755119027,-35244.52,-0.061601059290476864,0,18140.89,23199.07,0,Within Tolerance
2025-11,G&A,Payroll,-589532.11,-577293.99,-590489.68,957.57,0.0016216540820831956,-12238.12,-0.021199112084988102,0,11217.27,24156.64,0,Within Tolerance
2025-12,G&A,Payroll,-606502.26,-579125.42,-603871.76,-2630.50,-0.004356057319189756,-27376.84,-0.04727273066342002,0,3039.77,21526.14,0,Within Tolerance
2025-01,Customer Success,Other OpEx,-46372.62,-45041.88,-45803.56,-569.06,-0.012423925127217185,-1330.74,-0.02954450391502309,0,-1151.18,-569.06,0,Within Tolerance
2025-02,Customer Success,Other OpEx,-47923.97,-46931.51,-48469.61,545.64,0.011257363118869742,-992.46,-0.021146986321130514,0,-427.43,-23.42,0,Within Tolerance
2025-03,Customer Success,Other OpEx,-48640.22,-47749.97,-49130.99,490.77,0.009989011009141074,-890.25,-0.018643990771093678,0,467.35,467.35,0,Within Tolerance
2025-04,Customer Success,Other OpEx,-48151.54,-46173.97,-47521.50,-630.04,-0.01325799901097398,-1977.57,-0.04282867598345994,0,406.37,-162.69,0,Within Tolerance
2025-05,Customer Success,Other OpEx,-49825.66,-47841.49,-50408.57,582.91,0.011563708313883928,-1984.17,-0.04147383369539703,0,443.64,420.22,0,Within Tolerance
2025-06,Customer Success,Other OpEx,-48144.34,-45489.40,-47674.36,-469.98,-0.009858129191456372,-2654.94,-0.058363926541128264,0,-517.11,-49.76,0,Within Tolerance
2025-07,Customer Success,Other OpEx,-48017.90,-46236.02,-47417.74,-600.16,-0.012656866396416194,-1781.88,-0.03853878426387047,0,-487.23,-649.92,0,Within Tolerance
2025-08,Customer Success,Other OpEx,-46732.34,-45741.83,-47008.25,275.91,0.005869395265724634,-990.51,-0.021654358822110965,0,-794.23,-374.01,0,Within Tolerance
2025-09,Customer Success,Other OpEx,-47028.77,-44261.82,-47037.26,8.49,0.00018049520741641838,-2766.95,-0.06251324504957094,0,-315.76,-365.52,0,Within Tolerance
2025-10,Customer Success,Other OpEx,-47759.54,-45996.95,-48460.11,700.57,0.014456632475658846,-1762.59,-0.038319714676734,0,984.97,335.05,0,Within Tolerance
2025-11,Customer Success,Other OpEx,-48320.36,-47783.97,-48041.68,-278.68,-0.005800796308538752,-536.39,-0.011225312589138156,0,430.38,56.37,0,Within Tolerance
2025-12,Customer Success,Other OpEx,-47895.48,-46041.86,-48139.20,243.72,0.005062817828297936,-1853.62,-0.04025945085624256,0,665.61,300.09,0,Within Tolerance
2025-01,G&A,Facilities,-26477.72,-25837.18,-26369.01,-108.71,-0.004122642450361238,-640.54,-0.024791405253978955,0,-216.83,-108.71,0,Within Tolerance
2025-02,G&A,Facilities,-26063.19,-24782.56,-25727.19,-336.00,-0.013060112666793381,-1280.63,-0.051674645395794465,0,-583.91,-444.71,0,Within Tolerance
2025-03,G&A,Facilities,-26500.20,-25605.81,-26617.80,117.60,0.004418096161215427,-894.39,-0.03492918208797144,0,-327.11,-327.11,0,Within Tolerance
2025-04,G&A,Facilities,-25311.35,-23951.12,-25265.48,-45.87,-0.0018155206233960329,-1360.23,-0.0567919162026661,0,-264.27,-372.98,0,Within Tolerance
2025-05,G&A,Facilities,-26019.43,-25002.35,-25918.95,-100.48,-0.0038767002521321275,-1017.08,-0.04067937613864297,0,-28.75,-473.46,0,Within Tolerance
2025-06,G&A,Facilities,-26631.02,-25231.72,-26262.24,-368.78,-0.01404221422087377,-1399.30,-0.055457971156940546,0,-515.13,-842.24,0,Within Tolerance
2025-07,G&A,Facilities,-26128.06,-24873.28,-25799.22,-328.84,-0.012746121781976353,-1254.78,-0.05044690527345007,0,-798.10,-1171.08,0,Within Tolerance
2025-08,G&A,Facilities,-25511.21,-24223.16,-25219.49,-291.72,-0.01156724422262306,-1288.05,-0.05317431747137863,0,-989.34,-1462.80,0,Within Tolerance
2025-09,G&A,Facilities,-27091.93,-26480.90,-27143.18,51.25,0.0018881354358627103,-611.03,-0.02307436680777466,0,-569.31,-1411.55,0,Within Tolerance
2025-10,G&A,Facilities,-26493.45,-26085.99,-26295.14,-198.31,-0.007541697819444962,-407.46,-0.015619878716506445,0,-438.78,-1609.86,0,Within Tolerance
2025-11,G&A,Facilities,-25786.63,-24570.33,-26092.60,305.97,0.011726313207576096,-1216.30,-0.04950279463075994,0,158.91,-1303.89,0,Within Tolerance
2025-12,G&A,Facilities,-26380.91,-25582.28,-26717.53,336.62,0.012599218565488651,-798.63,-0.03121809314885147,0,444.28,-967.27,0,Within Tolerance
2024-01,G&A,Professional Services,-40809.19,-40111.80,-40688.85,-120.34,-0.0029575669993130798,-697.39,-0.01738615569483294,0,-120.34,-120.34,0,Within Tolerance
2024-02,G&A,Professional Services,-40426.78,-39418.27,-40735.89,309.11,0.00758814892714999,-1008.51,-0.025584836675988064,0,188.77,188.77,0,Within Tolerance
2024-03,G&A,Professional Services,-38317.52,-37351.99,-37858.36,-459.16,-0.012128364778611646,-965.53,-0.02584949289181112,0,-270.39,-270.39,0,Within Tolerance
2024-04,G&A,Professional Services,-38666.45,-37648.58,-38213.15,-453.30,-0.01186240862111603,-1017.87,-0.027036079448414786,0,-603.35,-723.69,0,Within Tolerance
2024-05,G&A,Professional Services,-38158.79,-36586.75,-38585.07,426.28,0.011047796466353435,-1572.04,-0.04296746773080418,0,-486.18,-297.41,0,Within Tolerance
2024-06,G&A,Professional Services,-39294.40,-37868.45,-39676.19,381.79,0.00962264773911003,-1425.95,-0.037655356900005155,0,354.77,84.38,0,Within Tolerance
2024-07,G&A,Professional Services,-40374.22,-38527.66,-40259.21,-115.01,-0.0028567376259991195,-1846.56,-0.04792816381789083,0,693.06,-30.63,0,Within Tolerance
2024-08,G&A,Professional Services,-39803.34,-37942.39,-40142.78,339.44,0.008455816961356439,-1860.95,-0.04904672583883093,0,606.22,308.81,0,Within Tolerance
2024-09,G&A,Professional Services,-40062.53,-38376.79,-40288.38,225.85,0.005605834734481754,-1685.74,-0.043926029248407696,0,450.28,534.66,0,Within Tolerance
2024-10,G&A,Professional Services,-40412.12,-39079.47,-40600.55,188.43,0.004641070133286371,-1332.65,-0.03410102542332329,0,753.72,723.09,0,Within Tolerance
2024-11,G&A,Professional Services,-39650.89,-38832.17,-39704.67,53.78,0.0013545006166780886,-818.72,-0.021083550056563927,0,468.06,776.87,0,Within Tolerance
2024-12,G&A,Professional Services,-41359.00,-40705.03,-41795.31,436.31,0.010439209566815034,-653.97,-0.01606607340665269,0,678.52,1213.18,0,Within Tolerance
2024-01,Marketing,Facilities,-18408.12,-17444.03,-18558.32,150.20,0.008093405006487656,-964.09,-0.055267618778458885,0,150.20,150.20,0,Within Tolerance
2024-02,Marketing,Facilities,-18767.77,-18210.41,-19033.70,265.93,0.01397153469898128,-557.36,-0.03060666948190623,0,416.13,416.13,0,Within Tolerance
2024-03,Marketing,Facilities,-18567.53,-17686.09,-18491.21,-76.32,-0.0041273664622271874,-881.44,-0.04983803655867408,0,339.81,339.81,0,Within Tolerance
2024-04,Marketing,Facilities,-17942.04,-17557.75,-18078.38,136.34,0.007541604944690841,-384.29,-0.021887200808759666,0,325.95,476.15,0,Within Tolerance
2024-05,Marketing,Facilities,-18759.94,-18362.74,-18634.60,-125.34,-0.006726197503568631,-397.20,-0.02163075880832599,0,-65.32,350.81,0,Within Tolerance
2024-06,Marketing,Facilities,-18487.21,-18187.39,-18452.48,-34.73,-0.0018821318326859044,-299.82,-0.01648504815699229,0,-23.73,316.08,0,Within Tolerance
2024-07,Marketing,Facilities,-18169.69,-17898.27,-18010.65,-159.04,-0.008830330943080899,-271.42,-0.015164594119990368,0,-319.11,157.04,0,Within Tolerance
2024-08,Marketing,Facilities,-18903.92,-18458.62,-18935.77,31.85,0.0016820018409602568,-445.30,-0.02412423030540745,0,-161.92,188.89,0,Within Tolerance
2024-09,Marketing,Facilities,-19525.19,-18872.21,-19769.27,244.08,0.012346434643261992,-652.98,-0.03460008128353807,0,116.89,432.97,0,Within Tolerance
2024-10,Marketing,Facilities,-18774.34,-18156.26,-18643.75,-130.59,-0.007004492122024807,-618.08,-0.03404225319531666,0,145.34,302.38,0,Within Tolerance
2024-11,Marketing,Facilities,-19352.56,-19130.70,-19206.76,-145.80,-0.00759107730819774,-221.86,-0.0115970664952145,0,-32.31,156.58,0,Within Tolerance
2024-12,Marketing,Facilities,-18432.12,-17618.07,-18494.47,62.35,0.00337127800904811,-814.05,-0.04620540161323005,0,-214.04,218.93,0,Within Tolerance
2025-01,Marketing,Professional Services,-29282.08,-28386.34,-28853.48,-428.60,-0.014854360721826276,-895.74,-0.031555318508832066,0,-76.64,-428.60,0,Within Tolerance
2025-02,Marketing,Professional Services,-29647.90,-28466.28,-29549.19,-98.71,-0.003340531500186638,-1181.62,-0.04150946312619703,0,-438.56,-527.31,0,Within Tolerance
2025-03,Marketing,Professional Services,-30812.73,-29076.48,-31053.20,240.47,0.0077438074014916335,-1736.25,-0.05971321150290544,0,-286.84,-286.84,0,Within Tolerance
2025-04,Marketing,Professional Services,-29148.95,-27405.33,-28861.18,-287.77,-0.00997083279339237,-1743.62,-0.06362339004857813,0,-146.01,-574.61,0,Within Tolerance
2025-05,Marketing,Professional Services,-31486.36,-30471.57,-31413.41,-72.95,-0.0023222566413515756,-1014.79,-0.033302845898652414,0,-120.25,-647.56,0,Within Tolerance
2025-06,Marketing,Professional Services,-29004.86,-28484.44,-29120.59,115.73,0.003974163985001678,-520.42,-0.0182703258340343,0,-244.99,-531.83,0,Within Tolerance
2025-07,Marketing,Professional Services,-29461.70,-28182.78,-29594.17,132.47,0.004476219471605388,-1278.92,-0.04537948350020829,0,175.25,-399.36,0,Within Tolerance
2025-08,Marketing,Professional Services,-29734.67,-28352.03,-29562.68,-171.99,-0.005817808128356428,-1382.64,-0.04876687842105134,0,76.21,-571.35,0,Within Tolerance
2025-09,Marketing,Professional Services,-29991.43,-29414.67,-30346.40,354.97,0.01169726886879498,-576.76,-0.019607903131328687,0,315.45,-216.38,0,Within Tolerance
2025-10,Marketing,Professional Services,-29305.62,-28907.46,-29177.82,-127.80,-0.0043800393586635325,-398.16,-0.013773607228030412,0,55.18,-344.18,0,Within Tolerance
2025-11,Marketing,Professional Services,-31302.41,-30612.52,-31603.31,300.90,0.009521154587921327,-689.89,-0.022536204141312115,0,528.07,-43.28,0,Within Tolerance
2025-12,Marketing,Professional Services,-31330.84,-30233.21,-31785.10,454.26,0.014291602039949537,-1097.63,-0.036305440275776216,0,627.36,410.98,0,Within Tolerance
2025-01,Marketing,Software,-47261.59,-46458.83,-47050.43,-211.16,-0.004487950482067858,-802.76,-0.017278954291358607,0,-592.16,-211.16,0,Within Tolerance
2025-02,Marketing,Software,-48891.07,-46111.93,-48658.30,-232.77,-0.004783767620323768,-2779.14,-0.060269435697009426,0,-189.87,-443.93,0,Within Tolerance
2025-03,Marketing,Software,-50365.34,-49043.68,-49883.33,-482.01,-0.009662747053975747,-1321.66,-0.026948630282230046,0,-925.94,-925.94,0,Within Tolerance
2025-04,Marketing,Software,-48564.51,-47125.83,-48384.97,-179.54,-0.003710656429052245,-1438.68,-0.030528480877684276,0,-894.32,-1105.48,0,Within Tolerance
2025-05,Marketing,Software,-49910.84,-47439.42,-49832.63,-78.21,-0.00156945358894363,-2471.42,-0.05209633675959782,0,-739.76,-1183.69,0,Within Tolerance
2025-06,Marketing,Software,-48004.72,-46499.91,-47982.59,-22.13,-0.0004612089509966011,-1504.81,-0.03236156801163701,0,-279.88,-1205.82,0,Within Tolerance
2025-07,Marketing,Software,-48039.53,-45507.68,-48062.85,23.32,0.0004851980271665122,-2531.85,-0.05563566413405385,0,-77.02,-1182.50,0,Within Tolerance
2025-08,Marketing,Software,-50932.87,-50300.45,-51062.24,129.37,0.002533574711959366,-632.42,-0.012572849745877026,0,130.56,-1053.13,0,Within Tolerance
2025-09,Marketing,Software,-49007.08,-47930.35,-48895.77,-111.31,-0.0022764750406834787,-1076.73,-0.022464471884724398,0,41.38,-1164.44,0,Within Tolerance
2025-10,Marketing,Software,-49045.64,-47177.04,-48375.09,-670.55,-0.01386147291922351,-1868.60,-0.03960825011488639,0,-652.49,-1834.99,0,Within Tolerance
2025-11,Marketing,Software,-49611.51,-47723.98,-50045.24,433.73,0.008666758317074712,-1887.53,-0.039550976259733577,0,-348.13,-1401.26,0,Within Tolerance
2025-12,Marketing,Software,-49961.92,-48697.33,-50282.04,320.12,0.0063664879149692415,-1264.59,-0.02596836417930921,0,83.30,-1081.14,0,Within Tolerance
2025-01,Marketing,Travel,-5138.71,-4873.03,-5214.32,75.61,0.014500452599763729,-265.68,-0.054520493409644516,0,166.50,75.61,0,Within Tolerance
2025-02,Marketing,Travel,-5058.69,-4791.88,-5049.98,-8.71,-0.0017247593059774497,-266.81,-0.05567960800353932,0,84.90,66.90,0,Within Tolerance
2025-03,Marketing,Travel,-5331.76,-5123.62,-5282.04,-49.72,-0.009413029814238439,-208.14,-0.040623621580054725,0,17.18,17.18,0,Within Tolerance
2025-04,Marketing,Travel,-5106.99,-5055.86,-5068.75,-38.24,-0.007544266337854501,-51.13,-0.010113017369942998,0,-96.67,-21.06,0,Within Tolerance
2025-05,Marketing,Travel,-5342.75,-5040.90,-5311.14,-31.61,-0.005951641267223232,-301.85,-0.05988018012656471,0,-119.57,-52.67,0,Within Tolerance
2025-06,Marketing,Travel,-5276.25,-5031.13,-5237.92,-38.33,-0.007317790267892598,-245.12,-0.04872066513884555,0,-108.18,-91.00,0,Within Tolerance
2025-07,Marketing,Travel,-5252.46,-5105.87,-5320.82,68.36,0.012847643784228747,-146.59,-0.028710092501375867,0,-1.58,-22.64,0,Within Tolerance
2025-08,Marketing,Travel,-5512.57,-5201.19,-5437.53,-75.04,-0.01380038363006733,-311.38,-0.059867068882313475,0,-45.01,-97.68,0,Within Tolerance
2025-09,Marketing,Travel,-5422.02,-5331.84,-5497.04,75.02,0.013647344752812422,-90.18,-0.016913485776017284,0,68.34,-22.66,0,Within Tolerance
2025-10,Marketing,Travel,-5260.29,-5174.10,-5279.42,19.13,0.0036235040970409626,-86.19,-0.016657969501942364,0,19.11,-3.53,0,Within Tolerance
2025-11,Marketing,Travel,-5296.54,-5145.89,-5300.87,4.33,0.000816847045862283,-150.65,-0.029275790971046795,0,98.48,0.80,0,Within Tolerance
2025-12,Marketing,Travel,-5185.29,-5015.42,-5161.95,-23.34,-0.00452154708976259,-169.87,-0.03386954631915173,0,0.12,-22.54,0,Within Tolerance
2024-01,Sales,Marketing,-13624.78,-13474.54,-13803.78,179.00,0.0129674625356243,-150.24,-0.011149916806065365,0,179.00,179.00,0,Within Tolerance
2024-02,Sales,Marketing,-14037.25,-13751.02,-14068.06,30.81,0.0021900674293399373,-286.23,-0.020815183164594336,0,209.81,209.81,0,Within Tolerance
2024-03,Sales,Marketing,-13707.78,-13523.10,-13775.98,68.20,0.00495064597945119,-184.68,-0.01365663198526965,0,278.01,278.01,0,Within Tolerance
2024-04,Sales,Marketing,-13904.98,-13438.67,-14023.99,119.01,0.008486172622769983,-466.31,-0.03469911829072371,0,218.02,397.02,0,Within Tolerance
2024-05,Sales,Marketing,-14367.78,-14065.49,-14541.31,173.53,0.011933587826681365,-302.29,-0.02149160818428651,0,360.74,570.55,0,Within Tolerance
2024-06,Sales,Marketing,-14533.57,-14164.09,-14629.43,95.86,0.0065525451094130115,-369.48,-0.02608568570236422,0,388.40,666.41,0,Within Tolerance
2024-07,Sales,Marketing,-14032.78,-13428.67,-13987.22,-45.56,-0.003257259126545518,-604.11,-0.044986584672942295,0,223.83,620.85,0,Within Tolerance
2024-08,Sales,Marketing,-14807.62,-14286.22,-14934.52,126.90,0.008497092641745432,-521.40,-0.03649670801653621,0,177.20,747.75,0,Within Tolerance
2024-09,Sales,Marketing,-14949.82,-14053.76,-15079.17,129.35,0.008578058341407385,-896.06,-0.06375944942848034,0,210.69,877.10,0,Within Tolerance
2024-10,Sales,Marketing,-14936.06,-14194.70,-14713.85,-222.21,-0.015102097683475093,-741.36,-0.052227944232706575,0,34.04,654.89,0,Within Tolerance
2024-11,Sales,Marketing,-15233.11,-14698.75,-15420.32,187.21,0.012140474387042553,-534.36,-0.036354111744195935,0,94.35,842.10,0,Within Tolerance
2024-12,Sales,Marketing,-14216.33,-13494.13,-14107.30,-109.03,-0.007728622769771679,-722.20,-0.05351956739708304,0,-144.03,733.07,0,Within Tolerance
2025-01,Sales,Professional Services,-87227.96,-86316.46,-88019.16,791.20,0.008988951950916141,-911.50,-0.010559978942602603,0,-578.62,791.20,0,Within Tolerance
2025-02,Sales,Professional Services,-86463.20,-82359.41,-85381.78,-1081.42,-0.012665699871799347,-4103.79,-0.04982782173888812,0,-1252.65,-290.22,0,Within Tolerance
2025-03,Sales,Professional Services,-87732.62,-86045.71,-86743.13,-989.49,-0.011407128149514549,-1686.91,-0.01960481237240067,0,-1279.71,-1279.71,0,Within Tolerance
2025-04,Sales,Professional Services,-84949.37,-80444.77,-85184.72,235.35,0.002762819435222655,-4504.60,-0.05599618222539514,0,-1835.56,-1044.36,0,Within Tolerance
2025-05,Sales,Professional Services,-89545.42,-84812.89,-89093.60,-451.82,-0.005071295805759336,-4732.53,-0.05579965498168969,0,-1205.96,-1496.18,0,Within Tolerance
2025-06,Sales,Professional Services,-84410.65,-81041.22,-83647.12,-763.53,-0.009127989104705577,-3369.43,-0.04157674329187048,0,-980.00,-2259.71,0,Within Tolerance
2025-07,Sales,Professional Services,-85683.73,-81913.04,-86895.47,1211.74,0.013944800574759535,-3770.69,-0.04603284165744551,0,-3.61,-1047.97,0,Within Tolerance
2025-08,Sales,Professional Services,-87348.16,-85093.55,-88466.32,1118.16,0.012639386378906685,-2254.61,-0.0264956627147416,0,1566.37,70.19,0,Within Tolerance
2025-09,Sales,Professional Services,-89357.84,-86196.47,-88738.19,-619.65,-0.006982901048578971,-3161.37,-0.0366763279285103,0,1710.25,-549.46,0,Within Tolerance
2025-10,Sales,Professional Services,-86138.72,-82086.93,-87088.79,950.07,0.010909211162538832,-4051.79,-0.04935974582068059,0,1448.58,400.61,0,Within Tolerance
2025-11,Sales,Professional Services,-88500.04,-83733.35,-89661.17,1161.13,0.01295019906610632,-4766.69,-0.056927018923762146,0,1491.55,1561.74,0,Within Tolerance
2025-12,Sales,Professional Services,-85000.78,-80770.02,-85556.00,555.22,0.006489550703632709,-4230.76,-0.052380326264621455,0,2666.42,2116.96,0,Within Tolerance
2025-01,Sales,Travel,-41602.99,-41082.23,-42038.43,435.44,0.010358141348285367,-520.76,-0.01267604022469082,0,482.81,435.44,0,Within Tolerance
2025-02,Sales,Travel,-44065.63,-42417.35,-43945.97,-119.66,-0.0027228890385170698,-1648.28,-0.03885862742486271,0,409.32,315.78,0,Within Tolerance
2025-03,Sales,Travel,-42420.52,-41522.69,-41802.89,-617.63,-0.014774815808189339,-897.83,-0.02162263572037361,0,-301.85,-301.85,0,Within Tolerance
2025-04,Sales,Travel,-41960.75,-40868.46,-41495.83,-464.92,-0.011204017367528255,-1092.29,-0.026726967446289877,0,-1202.21,-766.77,0,Within Tolerance
2025-05,Sales,Travel,-44252.67,-41695.23,-43739.93,-512.74,-0.01172246960614706,-2557.44,-0.06133651259388664,0,-1595.29,-1279.51,0,Within Tolerance
2025-06,Sales,Travel,-42045.43,-40389.11,-42292.11,246.68,0.005832766442724187,-1656.32,-0.041009073980585356,0,-730.98,-1032.83,0,Within Tolerance
2025-07,Sales,Travel,-43203.87,-41028.63,-42678.99,-524.88,-0.012298322898456594,-2175.24,-0.05301761233558128,0,-790.94,-1557.71,0,Within Tolerance
2025-08,Sales,Travel,-44932.39,-43977.32,-44315.78,-616.61,-0.013914005349787368,-955.07,-0.021717330660440428,0,-894.81,-2174.32,0,Within Tolerance
2025-09,Sales,Travel,-42542.44,-40873.35,-42144.68,-397.76,-0.00943796464939347,-1669.09,-0.04083565452795036,0,-1539.25,-2572.08,0,Within Tolerance
2025-10,Sales,Travel,-44741.56,-42186.40,-44787.68,46.12,0.0010297474662675093,-2555.16,-0.06056833481880416,0,-968.25,-2525.96,0,Within Tolerance
2025-11,Sales,Travel,-42776.35,-42326.95,-42593.44,-182.91,-0.0042943232572903245,-449.40,-0.010617348993962475,0,-534.55,-2708.87,0,Within Tolerance
2025-12,Sales,Travel,-45397.19,-44276.35,-45725.60,328.41,0.007182191157688473,-1120.84,-0.02531464314470366,0,191.62,-2380.46,0,Within Tolerance
2024-01,Engineering,Payroll,-1882342.76,-1822027.98,-1872702.60,-9640.16,-0.005147726072468741,-60314.78,-0.033103103059921174,0,-9640.16,-9640.16,0,Within Tolerance
2024-02,Engineering,Payroll,-1811720.83,-1755936.74,-1819411.09,7690.26,0.0042267852725905945,-55784.09,-0.031768849486001415,0,-1949.90,-1949.90,0,Within Tolerance
2024-03,Engineering,Payroll,-1779645.62,-1729588.01,-1788645.78,9000.16,0.005031829164072944,-50057.61,-0.028941927043076576,0,7050.26,7050.26,0,Within Tolerance
2024-04,Engineering,Payroll,-1913478.97,-1798891.75,-1894166.03,-19312.94,-0.010196012226024346,-114587.22,-0.06369878565511237,1,-2622.52,-12262.68,1,Potential Timing Issue
2024-05,Engineering,Payroll,-1875033.60,-1807660.19,-1868458.83,-6574.77,-0.003518819839343209,-67373.41,-0.037271059224908865,0,-16887.55,-18837.45,1,Within Tolerance
2024-06,Engineering,Payroll,-1798272.87,-1709665.42,-1797285.19,-987.68,-0.0005495399425174143,-88607.45,-0.05182736280646069,0,-26875.39,-19825.13,1,Within Tolerance
2024-07,Engineering,Payroll,-1850290.39,-1829682.48,-1858143.22,7852.83,0.0042261704670967185,-20607.91,-0.011263107246892367,0,290.38,-11972.30,1,Within Tolerance
2024-08,Engineering,Payroll,-1884224.23,-1790670.95,-1860885.67,-23338.56,-0.012541640991840193,-93553.28,-0.052244819183557986,1,-16473.41,-35310.86,2,Potential Timing Issue
2024-09,Engineering,Payroll,-1883176.54,-1835731.44,-1855000.53,-28176.01,-0.015189219379899583,-47445.10,-0.025845338248387792,1,-43661.74,-63486.87,3,Potential Timing Issue
2024-10,Engineering,Payroll,-1855188.84,-1783715.25,-1880630.49,25441.65,0.013528255622400337,-71473.59,-0.040070067237469656,0,-26072.92,-38045.22,2,Within Tolerance
2024-11,Engineering,Payroll,-1859248.71,-1793977.03,-1872983.04,13734.33,0.007332864049852795,-65271.68,-0.036383788035457734,0,10999.97,-24310.89,2,Within Tolerance
2024-12,Engineering,Payroll,-1883153.80,-1854794.15,-1883172.45,18.65,9.903500871627556e-06,-28359.65,-0.01528991775178933,0,39194.63,-24292.24,2,Within Tolerance
2025-01,Engineering,Travel,-22176.97,-20996.26,-22464.98,288.01,0.012820398682749774,-1180.71,-0.056234300775471445,0,-28.19,288.01,0,Within Tolerance
2025-02,Engineering,Travel,-22905.74,-22557.35,-22955.83,50.09,0.0021820165073534697,-348.39,-0.015444633345672254,0,213.85,338.10,0,Within Tolerance
2025-03,Engineering,Travel,-23934.95,-23332.84,-23842.35,-92.60,-0.0038838453424263966,-602.11,-0.02580525988263752,0,245.50,245.50,0,Within Tolerance
2025-04,Engineering,Travel,-23770.55,-22952.89,-23471.99,-298.56,-0.012719841819973508,-817.66,-0.035623400800509214,0,-341.07,-53.06,0,Within Tolerance
2025-05,Engineering,Travel,-23412.98,-22554.54,-23170.63,-242.35,-0.010459361700566622,-858.44,-0.038060629921958064,0,-633.51,-295.41,0,Within Tolerance
2025-06,Engineering,Travel,-23349.83,-22239.33,-23479.64,129.81,0.005528619689228626,-1110.50,-0.049934058265244496,0,-411.10,-165.60,0,Within Tolerance
2025-07,Engineering,Travel,-23180.93,-22935.13,-23191.41,10.48,0.00045189145463773013,-245.80,-0.010717183639246867,0,-102.06,-155.12,0,Within Tolerance
2025-08,Engineering,Travel,-24241.39,-23091.24,-24129.17,-112.22,-0.004650802327639119,-1150.15,-0.049808931871999945,0,28.07,-267.34,0,Within Tolerance
2025-09,Engineering,Travel,-22487.83,-21212.11,-22349.35,-138.48,-0.006196153355690434,-1275.72,-0.06014111750316211,0,-240.22,-405.82,0,Within Tolerance
2025-10,Engineering,Travel,-24048.26,-23331.00,-23895.81,-152.45,-0.0063797795513104594,-717.26,-0.03074278856457074,0,-403.15,-558.27,0,Within Tolerance
2025-11,Engineering,Travel,-23444.31,-22812.19,-23567.37,123.06,0.005221626341844678,-632.12,-0.027709746411896448,0,-167.87,-435.21,0,Within Tolerance
2025-12,Engineering,Travel,-24148.22,-23311.18,-24292.86,144.64,0.005954012825167559,-837.04,-0.03590723421122397,0,115.25,-290.57,0,Within Tolerance
2024-01,Marketing,Marketing,-61258.72,-59232.08,-61373.53,114.81,0.0018706761693518363,-2026.64,-0.03421524282111991,0,114.81,114.81,0,Within Tolerance
2024-02,Marketing,Marketing,-59886.77,-59176.26,-59468.18,-418.59,-0.007038890378013922,-710.51,-0.012006672946211876,0,-303.78,-303.78,0,Within Tolerance
2024-03,Marketing,Marketing,-63797.70,-62724.29,-63490.79,-306.91,-0.004833929456540075,-1073.41,-0.017113147075877622,0,-610.69,-610.69,0,Within Tolerance
2024-04,Marketing,Marketing,-59073.11,-56482.57,-59905.68,832.57,0.01389801434521735,-2590.54,-0.04586441445564534,0,107.07,221.88,0,Within Tolerance
2024-05,Marketing,Marketing,-62229.32,-58936.45,-61894.52,-334.80,-0.0054092026240772206,-3292.87,-0.05587153620552307,0,190.86,-112.92,0,Within Tolerance
2024-06,Marketing,Marketing,-60164.19,-59239.47,-60954.42,790.23,0.012964277241912892,-924.72,-0.015609862816125803,0,1288.00,677.31,0,Within Tolerance
2024-07,Marketing,Marketing,-59241.37,-57346.61,-59023.69,-217.68,-0.0036880106953665554,-1894.76,-0.0330404883566788,0,237.75,459.63,0,Within Tolerance
2024-08,Marketing,Marketing,-63321.66,-60116.29,-64242.66,921.00,0.01433626814331785,-3205.37,-0.053319491272665026,0,1493.55,1380.63,0,Within Tolerance
2024-09,Marketing,Marketing,-64208.75,-62816.37,-64156.72,-52.03,-0.0008109828557320262,-1392.38,-0.02216587809833647,0,651.29,1328.60,0,Within Tolerance
2024-10,Marketing,Marketing,-62166.89,-60548.37,-61365.00,-801.89,-0.013067546647111546,-1618.52,-0.026731025129165326,0,67.08,526.71,0,Within Tolerance
2024-11,Marketing,Marketing,-61789.11,-59594.46,-61285.01,-504.10,-0.00822550245157829,-2194.65,-0.03682640970318382,0,-1358.02,22.61,0,Within Tolerance
2024-12,Marketing,Marketing,-61967.29,-61118.30,-62135.59,168.30,0.0027085926117382973,-848.99,-0.013890929557922913,0,-1137.69,190.91,0,Within Tolerance
2025-01,Customer Success,Professional Services,-60418.05,-57867.63,-60668.46,250.41,0.004127515351469281,-2550.42,-0.04407334463153235,0,916.71,250.41,0,Within Tolerance
2025-02,Customer Success,Professional Services,-62135.81,-61436.10,-61565.42,-570.39,-0.009264778832013166,-699.71,-0.011389232063884265,0,-289.66,-319.98,0,Within Tolerance
2025-03,Customer Success,Professional Services,-59484.14,-58141.26,-59601.49,117.35,0.0019689105087809045,-1342.88,-0.023096850670246912,0,-202.63,-202.63,0,Within Tolerance
2025-04,Customer Success,Professional Services,-61132.90,-58868.00,-61555.70,422.80,0.006868575940164762,-2264.90,-0.038474213494598085,0,-30.24,220.17,0,Within Tolerance
2025-05,Customer Success,Professional Services,-62955.42,-60756.54,-62191.04,-764.38,-0.012290838037119172,-2198.88,-0.03619165936704098,0,-224.23,-544.21,0,Within Tolerance
2025-06,Customer Success,Professional Services,-63294.55,-60019.26,-63377.23,82.68,0.0013045694802376185,-3275.29,-0.05457064948818096,0,-258.90,-461.53,0,Within Tolerance
2025-07,Customer Success,Professional Services,-62789.72,-62035.29,-61878.57,-911.15,-0.014724806988913932,-754.43,-0.01216130367086218,0,-1592.85,-1372.68,0,Within Tolerance
2025-08,Customer Success,Professional Services,-63840.75,-62218.89,-64504.95,664.20,0.010296884192608475,-1621.86,-0.02606700312397087,0,-164.27,-708.48,0,Within Tolerance
2025-09,Customer Success,Professional Services,-64005.64,-60325.34,-64819.77,814.13,0.01255990263464372,-3680.30,-0.061007530168914095,0,567.18,105.65,0,Within Tolerance
2025-10,Customer Success,Professional Services,-59828.04,-56308.86,-59981.50,153.46,0.002558455523786501,-3519.18,-0.06249780229967362,0,1631.79,259.11,0,Within Tolerance
2025-11,Customer Success,Professional Services,-61033.19,-58319.14,-60408.44,-624.75,-0.010342097892281276,-2714.05,-0.046537894763194386,0,342.84,-365.64,0,Within Tolerance
2025-12,Customer Success,Professional Services,-62409.51,-60976.73,-61579.88,-829.63,-0.01347241988779452,-1432.78,-0.02349716031017078,0,-1300.92,-1195.27,0,Within Tolerance
2024-01,Customer Success,Travel,-28822.10,-27395.08,-28850.00,27.90,0.0009670710571923743,-1427.02,-0.05209037535207051,0,27.90,27.90,0,Within Tolerance
2024-02,Customer Success,Travel,-30326.73,-28867.97,-29877.73,-449.00,-0.015027915440697804,-1458.76,-0.05053212955396586,0,-421.10,-421.10,0,Within Tolerance
2024-03,Customer Success,Travel,-29900.80,-29283.07,-30269.34,368.54,0.012175356317646834,-617.73,-0.02109512424756011,0,-52.56,-52.56,0,Within Tolerance
2024-04,Customer Success,Travel,-27966.14,-26811.04,-28356.80,390.66,0.01377658974214298,-1155.10,-0.04308299864533416,0,310.20,338.10,0,Within Tolerance
2024-05,Customer Success,Travel,-29422.72,-28313.98,-29687.20,264.48,0.008908890026678164,-1108.74,-0.03915874772815408,0,1023.68,602.58,0,Within Tolerance
2024-06,Customer Success,Travel,-28582.35,-27338.23,-28733.17,150.82,0.005248985754095354,-1244.12,-0.04550843269663032,0,805.96,753.40,0,Within Tolerance
2024-07,Customer Success,Travel,-29249.84,-27551.21,-28878.96,-370.88,-0.012842567737896379,-1698.63,-0.061653553509991035,0,44.42,382.52,0,Within Tolerance
2024-08,Customer Success,Travel,-29755.59,-29293.57,-30085.45,329.86,0.010964103910694372,-462.02,-0.015772061923486964,0,109.80,712.38,0,Within Tolerance
2024-09,Customer Success,Travel,-29898.45,-28605.92,-30086.91,188.46,0.006263853616074233,-1292.53,-0.0451840038705275,0,147.44,900.84,0,Within Tolerance
2024-10,Customer Success,Travel,-29306.50,-28047.29,-29313.52,7.02,0.0002394799396319514,-1259.21,-0.04489595964529906,0,525.34,907.86,0,Within Tolerance
2024-11,Customer Success,Travel,-30581.53,-29283.62,-31018.22,436.69,0.014078499668904275,-1297.91,-0.04432204761569779,0,632.17,1344.55,0,Within Tolerance
2024-12,Customer Success,Travel,-29047.39,-27986.13,-28726.64,-320.75,-0.011165594027007683,-1061.26,-0.03792092725932453,0,122.96,1023.80,0,Within Tolerance
2024-01,Engineering,Marketing,-22804.54,-21685.77,-22485.00,-319.54,-0.014211251945741606,-1118.77,-0.051590051909616304,0,-319.54,-319.54,0,Within Tolerance
2024-02,Engineering,Marketing,-22414.35,-22090.05,-22439.87,25.52,0.001137261490374053,-324.30,-0.014680817834273803,0,-294.02,-294.02,0,Within Tolerance
2024-03,Engineering,Marketing,-22619.27,-22276.74,-22773.21,153.94,0.006759697029975133,-342.53,-0.015376127745801223,0,-140.08,-140.08,0,Within Tolerance
2024-04,Engineering,Marketing,-21386.92,-20368.04,-21498.38,111.46,0.00518457669833727,-1018.88,-0.050023468139300586,0,290.92,-28.62,0,Within Tolerance
2024-05,Engineering,Marketing,-21937.53,-21196.83,-21805.77,-131.76,-0.006042437391571129,-740.70,-0.03494390434796146,0,133.64,-160.38,0,Within Tolerance
2024-06,Engineering,Marketing,-22854.41,-22436.11,-22721.26,-133.15,-0.005860150361379607,-418.30,-0.018644051932353693,0,-153.45,-293.53,0,Within Tolerance
2024-07,Engineering,Marketing,-22361.04,-21906.89,-22686.77,325.73,0.014357707157078774,-454.15,-0.020730920728592693,0,60.82,32.20,0,Within Tolerance
2024-08,Engineering,Marketing,-22559.17,-22153.89,-22784.34,225.17,0.009882665023432761,-405.28,-0.018293852682305455,0,417.75,257.37,0,Within Tolerance
2024-09,Engineering,Marketing,-23256.35,-22118.36,-23124.16,-132.19,-0.0057165319734857395,-1137.99,-0.05145001708987466,0,418.71,125.18,0,Within Tolerance
2024-10,Engineering,Marketing,-23007.71,-22304.33,-22985.86,-21.85,-0.0009505844027589135,-703.38,-0.03153558075943101,0,71.13,103.33,0,Within Tolerance
2024-11,Engineering,Marketing,-21706.28,-20935.48,-21973.09,266.81,0.012142579855632503,-770.80,-0.03681788045939238,0,112.77,370.14,0,Within Tolerance
2024-12,Engineering,Marketing,-22675.05,-22187.83,-22779.91,104.86,0.004603178853647798,-487.22,-0.021958884667856206,0,349.82,475.00,0,Within Tolerance
2025-01,Engineering,Other OpEx,-100733.14,-95910.03,-101275.21,542.07,0.005352445085031174,-4823.11,-0.050287858318884895,0,-576.78,542.07,0,Within Tolerance
2025-02,Engineering,Other OpEx,-100359.10,-97840.56,-100148.76,-210.34,-0.0021002756299728525,-2518.54,-0.025741267220874452,0,-351.92,331.73,0,Within Tolerance
2025-03,Engineering,Other OpEx,-104467.35,-99272.82,-104945.16,477.81,0.004552949368984715,-5194.53,-0.0523258027726018,0,809.54,809.54,0,Within Tolerance
2025-04,Engineering,Other OpEx,-107111.56,-105958.88,-106407.06,-704.50,-0.006620801288937031,-1152.68,-0.010878559682775055,0,-437.03,105.04,0,Within Tolerance
2025-05,Engineering,Other OpEx,-104945.66,-102794.79,-103877.14,-1068.52,-0.010286382547690473,-2150.87,-0.020923920366002987,0,-1295.21,-963.48,0,Within Tolerance
2025-06,Engineering,Other OpEx,-103003.70,-97021.85,-103466.28,462.58,0.004470828563663446,-5981.85,-0.06165466851023764,0,-1310.44,-500.90,0,Within Tolerance
2025-07,Engineering,Other OpEx,-106780.43,-101631.66,-108149.57,1369.14,0.012659689724147771,-5148.77,-0.05066108336713186,0,763.20,868.24,0,Within Tolerance
2025-08,Engineering,Other OpEx,-104071.11,-102096.19,-103475.31,-595.80,-0.005757895289224066,-1974.92,-0.01934371889881493,0,1235.92,272.44,0,Within Tolerance
2025-09,Engineering,Other OpEx,-105192.73,-100127.95,-104724.84,-467.89,-0.00446780343612843,-5064.78,-0.050583078950482856,0,305.45,-195.45,0,Within Tolerance
2025-10,Engineering,Other OpEx,-102855.25,-97860.64,-102426.54,-428.71,-0.004185536287762918,-4994.61,-0.05103798626291428,0,-1492.40,-624.16,0,Within Tolerance
2025-11,Engineering,Other OpEx,-106144.67,-103602.31,-107262.82,1118.15,0.010424394958103843,-2542.36,-0.024539607273235512,0,221.55,493.99,0,Within Tolerance
2025-12,Engineering,Other OpEx,-106523.20,-101266.20,-106620.52,97.32,0.0009127698870723946,-5257.00,-0.05191268162526095,0,786.76,591.31,0,Within Tolerance
2025-01,Engineering,Professional Services,-128354.22,-123875.43,-128510.66,156.44,0.0012173309202520631,-4478.79,-0.03615559598864763,0,1324.50,156.44,0,Within Tolerance
2025-02,Engineering,Professional Services,-133034.13,-125896.64,-131795.23,-1238.90,-0.009400188459020862,-7137.49,-0.05669325249665122,0,-356.02,-1082.46,0,Within Tolerance
2025-03,Engineering,Professional Services,-131814.92,-127940.52,-132705.77,890.85,0.006712971108942739,-3874.40,-0.030282822048870835,0,-191.61,-191.61,0,Within Tolerance
2025-04,Engineering,Professional Services,-132323.34,-124926.70,-132732.56,409.22,0.00308304156870025,-7396.64,-0.059207839477069354,0,61.17,217.61,0,Within Tolerance
2025-05,Engineering,Professional Services,-130241.67,-124750.39,-128821.42,-1420.25,-0.011024952216797486,-5491.28,-0.04401813894128908,0,-120.18,-1202.64,0,Within Tolerance
2025-06,Engineering,Professional Services,-132918.43,-130244.08,-133299.22,380.79,0.0028566558754057228,-2674.35,-0.020533370883344563,0,-630.24,-821.85,0,Within Tolerance
2025-07,Engineering,Professional Services,-129863.78,-126817.29,-129872.72,8.94,6.883662712230866e-05,-3046.49,-0.02402267072573464,0,-1030.52,-812.91,0,Within Tolerance
2025-08,Engineering,Professional Services,-133060.75,-128981.66,-133507.09,446.34,0.0033431932341570774,-4079.09,-0.03162534890619333,0,836.07,-366.57,0,Within Tolerance
2025-09,Engineering,Professional Services,-132921.63,-131449.03,-132865.73,-55.90,-0.00042072549482850087,-1472.60,-0.011202821352124089,0,399.38,-422.47,0,Within Tolerance
2025-10,Engineering,Professional Services,-132631.34,-126760.40,-132595.71,-35.63,-0.0002687115593709631,-5870.94,-0.046315253028548345,0,354.81,-458.10,0,Within Tolerance
2025-11,Engineering,Professional Services,-132793.28,-127222.34,-131406.79,-1386.49,-0.010551129055051112,-5570.94,-0.043789007496639346,0,-1478.02,-1844.59,0,Within Tolerance
2025-12,Engineering,Professional Services,-139418.77,-132083.59,-137436.06,-1982.71,-0.014426417637408989,-7335.18,-0.055534377889032246,0,-3404.83,-3827.30,0,Within Tolerance
2025-01,G&A,Other OpEx,-32296.79,-31152.83,-32528.43,231.64,0.007121155247886233,-1143.96,-0.036720901439772885,0,-15.09,231.64,0,Within Tolerance
2025-02,G&A,Other OpEx,-32433.91,-31737.45,-32609.92,176.01,0.005397437344219182,-696.46,-0.021944422125911186,0,41.41,407.65,0,Within Tolerance
2025-03,G&A,Other OpEx,-31780.19,-30918.18,-32214.16,433.97,0.013471405121226195,-862.01,-0.02788036035756309,0,841.62,841.62,0,Within Tolerance
2025-04,G&A,Other OpEx,-31979.35,-30123.71,-32245.08,265.73,0.008240947146045226,-1855.64,-0.06160064613555236,0,875.71,1107.35,0,Within Tolerance
2025-05,G&A,Other OpEx,-30864.09,-29729.60,-30718.10,-145.99,-0.004752572587497274,-1134.49,-0.038160284699424146,0,553.71,961.36,0,Within Tolerance
2025-06,G&A,Other OpEx,-30448.64,-28997.18,-30868.36,419.72,0.013597094241482217,-1451.46,-0.05005521226546857,0,539.46,1381.08,0,Within Tolerance
2025-07,G&A,Other OpEx,-31098.02,-29808.19,-31453.07,355.05,0.011288246266580655,-1289.83,-0.04327099364302227,0,628.78,1736.13,0,Within Tolerance
2025-08,G&A,Other OpEx,-30781.40,-29802.14,-30944.79,163.39,0.005280048757803817,-979.26,-0.03285871417287484,0,938.16,1899.52,0,Within Tolerance
2025-09,G&A,Other OpEx,-32034.46,-30891.33,-32385.93,351.47,0.010852552327507656,-1143.13,-0.03700488130488393,0,869.91,2250.99,0,Within Tolerance
2025-10,G&A,Other OpEx,-32447.18,-31652.39,-32587.81,140.63,0.0043154173293633415,-794.79,-0.025109952202661472,0,655.49,2391.62,0,Within Tolerance
2025-11,G&A,Other OpEx,-31588.39,-30331.79,-31602.92,14.53,0.0004597676417242457,-1256.60,-0.041428481471090225,0,506.63,2406.15,0,Within Tolerance
2025-12,G&A,Other OpEx,-33281.16,-32137.02,-32884.36,-396.80,-0.012066526458170388,-1144.14,-0.03560193197751379,0,-241.64,2009.35,0,Within Tolerance
2024-01,G&A,Payroll,-571519.32,-559971.74,-568579.94,-2939.38,-0.0051696864296689755,-11547.58,-0.020621719231759802,0,-2939.38,-2939.38,0,Within Tolerance
2024-02,G&A,Payroll,-547715.95,-517946.87,-555198.42,7482.47,0.013477109679094547,-29769.08,-0.05747516149677669,0,4543.09,4543.09,0,Within Tolerance
2024-03,G&A,Payroll,-571404.71,-551594.78,-573616.74,2212.03,0.003856285644662323,-19809.93,-0.03591391854723498,0,6755.12,6755.12,0,Within Tolerance
2024-04,G&A,Payroll,-565733.46,-545054.88,-559652.37,-6081.09,-0.010865834446479697,-20678.58,-0.037938528318469514,0,3613.41,674.03,0,Within Tolerance
2024-05,G&A,Payroll,-570583.35,-544424.70,-578818.54,8235.19,0.014227585039000306,-26158.65,-0.04804824248422234,0,4366.13,8909.22,0,Within Tolerance
2024-06,G&A,Payroll,-568086.06,-553983.81,-567540.50,-545.56,-0.0009612706053576792,-14102.25,-0.02545606883349172,0,1608.54,8363.66,0,Within Tolerance
2024-07,G&A,Payroll,-565381.05,-557273.81,-564856.11,-524.94,-0.0009293340210128914,-8107.24,-0.014548036987419162,0,7164.69,7838.72,0,Within Tolerance
2024-08,G&A,Payroll,-572727.30,-558160.83,-566245.63,-6481.67,-0.011446746176213315,-14566.47,-0.026097263041550228,0,-7552.17,1357.05,0,Within Tolerance
2024-09,G&A,Payroll,-578448.44,-550140.22,-574281.49,-4166.95,-0.007255936457224139,-28308.22,-0.05145637234085521,0,-11173.56,-2809.90,0,Within Tolerance
2024-10,G&A,Payroll,-563281.34,-532380.52,-567389.93,4108.59,0.007241210643269612,-30900.82,-0.05804273229230852,0,-6540.03,1298.69,0,Within Tolerance
2024-11,G&A,Payroll,-585956.95,-556388.86,-579365.36,-6591.59,-0.01137725942054941,-29568.09,-0.05314285048769668,0,-6649.95,-5292.90,0,Within Tolerance
2024-12,G&A,Payroll,-591496.14,-558468.40,-592424.78,928.64,0.0015675238972954508,-33027.74,-0.059139854645312066,0,-1554.36,-4364.26,0,Within Tolerance
2025-01,Engineering,Payroll,-1880866.72,-1780163.37,-1893828.16,12961.44,0.006844042281006108,-100703.35,-0.05656972371024576,0,26714.42,12961.44,2,Within Tolerance
2025-02,Engineering,Payroll,-1939408.19,-1893451.96,-1919043.46,-20364.73,-0.010611917043296143,-45956.23,-0.024271135983825017,1,-7384.64,-7403.29,2,Potential Timing Issue
2025-03,Engineering,Payroll,-1949863.22,-1922685.89,-1957567.43,7704.21,0.003935603893859227,-27177.33,-0.01413508578876605,0,300.92,300.92,1,Within Tolerance
2025-04,Engineering,Payroll,-1929716.82,-1838147.93,-1922311.61,-7405.21,-0.003852242249111735,-91568.89,-0.049815843711773514,0,-20065.73,-7104.29,1,Within Tolerance
2025-05,Engineering,Payroll,-1932316.76,-1827346.07,-1910322.55,-21994.21,-0.011513348884459328,-104970.69,-0.0574443405785747,1,-21695.21,-29098.50,2,Potential Timing Issue
2025-06,Engineering,Payroll,-1941593.65,-1917879.58,-1914455.75,-27137.90,-0.01417525581356477,-23714.07,-0.01236473355642068,1,-56537.32,-56236.40,3,Potential Timing Issue
2025-07,Engineering,Payroll,-1906815.24,-1872613.96,-1909112.55,2297.31,0.0012033392164333108,-34201.28,-0.018263924509032282,0,-46834.80,-53939.09,3,Within Tolerance
2025-08,Engineering,Payroll,-1870081.36,-1813133.15,-1889130.49,19049.13,0.010083543778915982,-56948.21,-0.03140873024135045,0,-5791.46,-34889.96,2,Within Tolerance
2025-09,Engineering,Payroll,-1941418.15,-1827779.41,-1944544.71,3126.56,0.0016078622332113927,-113638.74,-0.06217311529950981,0,24473.00,-31763.40,2,Within Tolerance
2025-10,Engineering,Payroll,-1934387.72,-1898393.76,-1926112.48,-8275.24,-0.004296343067150471,-35993.96,-0.018960218242605263,0,13900.45,-40038.64,2,Within Tolerance
2025-11,Engineering,Payroll,-1883940.09,-1832691.04,-1898394.02,14453.93,0.00761376713565501,-51249.05,-0.027963824169730214,0,9305.25,-25584.71,1,Within Tolerance
2025-12,Engineering,Payroll,-1997030.85,-1953309.30,-1987016.58,-10014.27,-0.005039852259310287,-43721.55,-0.022383321473972404,1,-3835.58,-35598.98,1,Potential Timing Issue
2024-01,Engineering,Travel,-22757.60,-21679.86,-22604.06,-153.54,-0.006792585048880599,-1077.74,-0.0497115756282559,0,-153.54,-153.54,0,Within Tolerance
2024-02,Engineering,Travel,-21741.95,-20829.01,-21552.05,-189.90,-0.008811226774251174,-912.94,-0.04383021564635094,0,-343.44,-343.44,0,Within Tolerance
2024-03,Engineering,Travel,-23037.68,-22335.05,-22994.58,-43.10,-0.0018743547392472487,-702.63,-0.03145862668765013,0,-386.54,-386.54,0,Within Tolerance
2024-04,Engineering,Travel,-21768.19,-20645.10,-22082.46,314.27,0.0142316571613851,-1123.09,-0.05439983337450533,0,81.27,-72.27,0,Within Tolerance
2024-05,Engineering,Travel,-23385.48,-22312.32,-23365.10,-20.38,-0.0008722410775044832,-1073.16,-0.04809719473367181,0,250.79,-92.65,0,Within Tolerance
2024-06,Engineering,Travel,-21917.74,-21636.16,-21704.95,-212.79,-0.009803754443110902,-281.58,-0.013014324168429148,0,81.10,-305.44,0,Within Tolerance
2024-07,Engineering,Travel,-22822.28,-21652.75,-22852.16,29.88,0.0013075350426392954,-1169.53,-0.05401300065811502,0,-203.29,-275.56,0,Within Tolerance
2024-08,Engineering,Travel,-22489.42,-21254.67,-22388.36,-101.06,-0.004513952786179961,-1234.75,-0.05809311553649151,0,-283.97,-376.62,0,Within Tolerance
2024-09,Engineering,Travel,-23729.40,-22664.02,-24007.86,278.46,0.011598701425283218,-1065.38,-0.04700754764600455,0,207.28,-98.16,0,Within Tolerance
2024-10,Engineering,Travel,-22865.25,-21781.86,-22724.19,-141.06,-0.006207481982856155,-1083.39,-0.04973817662954404,0,36.34,-239.22,0,Within Tolerance
2024-11,Engineering,Travel,-22825.64,-21912.56,-22633.69,-191.95,-0.008480720554182725,-913.08,-0.041669252702559625,0,-54.55,-431.17,0,Within Tolerance
2024-12,Engineering,Travel,-22934.21,-21754.03,-22809.96,-124.25,-0.005447181845123797,-1180.18,-0.05425109738287573,0,-457.26,-555.42,0,Within Tolerance
2025-01,Marketing,Marketing,-61932.16,-60675.00,-62076.68,144.52,0.0023280884222545407,-1257.16,-0.020719571487433048,0,-191.28,144.52,0,Within Tolerance
2025-02,Marketing,Marketing,-61931.39,-59259.37,-61797.86,-133.53,-0.0021607544338914,-2672.02,-0.04509025323758926,0,179.29,10.99,0,Within Tolerance
2025-03,Marketing,Marketing,-63799.26,-61394.53,-64559.54,760.28,0.011776416002964085,-2404.73,-0.03916847315224988,0,771.27,771.27,0,Within Tolerance
2025-04,Marketing,Marketing,-60553.52,-59217.55,-60002.98,-550.54,-0.009175210964522094,-1335.97,-0.02256037272734181,0,76.21,220.73,0,Within Tolerance
2025-05,Marketing,Marketing,-66215.86,-65515.40,-67014.28,798.42,0.011914177097776773,-700.46,-0.010691532067269681,0,1008.16,1019.15,0,Within Tolerance
2025-06,Marketing,Marketing,-64561.97,-60787.44,-65165.37,603.40,0.0092595192814834,-3774.53,-0.06209391282146443,0,851.28,1622.55,0,Within Tolerance
2025-07,Marketing,Marketing,-64957.58,-61858.63,-64605.22,-352.36,-0.005454048449954973,-3098.95,-0.05009729442763281,0,1049.46,1270.19,0,Within Tolerance
2025-08,Marketing,Marketing,-64041.76,-60256.59,-64447.49,405.73,0.006295512827574822,-3785.17,-0.062817527510269,0,656.77,1675.92,0,Within Tolerance
2025-09,Marketing,Marketing,-63861.86,-62413.85,-64262.71,400.85,0.006237676562348523,-1448.01,-0.023200139071696428,0,454.22,2076.77,0,Within Tolerance
2025-10,Marketing,Marketing,-64855.14,-62270.29,-64043.93,-811.21,-0.012666461911378643,-2584.85,-0.04151016479929674,0,-4.63,1265.56,0,Within Tolerance
2025-11,Marketing,Marketing,-62679.69,-60108.20,-63066.47,386.78,0.006132894389046985,-2571.49,-0.04278101823045774,0,-23.58,1652.34,0,Within Tolerance
2025-12,Marketing,Marketing,-63568.05,-60215.54,-62868.28,-699.77,-0.011130732382053398,-3352.51,-0.0556751629230594,0,-1124.20,952.57,0,Within Tolerance
2024-01,Customer Success,Other OpEx,-44099.53,-41876.05,-44743.42,643.89,0.014390719350465387,-2223.48,-0.05309669847084431,0,643.89,643.89,0,Within Tolerance
2024-02,Customer Success,Other OpEx,-46203.57,-44393.75,-46176.55,-27.02,-0.0005851454905141246,-1809.82,-0.0407674503730818,0,616.87,616.87,0,Within Tolerance
2024-03,Customer Success,Other OpEx,-43910.03,-42696.86,-43782.16,-127.87,-0.0029205959687690144,-1213.17,-0.028413564838257428,0,489.00,489.00,0,Within Tolerance
2024-04,Customer Success,Other OpEx,-44399.07,-43818.09,-44065.83,-333.24,-0.0075623220985511904,-580.98,-0.013258907451237607,0,-488.13,155.76,0,Within Tolerance
2024-05,Customer Success,Other OpEx,-47414.27,-46567.79,-47967.40,553.13,0.011531373391094784,-846.48,-0.018177371097060864,0,92.02,708.89,0,Within Tolerance
2024-06,Customer Success,Other OpEx,-46811.77,-45536.25,-46285.61,-526.16,-0.011367679933352935,-1275.52,-0.02801109006560707,0,-306.27,182.73,0,Within Tolerance
2024-07,Customer Success,Other OpEx,-45391.32,-43307.70,-45910.33,519.01,0.01130486319745469,-2083.62,-0.04811199855914768,0,545.98,701.74,0,Within Tolerance
2024-08,Customer Success,Other OpEx,-47765.80,-47051.50,-48010.76,244.96,0.005102189592499681,-714.30,-0.015181237580098402,0,237.81,946.70,0,Within Tolerance
2024-09,Customer Success,Other OpEx,-45362.28,-44380.35,-45795.19,432.91,0.009453176196015345,-981.93,-0.022125332495124533,0,1196.88,1379.61,0,Within Tolerance
2024-10,Customer Success,Other OpEx,-45269.13,-43365.05,-45606.12,336.99,0.007389139878595241,-1904.08,-0.04390817028920755,0,1014.86,1716.60,0,Within Tolerance
2024-11,Customer Success,Other OpEx,-45924.13,-44221.83,-45746.02,-178.11,-0.003893453463273964,-1702.30,-0.03849456252715005,0,591.79,1538.49,0,Within Tolerance
2024-12,Customer Success,Other OpEx,-47735.25,-45040.15,-47331.24,-404.01,-0.008535800033973334,-2695.10,-0.05983772256531117,0,-245.13,1134.48,0,Within Tolerance
2024-01,G&A,Facilities,-24896.78,-24215.29,-25085.04,188.26,0.007504871429345936,-681.49,-0.02814296256621333,0,188.26,188.26,0,Within Tolerance
2024-02,G&A,Facilities,-25925.69,-25511.72,-25984.42,58.73,0.0022602005355516885,-413.97,-0.016226659746971198,0,246.99,246.99,0,Within Tolerance
2024-03,G&A,Facilities,-25313.94,-24007.89,-25068.64,-245.30,-0.009785133936264593,-1306.05,-0.05440086571539606,0,1.69,1.69,0,Within Tolerance
2024-04,G&A,Facilities,-24726.09,-24146.18,-24895.14,169.05,0.0067904819976911165,-579.91,-0.02401663534356159,0,-17.52,170.74,0,Within Tolerance
2024-05,G&A,Facilities,-26047.84,-24489.21,-26185.58,137.74,0.005260146996934954,-1558.63,-0.06364558105386005,0,61.49,308.48,0,Within Tolerance
2024-06,G&A,Facilities,-26027.77,-24493.50,-25932.32,-95.45,-0.003680735082707602,-1534.27,-0.06263988405087063,0,211.34,213.03,0,Within Tolerance
2024-07,G&A,Facilities,-26126.37,-25190.99,-26215.88,89.51,0.00341434275713804,-935.38,-0.037131529963689396,0,131.80,302.54,0,Within Tolerance
2024-08,G&A,Facilities,-25792.04,-25516.67,-26116.72,324.68,0.012431882717278433,-275.37,-0.010791768675144524,0,318.74,627.22,0,Within Tolerance
2024-09,G&A,Facilities,-25918.98,-24968.16,-25547.16,-371.82,-0.014554259651562053,-950.82,-0.038081300344118274,0,42.37,255.40,0,Within Tolerance
2024-10,G&A,Facilities,-25149.97,-24121.19,-24904.29,-245.68,-0.009864967039815228,-1028.78,-0.04265046624979945,0,-292.82,9.72,0,Within Tolerance
2024-11,G&A,Facilities,-26542.26,-25838.81,-26573.34,31.08,0.001169593284096015,-703.45,-0.027224550975838285,0,-586.42,40.80,0,Within Tolerance
2024-12,G&A,Facilities,-25696.40,-24843.39,-25557.20,-139.20,-0.005446606044480615,-853.01,-0.03433549125139524,0,-353.80,-98.40,0,Within Tolerance
2025-01,G&A,Professional Services,-40539.11,-38578.57,-41009.76,470.65,0.01147653631720839,-1960.54,-0.05081940569596022,0,960.74,470.65,0,Within Tolerance
2025-02,G&A,Professional Services,-39041.41,-37781.33,-39021.91,-19.50,-0.0004997192602822362,-1260.08,-0.03335192276185089,0,887.46,451.15,0,Within Tolerance
2025-03,G&A,Professional Services,-41483.70,-41000.02,-40975.91,-507.79,-0.012392403243759564,-483.68,-0.011797067416064675,0,-56.64,-56.64,0,Within Tolerance
2025-04,G&A,Professional Services,-39025.02,-38330.96,-39445.89,420.87,0.010669552645408685,-694.06,-0.01810703410506807,0,-106.42,364.23,0,Within Tolerance
2025-05,G&A,Professional Services,-41782.73,-40892.14,-41520.34,-262.39,-0.006319553259920319,-890.59,-0.021779002028262644,0,-349.31,101.84,0,Within Tolerance
2025-06,G&A,Professional Services,-40707.84,-39411.63,-41309.32,601.48,0.014560394603445421,-1296.21,-0.03288902285949605,0,759.96,703.32,0,Within Tolerance
2025-07,G&A,Professional Services,-40921.54,-39880.04,-41165.34,243.80,0.005922458067879435,-1041.50,-0.026115821348223323,0,582.89,947.12,0,Within Tolerance
2025-08,G&A,Professional Services,-38469.87,-37457.97,-38414.79,-55.08,-0.0014338227542048257,-1011.90,-0.027014277602336698,0,790.20,892.04,0,Within Tolerance
2025-09,G&A,Professional Services,-41835.34,-41379.20,-42381.40,546.06,0.012884425715054243,-456.14,-0.011023412729100611,0,734.78,1438.10,0,Within Tolerance
2025-10,G&A,Professional Services,-40907.81,-39650.72,-41430.50,522.69,0.01261606787270248,-1257.09,-0.031704090114883156,0,1013.67,1960.79,0,Within Tolerance
2025-11,G&A,Professional Services,-41767.78,-40261.50,-41661.83,-105.95,-0.002543095202491105,-1506.28,-0.03741241632825404,0,962.80,1854.84,0,Within Tolerance
2025-12,G&A,Professional Services,-41809.31,-41219.78,-41457.09,-352.22,-0.008496013588990449,-589.53,-0.014302114179163498,0,64.52,1502.62,0,Within Tolerance
2025-01,Marketing,Facilities,-18538.67,-18185.69,-18265.82,-272.85,-0.014937736165143422,-352.98,-0.01940976669018333,0,-356.30,-272.85,0,Within Tolerance
2025-02,Marketing,Facilities,-19669.59,-18666.06,-19476.75,-192.84,-0.00990103585043706,-1003.53,-0.05376228298848283,0,-403.34,-465.69,0,Within Tolerance
2025-03,Marketing,Facilities,-19364.54,-18540.89,-19094.38,-270.16,-0.014148665733058629,-823.65,-0.04442343382653152,0,-735.85,-735.85,0,Within Tolerance
2025-04,Marketing,Facilities,-19355.19,-18714.64,-19271.39,-83.80,-0.004348414930111425,-640.55,-0.03422721462982991,0,-546.80,-819.65,0,Within Tolerance
2025-05,Marketing,Facilities,-19531.79,-18416.64,-19703.60,171.81,0.00871972634442437,-1115.15,-0.06055121889769253,0,-182.15,-647.84,0,Within Tolerance
2025-06,Marketing,Facilities,-19625.96,-18554.29,-19781.24,155.28,0.007849861788239767,-1071.67,-0.05775861000340083,0,243.29,-492.56,0,Within Tolerance
2025-07,Marketing,Facilities,-19199.20,-18194.35,-19082.70,-116.50,-0.006105006105006105,-1004.85,-0.05522868362980816,0,210.59,-609.06,0,Within Tolerance
2025-08,Marketing,Facilities,-20182.55,-19887.15,-20243.06,60.51,0.0029891725855675966,-295.40,-0.014853812637808834,0,99.29,-548.55,0,Within Tolerance
2025-09,Marketing,Facilities,-19690.24,-18599.76,-19902.26,212.02,0.010653061511607225,-1090.48,-0.058628713488776206,0,156.03,-336.53,0,Within Tolerance
2025-10,Marketing,Facilities,-18821.66,-17924.01,-19041.00,219.34,0.011519352975158869,-897.65,-0.05008086918050147,0,491.87,-117.19,0,Within Tolerance
2025-11,Marketing,Facilities,-19348.93,-18199.64,-19368.47,19.54,0.0010088561460972394,-1149.29,-0.06314905129991583,0,450.90,-97.65,0,Within Tolerance
2025-12,Marketing,Facilities,-19642.25,-18822.55,-19404.05,-238.20,-0.01227578778657033,-819.70,-0.04354882839997769,0,0.68,-335.85,0,Within Tolerance
2024-01,Marketing,Professional Services,-27914.93,-26511.50,-27890.43,-24.50,-0.0008784375142297914,-1403.43,-0.05293665013296117,0,-24.50,-24.50,0,Within Tolerance
2024-02,Marketing,Professional Services,-28909.75,-27595.08,-29168.56,258.81,0.008872909735688014,-1314.67,-0.04764146362322559,0,234.31,234.31,0,Within Tolerance
2024-03,Marketing,Professional Services,-28233.26,-27192.46,-28539.80,306.54,0.010740790054590433,-1040.80,-0.03827531602510402,0,540.85,540.85,0,Within Tolerance
2024-04,Marketing,Professional Services,-28217.63,-27206.91,-28633.04,415.41,0.014508064809045774,-1010.72,-0.03714938594643787,0,980.76,956.26,0,Within Tolerance
2024-05,Marketing,Professional Services,-27733.01,-26296.92,-28019.45,286.44,0.010222898736413456,-1436.09,-0.05461057796882677,0,1008.39,1242.70,0,Within Tolerance
2024-06,Marketing,Professional Services,-29194.06,-28753.33,-28804.00,-390.06,-0.01354186918483544,-440.73,-0.015327963752372333,0,311.79,852.64,0,Within Tolerance
2024-07,Marketing,Professional Services,-28110.48,-27212.53,-27955.52,-154.96,-0.0055430913107679634,-897.95,-0.03299766688360105,0,-258.58,697.68,0,Within Tolerance
2024-08,Marketing,Professional Services,-29385.65,-28498.64,-29244.76,-140.89,-0.004817615189866492,-887.01,-0.03112464314086567,0,-685.91,556.79,0,Within Tolerance
2024-09,Marketing,Professional Services,-30097.83,-28773.25,-29837.46,-260.37,-0.00872627897951099,-1324.58,-0.04603511942516052,0,-556.22,296.42,0,Within Tolerance
2024-10,Marketing,Professional Services,-29649.91,-28758.31,-30009.08,359.17,0.011968710803530132,-891.60,-0.031003212636625727,0,-42.09,655.59,0,Within Tolerance
2024-11,Marketing,Professional Services,-28648.81,-27333.97,-28912.02,263.21,0.00910382602114968,-1314.84,-0.04810278199617545,0,362.01,918.80,0,Within Tolerance
2024-12,Marketing,Professional Services,-29177.58,-28135.06,-29266.33,88.75,0.003032495020728598,-1042.52,-0.03705412392936073,0,711.13,1007.55,0,Within Tolerance
2024-01,Marketing,Software,-48233.16,-46859.93,-47672.22,-560.94,-0.011766601177792853,-1373.23,-0.029304994693760748,0,-560.94,-560.94,0,Within Tolerance
2024-02,Marketing,Software,-48144.80,-45309.31,-48274.78,129.98,0.0026925032076790404,-2835.49,-0.06258073671834773,0,-430.96,-430.96,0,Within Tolerance
2024-03,Marketing,Software,-46803.48,-44798.49,-46878.58,75.10,0.0016020109824145695,-2004.99,-0.04475574957995236,0,-355.86,-355.86,0,Within Tolerance
2024-04,Marketing,Software,-47839.02,-46295.56,-47931.03,92.01,0.0019196332730592272,-1543.46,-0.03333926622769009,0,297.09,-263.85,0,Within Tolerance
2024-05,Marketing,Software,-46710.50,-44414.42,-46676.61,-33.89,-0.0007260595831616735,-2296.08,-0.0516967237217102,0,133.22,-297.74,0,Within Tolerance
2024-06,Marketing,Software,-47805.78,-45954.21,-47883.96,78.18,0.0016326970451065452,-1851.57,-0.040291629428511555,0,136.30,-219.56,0,Within Tolerance
2024-07,Marketing,Software,-44715.23,-42716.95,-44824.45,109.22,0.0024366166232937607,-1998.28,-0.04677955706107295,0,153.51,-110.34,0,Within Tolerance
2024-08,Marketing,Software,-45571.87,-44360.34,-45606.61,34.74,0.0007617316875777437,-1211.53,-0.027311107173660077,0,222.14,-75.60,0,Within Tolerance
2024-09,Marketing,Software,-48459.79,-47191.92,-48426.86,-32.93,-0.000679994531960156,-1267.87,-0.0268662516803724,0,111.03,-108.53,0,Within Tolerance
2024-10,Marketing,Software,-46405.02,-44011.15,-46038.54,-366.48,-0.007960287185475473,-2393.87,-0.05439235284694901,0,-364.67,-475.01,0,Within Tolerance
2024-11,Marketing,Software,-49131.78,-48398.12,-48496.72,-635.06,-0.013094906212213937,-733.66,-0.015158853277771944,0,-1034.47,-1110.07,0,Within Tolerance
2024-12,Marketing,Software,-50174.89,-49031.53,-50428.95,254.06,0.005037979176643575,-1143.36,-0.023318872570364416,0,-747.48,-856.01,0,Within Tolerance
2024-01,Marketing,Travel,-4892.37,-4815.47,-4826.11,-66.26,-0.013729483994355704,-76.90,-0.015969365399431418,0,-66.26,-66.26,0,Within Tolerance
2024-02,Marketing,Travel,-4853.39,-4648.37,-4807.98,-45.41,-0.009444714828264677,-205.02,-0.04410578331759305,0,-111.67,-111.67,0,Within Tolerance
2024-03,Marketing,Travel,-4822.61,-4592.35,-4840.48,17.87,0.003691782633127294,-230.26,-0.050139906583775186,0,-93.80,-93.80,0,Within Tolerance
2024-04,Marketing,Travel,-4997.84,-4826.50,-4992.36,-5.48,-0.0010976772508392825,-171.34,-0.03549984460789392,0,-33.02,-99.28,0,Within Tolerance
2024-05,Marketing,Travel,-5203.81,-4944.34,-5174.56,-29.25,-0.0056526545252156704,-259.47,-0.05247818717968425,0,-16.86,-128.53,0,Within Tolerance
2024-06,Marketing,Travel,-4993.62,-4821.08,-5050.94,57.32,0.011348382677283834,-172.54,-0.03578866146174716,0,22.59,-71.21,0,Within Tolerance
2024-07,Marketing,Travel,-4983.72,-4800.56,-5019.65,35.93,0.007157869572579762,-183.16,-0.0381538820470945,0,64.00,-35.28,0,Within Tolerance
2024-08,Marketing,Travel,-5112.03,-4821.96,-5158.44,46.41,0.008996906041361342,-290.07,-0.06015603613468382,0,139.66,11.13,0,Within Tolerance
2024-09,Marketing,Travel,-5065.22,-4991.10,-5026.82,-38.40,-0.007639024273795362,-74.12,-0.014850433772114363,0,43.94,-27.27,0,Within Tolerance
2024-10,Marketing,Travel,-5281.35,-5027.86,-5273.72,-7.63,-0.001446796568646041,-253.49,-0.05041707605223694,0,0.38,-34.90,0,Within Tolerance
2024-11,Marketing,Travel,-5046.45,-4896.37,-5119.34,72.89,0.014238163513265381,-150.08,-0.03065127839603625,0,26.86,37.99,0,Within Tolerance
2024-12,Marketing,Travel,-5006.70,-4952.07,-5024.70,18.00,0.0035823034210997673,-54.63,-0.011031750358940808,0,83.26,55.99,0,Within Tolerance
2025-01,Sales,Marketing,-15000.47,-14293.57,-15051.57,51.10,0.003394994674974106,-706.90,-0.04945580425324114,0,129.28,51.10,0,Within Tolerance
2025-02,Sales,Marketing,-14090.08,-13478.59,-14123.79,33.71,0.002386753130710666,-611.49,-0.045367505058021645,0,-24.22,84.81,0,Within Tolerance
2025-03,Sales,Marketing,-15304.41,-14629.20,-15481.47,177.06,0.011436898434063432,-675.21,-0.04615495037322615,0,261.87,261.87,0,Within Tolerance
2025-04,Sales,Marketing,-14615.10,-14212.93,-14464.54,-150.56,-0.01040890342866071,-402.17,-0.028296065624751548,0,60.21,111.31,0,Within Tolerance
2025-05,Sales,Marketing,-14447.85,-14284.49,-14661.64,213.79,0.014581588417121141,-163.36,-0.01143618008063291,0,240.29,325.10,0,Within Tolerance
2025-06,Sales,Marketing,-14835.57,-14242.16,-14694.04,-141.53,-0.009631796292918762,-593.41,-0.04166573047908463,0,-78.30,183.57,0,Within Tolerance
2025-07,Sales,Marketing,-15310.21,-14731.63,-15364.16,53.95,0.0035114187824130966,-578.58,-0.03927467632570191,0,126.21,237.52,0,Within Tolerance
2025-08,Sales,Marketing,-14353.26,-13808.45,-14530.51,177.25,0.01219847066620511,-544.81,-0.03945482657358356,0,89.67,414.77,0,Within Tolerance
2025-09,Sales,Marketing,-15033.91,-14517.55,-15169.10,135.19,0.008912196504736602,-516.36,-0.0355679849561393,0,366.39,549.96,0,Within Tolerance
2025-10,Sales,Marketing,-15444.22,-15243.07,-15614.78,170.56,0.010922984505705492,-201.15,-0.013196160615938916,0,483.00,720.52,0,Within Tolerance
2025-11,Sales,Marketing,-15460.39,-14559.47,-15676.72,216.33,0.013799442740573285,-900.92,-0.0618786260763613,0,522.08,936.85,0,Within Tolerance
2025-12,Sales,Marketing,-14878.47,-14343.49,-14854.40,-24.07,-0.0016203953037483845,-534.98,-0.03729775668264837,0,362.82,912.78,0,Within Tolerance
2024-01,Sales,Professional Services,-84926.64,-81117.38,-85977.89,1051.25,0.012226980680730826,-3809.26,-0.04695985003460418,0,1051.25,1051.25,0,Within Tolerance
2024-02,Sales,Professional Services,-83668.32,-81229.63,-83520.66,-147.66,-0.001767945799278885,-2438.69,-0.03002217294354289,0,903.59,903.59,0,Within Tolerance
2024-03,Sales,Professional Services,-85245.10,-82501.87,-86410.50,1165.40,0.013486786906683795,-2743.23,-0.03325051904884096,0,2068.99,2068.99,0,Within Tolerance
2024-04,Sales,Professional Services,-83151.00,-81393.50,-82462.48,-688.52,-0.008349494218461536,-1757.50,-0.021592633318385374,0,329.22,1380.47,0,Within Tolerance
2024-05,Sales,Professional Services,-84136.88,-82398.20,-83002.67,-1134.21,-0.013664741146278789,-1738.68,-0.02110094637989665,0,-657.33,246.26,0,Within Tolerance
2024-06,Sales,Professional Services,-85179.14,-84071.13,-85705.15,526.01,0.006137437481878277,-1108.01,-0.013179435080746505,0,-1296.72,772.27,0,Within Tolerance
2024-07,Sales,Professional Services,-83634.93,-78968.47,-82795.19,-839.74,-0.010142376628400757,-4666.46,-0.059092698642888734,0,-1447.94,-67.47,0,Within Tolerance
2024-08,Sales,Professional Services,-86081.61,-81174.34,-86877.65,796.04,0.009162770862241324,-4907.27,-0.06045346349597669,0,482.31,728.57,0,Within Tolerance
2024-09,Sales,Professional Services,-87272.31,-83948.38,-87107.51,-164.80,-0.0018919149451063406,-3323.93,-0.0395949272636351,0,-208.50,563.77,0,Within Tolerance
2024-10,Sales,Professional Services,-87114.87,-83847.05,-87544.13,429.26,0.004903355599056155,-3267.82,-0.03897358344747967,0,1060.50,993.03,0,Within Tolerance
2024-11,Sales,Professional Services,-87388.83,-82177.93,-86981.44,-407.39,-0.004683642855303384,-5210.90,-0.06340996907563867,0,-142.93,585.64,0,Within Tolerance
2024-12,Sales,Professional Services,-84612.86,-79972.29,-83650.43,-962.43,-0.011505380187525635,-4640.57,-0.05802722417977527,0,-940.56,-376.79,0,Within Tolerance
2024-01,Sales,Travel,-42408.18,-40150.82,-41915.90,-492.28,-0.01174446928253956,-2257.36,-0.05622201489284653,0,-492.28,-492.28,0,Within Tolerance
2024-02,Sales,Travel,-42373.89,-41200.78,-42387.41,13.52,0.0003189626353674357,-1173.11,-0.028473004637290845,0,-478.76,-478.76,0,Within Tolerance
2024-03,Sales,Travel,-42646.86,-40418.00,-42639.67,-7.19,-0.00016862231813707753,-2228.86,-0.05514523232223267,0,-485.95,-485.95,0,Within Tolerance
2024-04,Sales,Travel,-42844.19,-41437.13,-43127.37,283.18,0.006566131901852582,-1407.06,-0.03395650229637043,0,289.51,-202.77,0,Within Tolerance
2024-05,Sales,Travel,-43141.14,-42225.63,-42840.03,-301.11,-0.007028706562530419,-915.51,-0.021681381663222078,0,-25.12,-503.88,0,Within Tolerance
2024-06,Sales,Travel,-40822.45,-39850.99,-41289.13,466.68,0.011302732704709448,-971.46,-0.02437731157996326,0,448.75,-37.20,0,Within Tolerance
2024-07,Sales,Travel,-43573.92,-41029.15,-43252.22,-321.70,-0.0074377685122289676,-2544.77,-0.06202346380561138,0,-156.13,-358.90,0,Within Tolerance
2024-08,Sales,Travel,-42538.37,-40966.21,-42870.32,331.95,0.007743119248934927,-1572.16,-0.038376994112953096,0,476.93,-26.95,0,Within Tolerance
2024-09,Sales,Travel,-42596.89,-40419.07,-42771.92,175.03,0.004092170751277942,-2177.82,-0.05388100221009539,0,185.28,148.08,0,Within Tolerance
2024-10,Sales,Travel,-43619.69,-42086.67,-43443.70,-175.99,-0.004050990132055972,-1533.02,-0.03642530996156265,0,330.99,-27.91,0,Within Tolerance
2024-11,Sales,Travel,-42763.19,-42017.44,-42717.02,-46.17,-0.0010808338222095082,-745.75,-0.01774858249336466,0,-47.13,-74.08,0,Within Tolerance
2024-12,Sales,Travel,-43453.38,-41552.28,-43546.92,93.54,0.0021480279202294905,-1901.10,-0.04575200205620486,0,-128.62,19.46,0,Within Tolerance
2024-01,Customer Success,Facilities,-37664.93,-35629.75,-37898.17,233.24,0.006154386874089171,-2035.18,-0.05712024361664059,0,233.24,233.24,0,Within Tolerance
2024-02,Customer Success,Facilities,-37657.42,-35669.32,-37518.56,-138.86,-0.0037011015348137033,-1988.10,-0.055736975081106116,0,94.38,94.38,0,Within Tolerance
2024-03,Customer Success,Facilities,-36125.88,-34471.17,-36119.61,-6.27,-0.0001735899141768142,-1654.71,-0.04800272227487492,0,88.11,88.11,0,Within Tolerance
2024-04,Customer Success,Facilities,-37956.24,-36945.64,-38220.42,264.18,0.006912011955912573,-1010.60,-0.0273537012757121,0,119.05,352.29,0,Within Tolerance
2024-05,Customer Success,Facilities,-38558.03,-38142.15,-38678.40,120.37,0.0031120728882270206,-415.88,-0.010903423115896718,0,378.28,472.66,0,Within Tolerance
2024-06,Customer Success,Facilities,-38142.22,-37077.37,-37776.70,-365.52,-0.009675805456802739,-1064.85,-0.02871967456159916,0,19.03,107.14,0,Within Tolerance
2024-07,Customer Success,Facilities,-37202.84,-35920.63,-37725.14,522.30,0.013844879038222256,-1282.21,-0.035695643422735075,0,277.15,629.44,0,Within Tolerance
2024-08,Customer Success,Facilities,-36394.36,-34915.58,-36066.65,-327.71,-0.009086233403989558,-1478.78,-0.0423530126092707,0,-170.93,301.73,0,Within Tolerance
2024-09,Customer Success,Facilities,-38354.64,-37560.75,-38443.03,88.39,0.0022992464433734803,-793.89,-0.021136159421736786,0,282.98,390.12,0,Within Tolerance
2024-10,Customer Success,Facilities,-39384.38,-38775.29,-39327.77,-56.61,-0.001439440883630066,-609.09,-0.01570819973235532,0,-295.93,333.51,0,Within Tolerance
2024-11,Customer Success,Facilities,-36815.43,-35796.69,-36756.52,-58.91,-0.0016027088527423162,-1018.74,-0.028459055851253284,0,-27.13,274.60,0,Within Tolerance
2024-12,Customer Success,Facilities,-36909.41,-35753.12,-37141.11,231.70,0.006238370366421466,-1156.29,-0.03234095374054068,0,116.18,506.30,0,Within Tolerance
2024-01,Sales,Other OpEx,-63139.61,-61444.33,-62358.03,-781.58,-0.01253375066531127,-1695.28,-0.027590503468749677,0,-781.58,-781.58,0,Within Tolerance
2024-02,Sales,Other OpEx,-67509.81,-65903.68,-67563.84,54.03,0.0007996881171940494,-1606.13,-0.024370869729884587,0,-727.55,-727.55,0,Within Tolerance
2024-03,Sales,Other OpEx,-65233.59,-63857.62,-65561.43,327.84,0.005000501056795131,-1375.97,-0.021547467631897337,0,-399.71,-399.71,0,Within Tolerance
2024-04,Sales,Other OpEx,-63923.79,-61390.60,-63088.25,-835.54,-0.013243987588814081,-2533.19,-0.04126348333458217,0,-453.67,-1235.25,0,Within Tolerance
2024-05,Sales,Other OpEx,-66068.93,-63627.20,-66055.53,-13.40,-0.00020285962431911456,-2441.73,-0.038375568939070084,0,-521.10,-1248.65,0,Within Tolerance
2024-06,Sales,Other OpEx,-65818.91,-64290.06,-65939.08,120.17,0.0018224397428656875,-1528.85,-0.023780503549071193,0,-728.77,-1128.48,0,Within Tolerance
2024-07,Sales,Other OpEx,-67624.47,-65531.71,-68367.29,742.82,0.010865137407084589,-2092.76,-0.03193507387492254,0,849.59,-385.66,0,Within Tolerance
2024-08,Sales,Other OpEx,-66646.87,-65060.03,-67294.76,647.89,0.009627644113746748,-1586.84,-0.024390397606641127,0,1510.88,262.23,0,Within Tolerance
2024-09,Sales,Other OpEx,-67590.42,-66058.59,-67255.28,-335.14,-0.004983103185355856,-1531.83,-0.02318895998234295,0,1055.57,-72.91,0,Within Tolerance
2024-10,Sales,Other OpEx,-69764.14,-68614.56,-70483.53,719.39,0.010206497886811288,-1149.58,-0.016754169960428222,0,1032.14,646.48,0,Within Tolerance
2024-11,Sales,Other OpEx,-68718.11,-65416.06,-68715.01,-3.10,-4.5113869589773764e-05,-3302.05,-0.050477665576312614,0,381.15,643.38,0,Within Tolerance
2024-12,Sales,Other OpEx,-68698.47,-67450.92,-69606.99,908.52,0.01305213743619714,-1247.55,-0.018495670629844634,0,1624.81,1551.90,0,Within Tolerance
2024-01,Sales,Software,-138540.81,-136800.75,-139692.16,1151.35,0.008242051665605285,-1740.06,-0.012719667107088228,0,1151.35,1151.35,0,Within Tolerance
2024-02,Sales,Software,-141099.70,-137353.53,-142942.58,1842.88,0.012892449541627136,-3746.17,-0.027273925904925778,0,2994.23,2994.23,0,Within Tolerance
2024-03,Sales,Software,-132948.88,-128174.82,-131178.48,-1770.40,-0.013496116131243479,-4774.06,-0.037246473215253977,0,1223.83,1223.83,0,Within Tolerance
2024-04,Sales,Software,-140277.98,-137931.09,-138361.17,-1916.81,-0.013853670072318698,-2346.89,-0.017014945651484373,0,-1844.33,-692.98,0,Within Tolerance
2024-05,Sales,Software,-137121.74,-129508.30,-135530.27,-1591.47,-0.011742542828255268,-7613.44,-0.05878727463799617,0,-5278.68,-2284.45,0,Within Tolerance
2024-06,Sales,Software,-141693.71,-138112.81,-141638.36,-55.35,-0.0003907839655867239,-3580.90,-0.025927356050463386,0,-3563.63,-2339.80,0,Within Tolerance
2024-07,Sales,Software,-142175.82,-133811.29,-142472.06,296.24,0.002079284878733416,-8364.53,-0.06250989733377504,0,-1350.58,-2043.56,0,Within Tolerance
2024-08,Sales,Software,-137546.15,-135725.31,-138013.30,467.15,0.003384818709501186,-1820.84,-0.013415626016989757,0,708.04,-1576.41,0,Within Tolerance
2024-09,Sales,Software,-143005.40,-136775.96,-144218.29,1212.89,0.008410098330801176,-6229.44,-0.04554484574628465,0,1976.28,-363.52,0,Within Tolerance
2024-10,Sales,Software,-137154.87,-129696.87,-137427.23,272.36,0.0019818488664873767,-7458.00,-0.05750331523035213,0,1952.40,-91.16,0,Within Tolerance
2024-11,Sales,Software,-136451.46,-129660.92,-136862.26,410.80,0.0030015579166966845,-6790.54,-0.05237152412615922,0,1896.05,319.64,0,Within Tolerance
2024-12,Sales,Software,-137046.76,-128957.22,-136267.53,-779.23,-0.0057183835356816115,-8089.54,-0.06273041555951656,0,-96.07,-459.59,0,Within Tolerance
2024-01,Engineering,Facilities,-82571.28,-80929.29,-81476.33,-1094.95,-0.013438872369435393,-1641.99,-0.020289193195689722,0,-1094.95,-1094.95,0,Within Tolerance
2024-02,Engineering,Facilities,-84290.87,-81647.07,-84187.10,-103.77,-0.0012326116471525921,-2643.80,-0.03238083130233577,0,-1198.72,-1198.72,0,Within Tolerance
2024-03,Engineering,Facilities,-83091.25,-81212.15,-82789.05,-302.20,-0.0036502411852775214,-1879.10,-0.023138163439830123,0,-1500.92,-1500.92,0,Within Tolerance
2024-04,Engineering,Facilities,-85099.39,-82568.55,-84153.46,-945.93,-0.01124053603975404,-2530.84,-0.0306513799745787,0,-1351.90,-2446.85,0,Within Tolerance
2024-05,Engineering,Facilities,-84046.11,-81600.09,-84232.27,186.16,0.0022100793437004607,-2446.02,-0.029975702232681364,0,-1061.97,-2260.69,0,Within Tolerance
2024-06,Engineering,Facilities,-79850.53,-75980.96,-79209.61,-640.92,-0.008091442439875666,-3869.57,-0.050928153579528346,0,-1400.69,-2901.61,0,Within Tolerance
2024-07,Engineering,Facilities,-85175.49,-81312.88,-85657.76,482.27,0.005630196260093656,-3862.61,-0.04750305240694955,0,27.51,-2419.34,0,Within Tolerance
2024-08,Engineering,Facilities,-82863.41,-79105.35,-83164.01,300.60,0.003614544320313559,-3758.06,-0.04750702702156048,0,141.95,-2118.74,0,Within Tolerance
2024-09,Engineering,Facilities,-86109.67,-84188.33,-86696.37,586.70,0.006767296024043453,-1921.34,-0.0228219279322918,0,1369.57,-1532.04,0,Within Tolerance
2024-10,Engineering,Facilities,-85969.67,-83264.19,-85949.86,-19.81,-0.00023048321428330423,-2705.48,-0.03249271985952184,0,867.49,-1551.85,0,Within Tolerance
2024-11,Engineering,Facilities,-82410.57,-78212.87,-81485.24,-925.33,-0.011355798915239128,-4197.70,-0.053670195199332284,0,-358.44,-2477.18,0,Within Tolerance
2024-12,Engineering,Facilities,-84831.68,-81581.09,-85543.74,712.06,0.008323928787775704,-3250.59,-0.03984489542858523,0,-233.08,-1765.12,0,Within Tolerance
2025-01,Engineering,Software,-254090.13,-245827.28,-213521.12,-40569.01,-0.18999998688654313,-8262.85,-0.03361242088347559,1,-123589.73,-40569.01,6,Structural Overrun
2025-02,Engineering,Software,-253730.36,-245637.99,-213218.79,-40511.57,-0.18999999953099816,-8092.37,-0.03294429334810955,1,-123452.34,-81080.58,6,Structural Overrun
2025-03,Engineering,Software,-269534.96,-258551.91,-226499.96,-43035.00,-0.19000003355408981,-10983.05,-0.04247909056251025,1,-124115.58,-124115.58,6,Structural Overrun
2025-04,Engineering,Software,-260242.12,-251272.93,-218690.85,-41551.27,-0.19000003886765265,-8969.19,-0.03569501099859822,1,-125097.84,-165666.85,6,Structural Overrun
2025-05,Engineering,Software,-264681.70,-257754.56,-222421.60,-42260.10,-0.1899999820161351,-6927.14,-0.026874946460695014,1,-126846.37,-207926.95,6,Structural Overrun
2025-06,Engineering,Software,-257225.56,-243412.29,-216155.93,-41069.63,-0.19000001526675672,-13813.27,-0.056748449307962225,1,-124881.00,-248996.58,6,Structural Overrun
2025-07,Engineering,Software,-264141.99,-252535.85,-221968.06,-42173.93,-0.18999999369278625,-11606.14,-0.045958385710385276,1,-125503.66,-291170.51,6,Structural Overrun
2025-08,Engineering,Software,-270074.26,-254126.04,-226953.16,-43121.10,-0.18999999823752178,-15948.22,-0.06275712634565116,1,-126364.66,-334291.61,6,Structural Overrun
2025-09,Engineering,Software,-266337.26,-258758.23,-223812.82,-42524.44,-0.19000001876568107,-7579.03,-0.029290005577793602,1,-127819.47,-376816.05,6,Structural Overrun
2025-10,Engineering,Software,-256788.64,-250241.66,-215788.78,-40999.86,-0.18999996199987784,-6546.98,-0.02616263015518679,1,-126645.40,-417815.91,6,Structural Overrun
2025-11,Engineering,Software,-263019.76,-252405.11,-221025.01,-41994.75,-0.18999999140368776,-10614.65,-0.04205402180645233,1,-125519.05,-459810.66,6,Structural Overrun
2025-12,Engineering,Software,-266465.69,-250842.52,-223920.75,-42544.94,-0.18999998883533573,-15623.17,-0.06228278204189625,1,-125539.55,-502355.60,6,Structural Overrun
2024-01,Sales,Payroll,-1143709.12,-1091446.56,-1146020.21,2311.09,0.0020166223770172434,-52262.56,-0.047883755298106394,0,2311.09,2311.09,0,Within Tolerance
2024-02,Sales,Payroll,-1236197.64,-1197617.93,-1245173.00,8975.36,0.007208122887341759,-38579.71,-0.03221370441573132,0,11286.45,11286.45,0,Within Tolerance
2024-03,Sales,Payroll,-1131670.76,-1070729.39,-1128197.74,-3473.02,-0.003078378795546958,-60941.37,-0.05691575347530155,0,7813.43,7813.43,0,Within Tolerance
2024-04,Sales,Payroll,-1186202.62,-1149885.04,-1203701.58,17498.96,0.014537623187301955,-36317.58,-0.03158366161542549,0,23001.30,25312.39,0,Within Tolerance
2024-05,Sales,Payroll,-1193323.41,-1134965.77,-1179666.67,-13656.74,-0.011576778718347617,-58357.64,-0.05141797360108931,1,369.20,11655.65,1,Potential Timing Issue
2024-06,Sales,Payroll,-1258643.29,-1187644.44,-1249454.22,-9189.07,-0.007354467136859164,-70998.85,-0.0597812338514379,0,-5346.85,2466.58,1,Within Tolerance
2024-07,Sales,Payroll,-1225137.27,-1204313.89,-1234615.28,9478.01,0.00767689348539409,-20823.38,-0.017290658334929612,0,-13367.80,11944.59,1,Within Tolerance
2024-08,Sales,Payroll,-1189749.58,-1139069.99,-1185947.10,-3802.48,-0.0032062812919733097,-50679.59,-0.044492077260327084,0,-3513.54,8142.11,1,Within Tolerance
2024-09,Sales,Payroll,-1172614.09,-1140159.51,-1179021.39,6407.30,0.005434422186352362,-32454.58,-0.02846494697921697,0,12082.83,14549.41,1,Within Tolerance
2024-10,Sales,Payroll,-1263954.22,-1203871.26,-1271791.97,7837.75,0.006162761037090052,-60082.96,-0.04990812721951681,0,10442.57,22387.16,1,Within Tolerance
2024-11,Sales,Payroll,-1261874.61,-1214315.99,-1258831.75,-3042.86,-0.0024172094483635325,-47558.62,-0.03916494585564998,0,11202.19,19344.30,0,Within Tolerance
2024-12,Sales,Payroll,-1243051.20,-1209308.61,-1234528.04,-8523.16,-0.006903982513025787,-33742.59,-0.027902381344990172,0,-3728.27,10821.14,0,Within Tolerance
2025-01,Engineering,Facilities,-82915.28,-80754.94,-83532.67,617.39,0.007391000431328246,-2160.34,-0.02675179995180481,0,404.12,617.39,0,Within Tolerance
2025-02,Engineering,Facilities,-82729.29,-80320.49,-83823.31,1094.02,0.013051500829542522,-2408.80,-0.029989856884588228,0,2423.47,1711.41,0,Within Tolerance
2025-03,Engineering,Facilities,-88002.00,-86323.82,-87419.36,-582.64,-0.006664885215357331,-1678.18,-0.01944052058863938,0,1128.77,1128.77,0,Within Tolerance
2025-04,Engineering,Facilities,-83066.88,-78125.54,-84309.39,1242.51,0.01473750432780975,-4941.34,-0.06324871482488313,0,1753.89,2371.28,0,Within Tolerance
2025-05,Engineering,Facilities,-87562.34,-83577.81,-87007.44,-554.90,-0.006377615523454086,-3984.53,-0.04767449637649036,0,104.97,1816.38,0,Within Tolerance
2025-06,Engineering,Facilities,-89558.83,-87272.29,-89744.32,185.49,0.00206687175299785,-2286.54,-0.02620006877326125,0,873.10,2001.87,0,Within Tolerance
2025-07,Engineering,Facilities,-85157.13,-80337.54,-84670.83,-486.30,-0.005743418364978824,-4819.59,-0.05999175478860817,0,-855.71,1515.57,0,Within Tolerance
2025-08,Engineering,Facilities,-86724.58,-83213.54,-86987.12,262.54,0.0030181479740908775,-3511.04,-0.04219313347323044,0,-38.27,1778.11,0,Within Tolerance
2025-09,Engineering,Facilities,-84615.69,-83349.36,-84538.46,-77.23,-0.0009135486972438343,-1266.33,-0.01519303807491743,0,-300.99,1700.88,0,Within Tolerance
2025-10,Engineering,Facilities,-83573.05,-81369.70,-82834.70,-738.35,-0.008913535028194707,-2203.35,-0.027078261318402304,0,-553.04,962.53,0,Within Tolerance
2025-11,Engineering,Facilities,-88634.48,-83855.26,-87541.03,-1093.45,-0.012490714354171982,-4779.22,-0.05699368173207024,0,-1909.03,-130.92,0,Within Tolerance
2025-12,Engineering,Facilities,-88030.27,-86138.13,-87607.82,-422.45,-0.004822058122208725,-1892.14,-0.021966346378775578,0,-2254.25,-553.37,0,Within Tolerance
2024-01,Engineering,Software,-242585.60,-233209.57,-203853.45,-38732.15,-0.1899999730198336,-9376.03,-0.040204310655004426,1,-38732.15,-38732.15,1,Potential Timing Issue
2024-02,Engineering,Software,-258667.71,-244138.11,-217367.83,-41299.88,-0.18999996457617485,-14529.60,-0.059513854678403144,1,-80032.03,-80032.03,2,Potential Timing Issue
2024-03,Engineering,Software,-247445.72,-238680.12,-207937.58,-39508.14,-0.1899999990381729,-8765.60,-0.036725304143470354,1,-119540.17,-119540.17,3,Potential Timing Issue
2024-04,Engineering,Software,-262578.35,-258673.32,-220654.07,-41924.28,-0.19000003036427107,-3905.03,-0.015096377160195726,1,-122732.30,-161464.45,4,Structural Overrun
2024-05,Engineering,Software,-246833.58,-236794.26,-207423.18,-39410.40,-0.18999997975153984,-10039.32,-0.04239680471984413,1,-120842.82,-200874.85,5,Structural Overrun
2024-06,Engineering,Software,-249483.78,-243729.13,-209650.23,-39833.55,-0.1900000300500505,-5754.65,-0.023610842085227974,1,-121168.23,-240708.40,6,Structural Overrun
2024-07,Engineering,Software,-261989.47,-253285.23,-220159.22,-41830.25,-0.18999999182409893,-8704.24,-0.03436536745549671,1,-121074.20,-282538.65,6,Structural Overrun
2024-08,Engineering,Software,-246378.82,-241530.60,-207041.02,-39337.80,-0.19000002994575665,-4848.22,-0.020072901735846308,1,-121001.60,-321876.45,6,Structural Overrun
2024-09,Engineering,Software,-261033.48,-251413.18,-219355.87,-41677.61,-0.1899999758383489,-9620.30,-0.03826489923877499,1,-122845.66,-363554.06,6,Structural Overrun
2024-10,Engineering,Software,-256088.89,-245585.24,-215200.74,-40888.15,-0.19000004368014722,-10503.65,-0.042769874932223124,1,-121903.56,-404442.21,6,Structural Overrun
2024-11,Engineering,Software,-254590.86,-247138.46,-213941.90,-40648.96,-0.18999999532583378,-7452.40,-0.03015475616381198,1,-123214.72,-445091.17,6,Structural Overrun
2024-12,Engineering,Software,-265381.03,-255140.06,-223009.27,-42371.76,-0.18999999417064592,-10240.97,-0.04013862033269099,1,-123908.87,-487462.93,6,Structural Overrun
2025-01,Sales,Payroll,-1209443.88,-1166209.74,-1217444.52,8000.64,0.006571667019372678,-43234.14,-0.037072353726011587,0,-3565.38,8000.64,0,Within Tolerance
2025-02,Sales,Payroll,-1245778.75,-1214811.56,-1256836.90,11058.15,0.008798396991686034,-30967.19,-0.025491352749392668,0,10535.63,19058.79,0,Within Tolerance
2025-03,Sales,Payroll,-1251806.20,-1184685.20,-1266990.41,15184.21,0.011984471137394008,-67121.00,-0.05665724531715261,0,34243.00,34243.00,0,Within Tolerance
2025-04,Sales,Payroll,-1199749.28,-1160431.55,-1186480.57,-13268.71,-0.011183250982357004,-39317.73,-0.03388198985110324,1,12973.65,20974.29,1,Potential Timing Issue
2025-05,Sales,Payroll,-1214306.39,-1194455.28,-1224908.64,10602.25,0.00865554348608399,-19851.11,-0.01661938318862804,0,12517.75,31576.54,1,Within Tolerance
2025-06,Sales,Payroll,-1186217.24,-1168698.38,-1175478.70,-10738.54,-0.00913546115297538,-17518.86,-0.014990060994180553,1,-13405.00,20838.00,2,Potential Timing Issue
2025-07,Sales,Payroll,-1290633.77,-1251011.19,-1279793.71,-10840.06,-0.008470161960711622,-39622.58,-0.03167244251428319,1,-10976.35,9997.94,3,Potential Timing Issue
2025-08,Sales,Payroll,-1219910.43,-1194113.69,-1228748.64,8838.21,0.00719285434977165,-25796.74,-0.02160325286949855,0,-12740.39,18836.15,3,Within Tolerance
2025-09,Sales,Payroll,-1255908.72,-1221343.10,-1238784.14,-17124.58,-0.013823699744815916,-34565.62,-0.0283013184419677,1,-19126.43,1711.57,4,Structural Overrun
2025-10,Sales,Payroll,-1242727.62,-1177429.29,-1237784.66,-4942.96,-0.003993392517887563,-65298.33,-0.055458387654005105,0,-13229.33,-3231.39,3,Within Tolerance
2025-11,Sales,Payroll,-1301978.54,-1240413.63,-1307238.59,5260.05,0.004023787272069439,-61564.91,-0.04963256490498255,0,-16807.49,2028.66,3,Within Tolerance
2025-12,Sales,Payroll,-1217936.54,-1188772.19,-1200901.80,-17034.74,-0.014184956671727865,-29164.35,-0.024533169807749288,1,-16717.65,-15006.08,3,Potential Timing Issue
2025-01,Customer Success,Facilities,-39507.49,-38318.09,-39384.03,-123.46,-0.0031347731555150652,-1189.40,-0.031040169277748452,0,49.33,-123.46,0,Within Tolerance
2025-02,Customer Success,Facilities,-38074.55,-36913.62,-38263.31,188.76,0.004933185341257722,-1160.93,-0.031449909274679645,0,297.00,65.30,0,Within Tolerance
2025-03,Customer Success,Facilities,-39034.36,-38451.76,-39150.13,115.77,0.002957078303443692,-582.60,-0.01515145210518322,0,181.07,181.07,0,Within Tolerance
2025-04,Customer Success,Facilities,-37974.87,-36623.03,-38424.94,450.07,0.011712965589536379,-1351.84,-0.036912292620244695,0,754.60,631.14,0,Within Tolerance
2025-05,Customer Success,Facilities,-38860.94,-38269.89,-38438.65,-422.29,-0.010986077814907652,-591.05,-0.015444256568283838,0,143.55,208.85,0,Within Tolerance
2025-06,Customer Success,Facilities,-38054.73,-36487.76,-38578.66,523.93,0.013580824217326364,-1566.97,-0.04294508624261944,0,551.71,732.78,0,Within Tolerance
2025-07,Customer Success,Facilities,-37754.67,-36444.65,-37612.62,-142.05,-0.0037766579408719733,-1310.02,-0.03594546799050066,0,-40.41,590.73,0,Within Tolerance
2025-08,Customer Success,Facilities,-38796.66,-37969.54,-39033.78,237.12,0.0060747383420206805,-827.12,-0.02178377720667672,0,619.00,827.85,0,Within Tolerance
2025-09,Customer Success,Facilities,-38311.64,-36981.59,-38090.00,-221.64,-0.005818850091887634,-1330.05,-0.03596519241060214,0,-126.57,606.21,0,Within Tolerance
2025-10,Customer Success,Facilities,-38722.79,-37030.12,-39115.97,393.18,0.010051648981221736,-1692.67,-0.045710626916682956,0,408.66,999.39,0,Within Tolerance
2025-11,Customer Success,Facilities,-39158.96,-38692.89,-39157.14,-1.82,-4.647939047642397e-05,-466.07,-0.012045365440524087,0,169.72,997.57,0,Within Tolerance
2025-12,Customer Success,Facilities,-40424.74,-38517.68,-40573.44,148.70,0.0036649591456874245,-1907.06,-0.04951128936114532,0,540.06,1146.27,0,Within Tolerance
2025-01,Sales,Other OpEx,-65760.04,-62117.11,-66651.32,891.28,0.013372278298464305,-3642.93,-0.05864616045401983,0,1796.70,891.28,0,Within Tolerance
2025-02,Sales,Other OpEx,-66572.60,-63943.97,-67404.34,831.74,0.012339561517848851,-2628.63,-0.0411083328107404,0,2631.54,1723.02,0,Within Tolerance
2025-03,Sales,Other OpEx,-69394.05,-66560.57,-69386.15,-7.90,-0.00011385557492381405,-2833.48,-0.04256994794365493,0,1715.12,1715.12,0,Within Tolerance
2025-04,Sales,Other OpEx,-67303.43,-64297.72,-67000.75,-302.68,-0.004517561370581673,-3005.71,-0.046746758672002675,0,521.16,1412.44,0,Within Tolerance
2025-05,Sales,Other OpEx,-70099.48,-67604.00,-69628.78,-470.70,-0.00676013567952792,-2495.48,-0.036913200402343055,0,-781.28,941.74,0,Within Tolerance
2025-06,Sales,Other OpEx,-68945.02,-64951.58,-68805.93,-139.09,-0.002021482741385808,-3993.44,-0.061483338819471364,0,-912.47,802.65,0,Within Tolerance
2025-07,Sales,Other OpEx,-67709.82,-65176.57,-67713.66,3.84,5.6709384782922676e-05,-2533.25,-0.03886749486817118,0,-605.95,806.49,0,Within Tolerance
2025-08,Sales,Other OpEx,-66131.16,-62829.52,-66942.78,811.62,0.012124085674362493,-3301.64,-0.052549183886809896,0,676.37,1618.11,0,Within Tolerance
2025-09,Sales,Other OpEx,-70652.25,-67010.94,-70518.11,-134.14,-0.001902206397760802,-3641.31,-0.05433903777502599,0,681.32,1483.97,0,Within Tolerance
2025-10,Sales,Other OpEx,-66717.86,-65543.85,-66747.48,29.62,0.0004437620716167862,-1174.01,-0.017911825442051388,0,707.10,1513.59,0,Within Tolerance
2025-11,Sales,Other OpEx,-69341.70,-65594.69,-69217.12,-124.58,-0.0017998437380809835,-3747.01,-0.05712367876119241,0,-229.10,1389.01,0,Within Tolerance
2025-12,Sales,Other OpEx,-70872.51,-69313.28,-71589.66,717.15,0.010017508114998729,-1559.23,-0.02249540059278684,0,622.19,2106.16,0,Within Tolerance
2025-01,Sales,Software,-136589.10,-134045.88,-137739.12,1150.02,0.008349261996156212,-2543.22,-0.018972757685652104,0,781.59,1150.02,0,Within Tolerance
2025-02,Sales,Software,-145254.55,-141608.81,-146199.15,944.60,0.006461049876144971,-3645.74,-0.025745149613219685,0,1315.39,2094.62,0,Within Tolerance
2025-03,Sales,Software,-141974.75,-134604.57,-142279.41,304.66,0.0021412796131218144,-7370.18,-0.05475430737604228,0,2399.28,2399.28,0,Within Tolerance
2025-04,Sales,Software,-137751.90,-131585.63,-136367.27,-1384.63,-0.010153682771533083,-6166.27,-0.046861272009717174,0,-135.37,1014.65,0,Within Tolerance
2025-05,Sales,Software,-141638.58,-136430.36,-142941.67,1303.09,0.00911623601431269,-5208.22,-0.03817493408358668,0,223.12,2317.74,0,Within Tolerance
2025-06,Sales,Software,-141733.66,-137943.20,-140899.37,-834.29,-0.005921176226692851,-3790.46,-0.027478411404114157,0,-915.83,1483.45,0,Within Tolerance
2025-07,Sales,Software,-139541.97,-135671.63,-138047.85,-1494.12,-0.010823203693501926,-3870.34,-0.028527261005119493,0,-1025.32,-10.67,0,Within Tolerance
2025-08,Sales,Software,-146326.33,-141390.32,-145574.75,-751.58,-0.005162845891887158,-4936.01,-0.03491052287030682,0,-3079.99,-762.25,0,Within Tolerance
2025-09,Sales,Software,-149662.04,-144679.34,-150272.47,610.43,0.004062154564971215,-4982.70,-0.03443960969133533,0,-1635.27,-151.82,0,Within Tolerance
2025-10,Sales,Software,-143637.64,-137211.44,-143412.31,-225.33,-0.001571204034019116,-6426.20,-0.04683428728683264,0,-366.48,-377.15,0,Within Tolerance
2025-11,Sales,Software,-147506.56,-140038.10,-149268.55,1761.99,0.011804161023872746,-7468.46,-0.05333162903524112,0,2147.09,1384.84,0,Within Tolerance
2025-12,Sales,Software,-142401.12,-139955.63,-143243.68,842.56,0.005882004706944138,-2445.49,-0.017473323509743763,0,2379.22,2227.40,0,Within Tolerance
2024-01,Customer Success,Software,-97708.56,-96396.30,-98461.44,752.88,0.007646445146445146,-1312.26,-0.013613178099159406,0,752.88,752.88,0,Within Tolerance
2024-02,Customer Success,Software,-98861.27,-97498.87,-97973.74,-887.53,-0.009058855975080668,-1362.40,-0.013973495282560712,0,-134.65,-134.65,0,Within Tolerance
2024-03,Customer Success,Software,-98422.95,-93670.68,-97459.37,-963.58,-0.00988699188184779,-4752.27,-0.05073380485761394,0,-1098.23,-1098.23,0,Within Tolerance
2024-04,Customer Success,Software,-94742.93,-93311.90,-94423.87,-319.06,-0.003379018462174872,-1431.03,-0.015335986085376035,0,-2170.17,-1417.29,0,Within Tolerance
2024-05,Customer Success,Software,-96023.23,-94463.63,-96489.96,466.73,0.004837083568072781,-1559.60,-0.016510057892122076,0,-815.91,-950.56,0,Within Tolerance
2024-06,Customer Success,Software,-93383.38,-88379.08,-94466.69,1083.31,0.011467640075035972,-5004.30,-0.05662312845981198,0,1230.98,132.75,0,Within Tolerance
2024-07,Customer Success,Software,-100237.20,-97850.43,-100017.45,-219.75,-0.00219711660315275,-2386.77,-0.024392023622175192,0,1330.29,-87.00,0,Within Tolerance
2024-08,Customer Success,Software,-93274.82,-91348.31,-92277.59,-997.23,-0.010806849203582365,-1926.51,-0.021089716930723732,0,-133.67,-1084.23,0,Within Tolerance
2024-09,Customer Success,Software,-97247.14,-93286.57,-97290.94,43.80,0.00045019608197844523,-3960.57,-0.042455950518922494,0,-1173.18,-1040.43,0,Within Tolerance
2024-10,Customer Success,Software,-100089.36,-94993.41,-99219.15,-870.21,-0.00877058511386159,-5095.95,-0.053645300237142764,0,-1823.64,-1910.64,0,Within Tolerance
2024-11,Customer Success,Software,-97237.51,-93963.67,-97065.26,-172.25,-0.001774579288202597,-3273.84,-0.03484155099518782,0,-998.66,-2082.89,0,Within Tolerance
2024-12,Customer Success,Software,-99409.66,-96365.56,-98027.44,-1382.22,-0.014100337619752183,-3044.10,-0.03158908639144524,0,-2424.68,-3465.11,0,Within Tolerance
2024-01,Marketing,Payroll,-416728.10,-408830.29,-414819.44,-1908.66,-0.004601182625385156,-7897.81,-0.019318064715801758,0,-1908.66,-1908.66,0,Within Tolerance
2024-02,Marketing,Payroll,-422646.87,-411567.34,-418712.75,-3934.12,-0.00939574923381244,-11079.53,-0.02692033337727916,0,-5842.78,-5842.78,0,Within Tolerance
2024-03,Marketing,Payroll,-418697.74,-412216.97,-415899.64,-2798.10,-0.006727825010860793,-6480.77,-0.01572174478891541,0,-8640.88,-8640.88,0,Within Tolerance
2024-04,Marketing,Payroll,-408560.99,-387432.69,-405728.88,-2832.11,-0.00698030172266761,-21128.30,-0.0545341179134884,0,-9564.33,-11472.99,0,Within Tolerance
2024-05,Marketing,Payroll,-420321.69,-408309.39,-414570.34,-5751.35,-0.013873037805840137,-12012.30,-0.02941960262045406,0,-11381.56,-17224.34,0,Within Tolerance
2024-06,Marketing,Payroll,-417887.11,-410797.86,-414275.18,-3611.93,-0.008718673418957901,-7089.25,-0.017257271009152773,0,-12195.39,-20836.27,0,Within Tolerance
2024-07,Marketing,Payroll,-410198.50,-386042.58,-408572.13,-1626.37,-0.003980619040265913,-24155.92,-0.06257320112201094,0,-10989.65,-22462.64,0,Within Tolerance
2024-08,Marketing,Payroll,-392372.55,-376690.68,-390831.44,-1541.11,-0.00394315769478525,-15681.87,-0.041630629141129805,0,-6779.41,-24003.75,0,Within Tolerance
2024-09,Marketing,Payroll,-404032.17,-386569.33,-406121.08,2088.91,0.00514356457438752,-17462.84,-0.04517388898907215,0,-1078.57,-21914.84,0,Within Tolerance
2024-10,Marketing,Payroll,-416662.24,-393332.54,-414121.44,-2540.80,-0.006135398350783287,-23329.70,-0.05931291624130564,0,-1993.00,-24455.64,0,Within Tolerance
2024-11,Marketing,Payroll,-428154.85,-419359.44,-430990.92,2836.07,0.006580347446762916,-8795.41,-0.020973439872964347,0,2384.18,-21619.57,0,Within Tolerance
2024-12,Marketing,Payroll,-421676.35,-400134.50,-420217.64,-1458.71,-0.0034713202425295615,-21541.85,-0.053836522469319685,0,-1163.44,-23078.28,0,Within Tolerance
2025-01,Sales,Facilities,-55372.41,-53823.56,-55948.75,576.34,0.010301213163832973,-1548.85,-0.028776431733612565,0,1925.51,576.34,0,Within Tolerance
2025-02,Sales,Facilities,-53540.85,-50567.11,-53208.61,-332.24,-0.006244102223305589,-2973.74,-0.058807790281073996,0,1049.50,244.10,0,Within Tolerance
2025-03,Sales,Facilities,-54593.85,-53837.52,-54654.65,60.80,0.0011124396551803002,-756.33,-0.014048381128997029,0,304.90,304.90,0,Within Tolerance
2025-04,Sales,Facilities,-53200.58,-51209.51,-53525.33,324.75,0.006067220884018837,-1991.07,-0.03888086412074632,0,53.31,629.65,0,Within Tolerance
2025-05,Sales,Facilities,-57034.98,-54597.46,-56333.60,-701.38,-0.012450473607225529,-2437.52,-0.04464530034913712,0,-315.83,-71.73,0,Within Tolerance
2025-06,Sales,Facilities,-53384.76,-50465.79,-53435.11,50.35,0.0009422643651337108,-2918.97,-0.05784056882890369,0,-326.28,-21.38,0,Within Tolerance
2025-07,Sales,Facilities,-55038.46,-54176.35,-55282.81,244.35,0.004419999634606128,-862.11,-0.015913032162558016,0,-406.68,222.97,0,Within Tolerance
2025-08,Sales,Facilities,-56139.47,-54852.36,-56605.86,466.39,0.008239252967802273,-1287.11,-0.023464988562023583,0,761.09,689.36,0,Within Tolerance
2025-09,Sales,Facilities,-55780.74,-55115.36,-56465.03,684.29,0.01211882823758351,-665.38,-0.012072496668805211,0,1395.03,1373.65,0,Within Tolerance
2025-10,Sales,Facilities,-58040.94,-56539.09,-58741.46,700.52,0.011925478188659253,-1501.85,-0.026563038067998618,0,1851.20,2074.17,0,Within Tolerance
2025-11,Sales,Facilities,-57227.74,-55969.14,-56837.98,-389.76,-0.006857386557368858,-1258.60,-0.02248739215932208,0,995.05,1684.41,0,Within Tolerance
2025-12,Sales,Facilities,-55571.34,-54162.12,-56067.34,496.00,0.00884650493495857,-1409.22,-0.026018553188095296,0,806.76,2180.41,0,Within Tolerance
2025-01,Customer Success,Software,-97632.25,-93292.94,-97555.61,-76.64,-0.0007856032062123336,-4339.31,-0.046512737191045754,0,-1631.11,-76.64,0,Within Tolerance
2025-02,Customer Success,Software,-95243.98,-91772.88,-95922.62,678.64,0.0070748693061136155,-3471.10,-0.03782272061201523,0,-780.22,602.00,0,Within Tolerance
2025-03,Customer Success,Software,-99196.36,-93442.61,-97945.57,-1250.79,-0.01277025596971869,-5753.75,-0.06157522783235614,0,-648.79,-648.79,0,Within Tolerance
2025-04,Customer Success,Software,-102251.33,-98104.21,-102250.46,-0.87,-8.50851917927802e-06,-4147.12,-0.042272599718197613,0,-573.02,-649.66,0,Within Tolerance
2025-05,Customer Success,Software,-100503.43,-99089.61,-101206.29,702.86,0.006944825267283289,-1413.82,-0.014268095312919286,0,-548.80,53.20,0,Within Tolerance
2025-06,Customer Success,Software,-99962.31,-98268.16,-100644.60,682.29,0.006779201268622459,-1694.15,-0.01724007043583598,0,1384.28,735.49,0,Within Tolerance
2025-07,Customer Success,Software,-103676.36,-97839.30,-103658.62,-17.74,-0.0001711386858131046,-5837.06,-0.05965966641216771,0,1367.41,717.75,0,Within Tolerance
2025-08,Customer Success,Software,-101929.29,-95965.52,-102045.71,116.42,0.0011408612865744185,-5963.77,-0.062144924552068284,0,780.97,834.17,0,Within Tolerance
2025-09,Customer Success,Software,-99081.11,-94719.35,-99105.30,24.19,0.00024408381791892058,-4361.76,-0.04604930249204624,0,122.87,858.36,0,Within Tolerance
2025-10,Customer Success,Software,-100972.77,-95676.59,-99474.23,-1498.54,-0.015064605174626634,-5296.18,-0.05535502467217948,0,-1357.93,-640.18,0,Within Tolerance
2025-11,Customer Success,Software,-102775.00,-98546.45,-102852.60,77.60,0.0007544777672124963,-4228.55,-0.042909206775079166,0,-1396.75,-562.58,0,Within Tolerance
2025-12,Customer Success,Software,-98581.51,-97514.68,-97636.82,-944.69,-0.00967555067852476,-1066.83,-0.010940198952608981,0,-2365.63,-1507.27,0,Within Tolerance
2025-01,Marketing,Payroll,-411180.58,-389699.91,-415300.11,4119.53,0.009919405029774732,-21480.67,-0.05512105455708214,0,5496.89,4119.53,0,Within Tolerance
2025-02,Marketing,Payroll,-425563.71,-402144.07,-430841.04,5277.33,0.01224890275076859,-23419.64,-0.058236939811147775,0,7938.15,9396.86,0,Within Tolerance
2025-03,Marketing,Payroll,-408817.64,-395867.02,-409290.91,473.27,0.0011563169091637047,-12950.62,-0.03271457167611487,0,9870.13,9870.13,0,Within Tolerance
2025-04,Marketing,Payroll,-407223.31,-382850.99,-407265.13,41.82,0.00010268495120119909,-24372.32,-0.06366006785041878,0,5792.42,9911.95,0,Within Tolerance
2025-05,Marketing,Payroll,-446339.99,-438619.57,-447383.63,1043.64,0.0023327630472308523,-7720.42,-0.0176016314091959,0,1558.73,10955.59,0,Within Tolerance
2025-06,Marketing,Payroll,-428201.94,-416971.92,-427790.68,-411.26,-0.0009613580174303938,-11230.02,-0.026932317168983467,0,674.20,10544.33,0,Within Tolerance
2025-07,Marketing,Payroll,-423802.73,-401838.38,-428392.24,4589.51,0.01071333598386376,-21964.35,-0.05465966192676767,0,5221.89,15133.84,0,Within Tolerance
2025-08,Marketing,Payroll,-427594.22,-404807.75,-421732.75,-5861.47,-0.01389854119700213,-22786.47,-0.056289609079865695,0,-1683.22,9272.37,0,Within Tolerance
2025-09,Marketing,Payroll,-439288.99,-422224.92,-440554.12,1265.13,0.00287167896647976,-17064.07,-0.040414644403272075,0,-6.83,10537.50,0,Within Tolerance
2025-10,Marketing,Payroll,-434079.67,-424019.69,-440447.45,6367.78,0.014457524955587777,-10059.98,-0.023725266154503342,0,1771.44,16905.28,0,Within Tolerance
2025-11,Marketing,Payroll,-440900.39,-418766.91,-438439.10,-2461.29,-0.005613755707463135,-22133.48,-0.05285393728936224,0,5171.62,14443.99,0,Within Tolerance
2025-12,Marketing,Payroll,-424013.91,-411046.27,-420032.37,-3981.54,-0.00947912657303055,-12967.64,-0.03154788389151421,0,-75.05,10462.45,0,Within Tolerance
2024-01,Sales,Facilities,-51269.45,-50447.78,-51477.48,208.03,0.004041184611212514,-821.67,-0.01628753534843357,0,208.03,208.03,0,Within Tolerance
2024-02,Sales,Facilities,-53698.47,-50493.71,-54194.24,495.77,0.009148020158599881,-3204.76,-0.06346849934377966,0,703.80,703.80,0,Within Tolerance
2024-03,Sales,Facilities,-52641.21,-51871.47,-52120.18,-521.03,-0.009996703771936321,-769.74,-0.014839371238177749,0,182.77,182.77,0,Within Tolerance
2024-04,Sales,Facilities,-52104.00,-49755.52,-51403.84,-700.16,-0.013620772300279513,-2348.48,-0.04720039103199002,0,-725.42,-517.39,0,Within Tolerance
2024-05,Sales,Facilities,-55732.32,-54498.45,-55342.74,-389.58,-0.00703940571066774,-1233.87,-0.022640460416764145,0,-1610.77,-906.97,0,Within Tolerance
2024-06,Sales,Facilities,-54494.42,-52138.11,-53918.56,-575.86,-0.01068018136982887,-2356.31,-0.04519362132612786,0,-1665.60,-1482.83,0,Within Tolerance
2024-07,Sales,Facilities,-53674.19,-52148.99,-53576.59,-97.60,-0.0018216911527963986,-1525.20,-0.029246971034338348,0,-1063.04,-1580.43,0,Within Tolerance
2024-08,Sales,Facilities,-53876.64,-51052.08,-53968.39,91.75,0.0017000692442372285,-2824.56,-0.05532703074977552,0,-581.71,-1488.68,0,Within Tolerance
2024-09,Sales,Facilities,-55827.62,-55046.68,-56057.51,229.89,0.004100967024757253,-780.94,-0.014186868308860772,0,224.04,-1258.79,0,Within Tolerance
2024-10,Sales,Facilities,-55820.40,-54306.14,-56199.10,378.70,0.006738542076296595,-1514.26,-0.027883771521967866,0,700.34,-880.09,0,Within Tolerance
2024-11,Sales,Facilities,-54939.91,-53477.23,-55483.68,543.77,0.009800539546043088,-1462.68,-0.027351454067460115,0,1152.36,-336.32,0,Within Tolerance
2024-12,Sales,Facilities,-55822.24,-52924.20,-56627.64,805.40,0.014222736458732873,-2898.04,-0.054758314721809684,0,1727.87,469.08,0,Within Tolerance
