period,record_type,customer_id,department,active_users,support_tickets,implementation_hours,usage_metric,headcount
2024-01,Customer,CUST001,,472,28,2336,5558.29,
2024-01,Customer,CUST002,,195,5,390,2312.10,
2024-01,Customer,CUST003,,201,8,399,2370.50,
2024-01,Customer,CUST004,,200,7,395,2348.30,
2024-01,Customer,CUST005,,196,6,394,2341.52,
2024-01,Customer,CUST006,,59,1,121,720.17,
2024-01,Customer,CUST007,,59,1,120,717.05,
2024-01,Customer,CUST008,,60,1,122,729.15,
2024-01,Customer,CUST009,,60,2,121,723.30,
2024-01,Customer,CUST010,,61,1,124,739.68,
2024-01,Customer,CUST011,,57,1,117,694.28,
2024-01,Customer,CUST012,,60,1,122,732.87,
2024-01,Customer,CUST013,,57,1,117,703.07,
2024-01,Customer,CUST014,,61,1,123,734.82,
2024-01,Customer,CUST015,,59,1,121,722.06,
2024-01,Customer,CUST016,,57,2,117,695.49,
2024-01,Customer,CUST017,,59,2,119,712.19,
2024-01,Customer,CUST018,,59,2,120,718.36,
2024-01,Customer,CUST019,,59,2,119,710.53,
2024-01,Customer,CUST020,,57,1,117,693.95,
2024-01,Customer,CUST021,,57,2,117,703.97,
2024-01,Customer,CUST022,,59,2,119,713.25,
2024-01,Customer,CUST023,,61,2,123,734.08,
2024-01,Customer,CUST024,,59,2,121,721.55,
2024-01,Customer,CUST025,,61,1,124,740.13,
2024-01,Customer,CUST026,,59,1,119,711.11,
2024-01,Customer,CUST027,,57,1,117,696.10,
2024-01,Customer,CUST028,,60,2,122,732.67,
2024-01,Customer,CUST029,,61,1,124,739.65,
2024-01,Customer,CUST030,,60,2,121,723.65,
2024-01,Customer,CUST031,,60,1,122,725.62,
2024-01,Customer,CUST032,,60,1,121,724.32,
2024-01,Customer,CUST033,,61,1,124,735.99,
2024-01,Customer,CUST034,,59,2,120,717.10,
2024-01,Customer,CUST035,,57,1,117,697.04,
2024-01,Customer,CUST036,,59,2,119,709.79,
2024-01,Customer,CUST037,,59,2,120,717.75,
2024-01,Customer,CUST038,,59,2,120,719.69,
2024-01,Customer,CUST039,,59,2,121,720.15,
2024-01,Customer,CUST040,,57,2,117,697.44,
2024-01,Customer,CUST041,,57,2,117,703.36,
2024-01,Customer,CUST042,,61,2,124,738.55,
2024-01,Customer,CUST043,,61,2,124,736.63,
2024-01,Customer,CUST044,,61,2,124,739.25,
2024-01,Customer,CUST045,,59,2,118,705.50,
2024-01,Customer,CUST046,,59,2,120,719.07,
2024-01,Customer,CUST047,,59,2,120,718.87,
2024-01,Customer,CUST048,,59,1,120,716.55,
2024-01,Customer,CUST049,,59,1,119,714.46,
2024-01,Customer,CUST050,,57,2,117,695.71,
2024-01,Customer,CUST051,,32,1,66,395.98,
2024-01,Customer,CUST052,,30,1,64,381.36,
2024-01,Customer,CUST053,,29,1,62,370.56,
2024-01,Customer,CUST054,,30,1,64,386.53,
2024-01,Customer,CUST055,,30,1,64,387.88,
2024-01,Customer,CUST056,,29,1,62,371.10,
2024-01,Customer,CUST057,,29,1,62,376.67,
2024-01,Customer,CUST058,,30,1,64,387.32,
2024-01,Customer,CUST059,,30,1,64,386.01,
2024-01,Customer,CUST060,,30,1,64,385.85,
2024-01,Customer,CUST061,,29,1,62,376.01,
2024-01,Customer,CUST062,,30,1,64,382.58,
2024-01,Customer,CUST063,,29,1,62,371.04,
2024-01,Customer,CUST064,,29,1,63,379.07,
2024-01,Customer,CUST065,,30,1,64,384.18,
2024-01,Customer,CUST066,,30,1,65,389.79,
2024-01,Customer,CUST067,,32,1,66,395.98,
2024-01,Customer,CUST068,,32,1,65,392.21,
2024-01,Customer,CUST069,,32,1,66,395.97,
2024-01,Customer,CUST070,,29,1,62,375.26,
2024-01,Customer,CUST071,,30,1,64,385.90,
2024-01,Customer,CUST072,,30,1,64,386.03,
2024-01,Customer,CUST073,,30,1,64,384.93,
2024-01,Customer,CUST074,,29,1,62,370.85,
2024-01,Customer,CUST075,,29,1,63,378.69,
2024-01,Customer,CUST076,,29,1,62,373.25,
2024-01,Customer,CUST077,,29,1,62,376.87,
2024-01,Customer,CUST078,,29,1,63,378.86,
2024-01,Customer,CUST079,,29,1,62,375.29,
2024-01,Customer,CUST080,,30,1,64,381.78,
2024-01,Customer,CUST081,,29,1,63,379.14,
2024-01,Customer,CUST082,,30,1,64,384.26,
2024-01,Customer,CUST083,,30,1,63,380.35,
2024-01,Customer,CUST084,,29,1,62,371.78,
2024-01,Customer,CUST085,,30,1,64,384.16,
2024-01,Customer,CUST086,,30,1,64,381.17,
2024-01,Customer,CUST087,,29,1,62,372.48,
2024-01,Customer,CUST088,,30,1,64,384.60,
2024-01,Customer,CUST089,,30,1,63,379.41,
2024-01,Customer,CUST090,,29,1,62,373.50,
2024-01,Customer,CUST091,,30,1,64,388.53,
2024-01,Customer,CUST092,,29,1,62,378.19,
2024-01,Customer,CUST093,,32,1,65,393.87,
2024-01,Customer,CUST094,,30,1,65,389.16,
2024-01,Customer,CUST095,,30,1,64,382.18,
2024-01,Customer,CUST096,,32,1,65,392.92,
2024-01,Customer,CUST097,,29,1,62,373.59,
2024-01,Customer,CUST098,,29,1,62,370.20,
2024-01,Customer,CUST099,,29,1,62,374.89,
2024-01,Customer,CUST100,,29,1,62,376.61,
2024-01,Customer,CUST101,,29,1,62,374.99,
2024-01,Customer,CUST102,,29,1,62,377.53,
2024-01,Customer,CUST103,,30,1,64,386.65,
2024-01,Customer,CUST104,,32,1,65,391.48,
2024-01,Customer,CUST105,,30,1,64,386.56,
2024-01,Customer,CUST106,,29,1,62,376.88,
2024-01,Customer,CUST107,,29,1,63,378.58,
2024-01,Customer,CUST108,,32,1,66,394.06,
2024-01,Customer,CUST109,,29,1,62,372.41,
2024-01,Customer,CUST110,,30,1,64,385.25,
2024-01,Customer,CUST111,,13,1,27,164.56,
2024-01,Customer,CUST112,,13,1,28,172.26,
2024-01,Customer,CUST113,,13,1,28,169.44,
2024-01,Customer,CUST114,,13,1,27,165.76,
2024-01,Customer,CUST115,,13,1,28,170.66,
2024-01,Customer,CUST116,,13,1,27,166.39,
2024-01,Customer,CUST117,,13,1,27,167.96,
2024-01,Customer,CUST118,,13,1,28,168.35,
2024-01,Customer,CUST119,,13,1,27,165.71,
2024-01,Customer,CUST120,,13,1,27,165.59,
2024-01,Customer,CUST121,,13,1,28,171.99,
2024-01,Customer,CUST122,,13,1,28,171.21,
2024-01,Customer,CUST123,,13,1,27,164.80,
2024-01,Customer,CUST124,,13,1,27,165.00,
2024-01,Customer,CUST125,,13,1,28,170.71,
2024-01,Customer,CUST126,,13,1,28,172.74,
2024-01,Customer,CUST127,,13,1,28,170.55,
2024-01,Customer,CUST128,,13,1,26,162.88,
2024-01,Customer,CUST129,,13,1,28,171.28,
2024-01,Customer,CUST130,,13,1,27,167.66,
2024-01,Customer,CUST131,,13,1,27,166.96,
2024-01,Customer,CUST132,,13,1,27,165.13,
2024-01,Customer,CUST133,,13,1,28,169.91,
2024-01,Customer,CUST134,,13,1,27,164.36,
2024-01,Customer,CUST135,,13,1,27,165.12,
2024-01,Customer,CUST136,,12,1,26,162.12,
2024-01,Customer,CUST137,,13,1,28,170.32,
2024-01,Customer,CUST138,,13,1,27,167.14,
2024-01,Customer,CUST139,,13,1,27,164.89,
2024-01,Customer,CUST140,,13,1,26,162.93,
2024-01,Customer,CUST141,,13,1,26,162.57,
2024-01,Customer,CUST142,,13,1,27,166.07,
2024-01,Customer,CUST143,,13,1,27,164.51,
2024-01,Customer,CUST144,,13,1,27,166.03,
2024-01,Department,,Sales,,,,,88
2024-01,Department,,Marketing,,,,,34
2024-01,Department,,Customer Success,,,,,72
2024-01,Department,,Engineering,,,,,118
2024-01,Department,,G&A,,,,,43
2024-02,Customer,CUST001,,484,21,2400,5712.56,
2024-02,Customer,CUST002,,205,8,408,2426.45,
2024-02,Customer,CUST003,,209,8,417,2477.49,
2024-02,Customer,CUST004,,208,6,413,2456.42,
2024-02,Customer,CUST005,,207,6,413,2455.68,
2024-02,Customer,CUST006,,59,1,120,715.20,
2024-02,Customer,CUST007,,62,1,124,742.41,
2024-02,Customer,CUST008,,63,2,127,760.58,
2024-02,Customer,CUST009,,63,2,127,760.54,
2024-02,Customer,CUST010,,60,1,121,724.21,
2024-02,Customer,CUST011,,62,1,126,754.40,
2024-02,Customer,CUST012,,62,2,126,753.18,
2024-02,Customer,CUST013,,62,2,126,755.05,
2024-02,Customer,CUST014,,62,2,126,747.78,
2024-02,Customer,CUST015,,62,2,124,744.20,
2024-02,Customer,CUST016,,61,2,124,739.76,
2024-02,Customer,CUST017,,62,1,126,752.38,
2024-02,Customer,CUST018,,59,2,121,720.79,
2024-02,Customer,CUST019,,61,2,124,736.41,
2024-02,Customer,CUST020,,60,2,122,733.53,
2024-02,Customer,CUST021,,62,1,126,751.04,
2024-02,Customer,CUST022,,62,2,125,746.36,
2024-02,Customer,CUST023,,59,2,121,720.77,
2024-02,Customer,CUST024,,59,2,119,713.33,
2024-02,Customer,CUST025,,59,1,119,713.32,
2024-02,Customer,CUST026,,59,1,119,714.25,
2024-02,Customer,CUST027,,61,1,124,737.95,
2024-02,Customer,CUST028,,61,2,124,736.77,
2024-02,Customer,CUST029,,59,2,120,718.90,
2024-02,Customer,CUST030,,61,1,124,737.81,
2024-02,Customer,CUST031,,62,2,124,745.72,
2024-02,Customer,CUST032,,60,1,122,725.29,
2024-02,Customer,CUST033,,59,2,119,712.13,
2024-02,Customer,CUST034,,60,1,121,723.42,
2024-02,Customer,CUST035,,59,2,120,716.33,
2024-02,Customer,CUST036,,59,2,120,717.20,
2024-02,Customer,CUST037,,59,1,120,717.93,
2024-02,Customer,CUST038,,62,2,124,743.60,
2024-02,Customer,CUST039,,59,2,120,715.15,
2024-02,Customer,CUST040,,62,2,126,750.91,
2024-02,Customer,CUST041,,60,2,121,723.75,
2024-02,Customer,CUST042,,61,2,123,735.06,
2024-02,Customer,CUST043,,61,1,124,737.46,
2024-02,Customer,CUST044,,59,2,120,719.02,
2024-02,Customer,CUST045,,62,2,126,750.91,
2024-02,Customer,CUST046,,61,2,123,733.96,
2024-02,Customer,CUST047,,61,2,123,734.10,
2024-02,Customer,CUST048,,62,2,125,747.23,
2024-02,Customer,CUST049,,59,2,121,721.84,
2024-02,Customer,CUST050,,63,2,127,760.37,
2024-02,Customer,CUST051,,32,1,66,397.31,
2024-02,Customer,CUST052,,32,1,65,392.76,
2024-02,Customer,CUST053,,33,1,67,403.41,
2024-02,Customer,CUST054,,30,1,65,390.71,
2024-02,Customer,CUST055,,32,1,65,392.11,
2024-02,Customer,CUST056,,32,1,65,391.85,
2024-02,Customer,CUST057,,30,1,64,388.06,
2024-02,Customer,CUST058,,33,1,66,398.03,
2024-02,Customer,CUST059,,33,1,67,406.29,
2024-02,Customer,CUST060,,30,1,64,381.67,
2024-02,Customer,CUST061,,30,1,65,390.14,
2024-02,Customer,CUST062,,30,1,64,384.83,
2024-02,Customer,CUST063,,30,1,64,388.10,
2024-02,Customer,CUST064,,30,1,65,389.88,
2024-02,Customer,CUST065,,30,1,64,386.60,
2024-02,Customer,CUST066,,33,1,67,399.41,
2024-02,Customer,CUST067,,30,1,65,390.68,
2024-02,Customer,CUST068,,33,1,67,402.89,
2024-02,Customer,CUST069,,32,1,66,394.48,
2024-02,Customer,CUST070,,33,1,67,399.68,
2024-02,Customer,CUST071,,30,1,65,389.30,
2024-02,Customer,CUST072,,30,1,64,380.61,
2024-02,Customer,CUST073,,32,1,66,396.29,
2024-02,Customer,CUST074,,32,1,66,394.23,
2024-02,Customer,CUST075,,30,1,65,389.73,
2024-02,Customer,CUST076,,32,1,66,394.86,
2024-02,Customer,CUST077,,33,1,67,404.76,
2024-02,Customer,CUST078,,32,1,65,392.94,
2024-02,Customer,CUST079,,30,1,64,386.79,
2024-02,Customer,CUST080,,30,1,65,390.43,
2024-02,Customer,CUST081,,30,1,64,381.37,
2024-02,Customer,CUST082,,30,1,64,384.29,
2024-02,Customer,CUST083,,30,1,65,389.68,
2024-02,Customer,CUST084,,33,1,66,398.19,
2024-02,Customer,CUST085,,33,1,67,403.83,
2024-02,Customer,CUST086,,32,1,66,397.13,
2024-02,Customer,CUST087,,32,1,65,392.89,
2024-02,Customer,CUST088,,33,1,67,401.45,
2024-02,Customer,CUST089,,33,1,66,398.93,
2024-02,Customer,CUST090,,33,1,67,400.21,
2024-02,Customer,CUST091,,30,1,64,383.09,
2024-02,Customer,CUST092,,32,1,65,392.02,
2024-02,Customer,CUST093,,30,1,64,387.30,
2024-02,Customer,CUST094,,33,1,67,403.79,
2024-02,Customer,CUST095,,32,1,66,395.42,
2024-02,Customer,CUST096,,30,1,64,380.64,
2024-02,Customer,CUST097,,30,1,64,388.41,
2024-02,Customer,CUST098,,33,1,67,400.93,
2024-02,Customer,CUST099,,30,1,64,387.40,
2024-02,Customer,CUST100,,32,1,66,397.17,
2024-02,Customer,CUST101,,30,1,65,390.01,
2024-02,Customer,CUST102,,33,1,67,402.48,
2024-02,Customer,CUST103,,33,1,67,401.78,
2024-02,Customer,CUST104,,30,1,64,383.30,
2024-02,Customer,CUST105,,32,1,65,393.68,
2024-02,Customer,CUST106,,33,1,67,405.78,
2024-02,Customer,CUST107,,30,1,65,390.56,
2024-02,Customer,CUST108,,33,1,67,402.05,
2024-02,Customer,CUST109,,30,1,64,386.36,
2024-02,Customer,CUST110,,30,1,64,384.84,
2024-02,Customer,CUST111,,13,1,28,168.35,
2024-02,Customer,CUST112,,13,1,28,169.90,
2024-02,Customer,CUST113,,13,1,27,167.61,
2024-02,Customer,CUST114,,13,1,29,177.37,
2024-02,Customer,CUST115,,13,1,28,175.36,
2024-02,Customer,CUST116,,13,1,28,171.43,
2024-02,Customer,CUST117,,13,1,28,171.84,
2024-02,Customer,CUST118,,13,1,28,172.92,
2024-02,Customer,CUST119,,13,1,28,173.16,
2024-02,Customer,CUST120,,13,1,27,166.85,
2024-02,Customer,CUST121,,13,1,27,167.46,
2024-02,Customer,CUST122,,13,1,27,168.04,
2024-02,Customer,CUST123,,13,1,28,173.84,
2024-02,Customer,CUST124,,13,1,28,170.56,
2024-02,Customer,CUST125,,13,1,28,171.04,
2024-02,Customer,CUST126,,13,1,28,170.60,
2024-02,Customer,CUST127,,13,1,28,171.40,
2024-02,Customer,CUST128,,13,1,28,174.44,
2024-02,Customer,CUST129,,13,1,28,173.30,
2024-02,Customer,CUST130,,13,1,28,175.42,
2024-02,Customer,CUST131,,13,1,28,168.60,
2024-02,Customer,CUST132,,13,1,28,174.06,
2024-02,Customer,CUST133,,13,1,28,168.32,
2024-02,Customer,CUST134,,13,1,28,169.71,
2024-02,Customer,CUST135,,13,1,29,177.46,
2024-02,Customer,CUST136,,13,1,28,170.72,
2024-02,Customer,CUST137,,13,1,28,169.72,
2024-02,Customer,CUST138,,13,1,27,166.38,
2024-02,Customer,CUST139,,13,1,28,171.98,
2024-02,Customer,CUST140,,13,1,28,175.70,
2024-02,Customer,CUST141,,13,1,27,166.30,
2024-02,Customer,CUST142,,13,1,28,172.27,
2024-02,Customer,CUST143,,13,1,29,177.73,
2024-02,Customer,CUST144,,13,1,28,171.38,
2024-02,Department,,Sales,,,,,88
2024-02,Department,,Marketing,,,,,34
2024-02,Department,,Customer Success,,,,,72
2024-02,Department,,Engineering,,,,,118
2024-02,Department,,G&A,,,,,43
2024-03,Customer,CUST001,,520,24,2571,6119.44,
2024-03,Customer,CUST002,,208,6,416,2469.77,
2024-03,Customer,CUST003,,214,6,429,2543.46,
2024-03,Customer,CUST004,,208,7,415,2466.85,
2024-03,Customer,CUST005,,208,7,416,2471.56,
2024-03,Customer,CUST006,,63,1,128,762.29,
2024-03,Customer,CUST007,,61,2,124,739.65,
2024-03,Customer,CUST008,,61,2,124,736.97,
2024-03,Customer,CUST009,,63,2,130,776.10,
2024-03,Customer,CUST010,,62,1,126,749.36,
2024-03,Customer,CUST011,,61,2,123,734.51,
2024-03,Customer,CUST012,,61,2,124,735.94,
2024-03,Customer,CUST013,,61,2,124,738.91,
2024-03,Customer,CUST014,,60,2,122,729.62,
2024-03,Customer,CUST015,,63,1,129,769.18,
2024-03,Customer,CUST016,,61,1,124,737.85,
2024-03,Customer,CUST017,,64,2,131,777.64,
2024-03,Customer,CUST018,,62,1,126,755.20,
2024-03,Customer,CUST019,,62,2,126,754.98,
2024-03,Customer,CUST020,,63,2,129,773.02,
2024-03,Customer,CUST021,,62,2,125,746.57,
2024-03,Customer,CUST022,,63,1,129,769.97,
2024-03,Customer,CUST023,,62,1,125,746.18,
2024-03,Customer,CUST024,,63,2,128,761.16,
2024-03,Customer,CUST025,,63,1,129,768.64,
2024-03,Customer,CUST026,,63,2,129,771.36,
2024-03,Customer,CUST027,,63,2,127,759.41,
2024-03,Customer,CUST028,,64,1,131,777.54,
2024-03,Customer,CUST029,,62,2,124,740.90,
2024-03,Customer,CUST030,,60,1,122,727.82,
2024-03,Customer,CUST031,,63,2,127,759.91,
2024-03,Customer,CUST032,,62,2,125,746.98,
2024-03,Customer,CUST033,,63,1,129,768.82,
2024-03,Customer,CUST034,,64,1,131,777.59,
2024-03,Customer,CUST035,,63,2,130,774.54,
2024-03,Customer,CUST036,,62,2,127,756.53,
2024-03,Customer,CUST037,,60,1,122,731.89,
2024-03,Customer,CUST038,,63,2,129,767.63,
2024-03,Customer,CUST039,,64,2,131,777.54,
2024-03,Customer,CUST040,,62,1,124,743.27,
2024-03,Customer,CUST041,,63,2,127,758.54,
2024-03,Customer,CUST042,,61,2,124,740.21,
2024-03,Customer,CUST043,,62,2,126,748.94,
2024-03,Customer,CUST044,,63,2,129,769.53,
2024-03,Customer,CUST045,,62,2,126,755.90,
2024-03,Customer,CUST046,,63,2,129,773.25,
2024-03,Customer,CUST047,,63,1,129,773.49,
2024-03,Customer,CUST048,,62,2,126,753.79,
2024-03,Customer,CUST049,,63,2,128,765.81,
2024-03,Customer,CUST050,,63,2,128,765.06,
2024-03,Customer,CUST051,,33,1,66,398.59,
2024-03,Customer,CUST052,,33,1,67,407.16,
2024-03,Customer,CUST053,,33,1,67,402.71,
2024-03,Customer,CUST054,,33,1,67,400.21,
2024-03,Customer,CUST055,,32,1,66,394.15,
2024-03,Customer,CUST056,,33,1,67,402.38,
2024-03,Customer,CUST057,,32,1,66,396.86,
2024-03,Customer,CUST058,,32,1,65,393.72,
2024-03,Customer,CUST059,,32,1,65,393.91,
2024-03,Customer,CUST060,,32,1,65,392.65,
2024-03,Customer,CUST061,,33,1,66,397.42,
2024-03,Customer,CUST062,,33,1,68,408.47,
2024-03,Customer,CUST063,,32,1,65,391.38,
2024-03,Customer,CUST064,,33,1,67,401.60,
2024-03,Customer,CUST065,,33,1,67,406.74,
2024-03,Customer,CUST066,,33,1,67,403.85,
2024-03,Customer,CUST067,,33,1,67,403.58,
2024-03,Customer,CUST068,,30,1,64,388.40,
2024-03,Customer,CUST069,,33,1,67,405.05,
2024-03,Customer,CUST070,,30,1,65,391.23,
2024-03,Customer,CUST071,,33,1,67,404.54,
2024-03,Customer,CUST072,,32,1,65,392.53,
2024-03,Customer,CUST073,,32,1,66,395.56,
2024-03,Customer,CUST074,,33,1,69,410.08,
2024-03,Customer,CUST075,,33,1,67,404.84,
2024-03,Customer,CUST076,,33,1,68,407.63,
2024-03,Customer,CUST077,,33,1,67,400.62,
2024-03,Customer,CUST078,,33,1,67,406.32,
2024-03,Customer,CUST079,,33,1,68,409.17,
2024-03,Customer,CUST080,,32,1,66,395.71,
2024-03,Customer,CUST081,,33,1,69,412.06,
2024-03,Customer,CUST082,,33,1,69,414.44,
2024-03,Customer,CUST083,,30,1,65,388.88,
2024-03,Customer,CUST084,,30,1,64,387.53,
2024-03,Customer,CUST085,,33,1,67,402.91,
2024-03,Customer,CUST086,,33,1,67,404.62,
2024-03,Customer,CUST087,,32,1,65,392.69,
2024-03,Customer,CUST088,,33,1,67,405.15,
2024-03,Customer,CUST089,,33,1,69,413.07,
2024-03,Customer,CUST090,,33,1,67,406.27,
2024-03,Customer,CUST091,,32,1,65,391.85,
2024-03,Customer,CUST092,,33,1,66,397.47,
2024-03,Customer,CUST093,,30,1,65,388.78,
2024-03,Customer,CUST094,,30,1,64,387.81,
2024-03,Customer,CUST095,,33,1,68,408.17,
2024-03,Customer,CUST096,,33,1,66,399.00,
2024-03,Customer,CUST097,,33,1,68,407.69,
2024-03,Customer,CUST098,,33,1,69,411.78,
2024-03,Customer,CUST099,,32,1,65,391.32,
2024-03,Customer,CUST100,,33,1,69,411.77,
2024-03,Customer,CUST101,,32,1,65,393.57,
2024-03,Customer,CUST102,,33,1,66,398.97,
2024-03,Customer,CUST103,,30,1,65,389.81,
2024-03,Customer,CUST104,,32,1,65,392.15,
2024-03,Customer,CUST105,,33,1,69,412.45,
2024-03,Customer,CUST106,,33,1,66,399.16,
2024-03,Customer,CUST107,,33,1,67,399.31,
2024-03,Customer,CUST108,,30,1,64,388.74,
2024-03,Customer,CUST109,,33,1,69,412.03,
2024-03,Customer,CUST110,,33,1,67,404.10,
2024-03,Customer,CUST111,,13,1,28,173.41,
2024-03,Customer,CUST112,,13,1,28,169.39,
2024-03,Customer,CUST113,,13,1,28,170.59,
2024-03,Customer,CUST114,,13,1,28,170.48,
2024-03,Customer,CUST115,,14,1,30,180.87,
2024-03,Customer,CUST116,,13,1,28,173.83,
2024-03,Customer,CUST117,,13,1,28,175.20,
2024-03,Customer,CUST118,,13,1,28,176.34,
2024-03,Customer,CUST119,,13,1,28,174.45,
2024-03,Customer,CUST120,,13,1,28,169.27,
2024-03,Customer,CUST121,,14,1,30,180.87,
2024-03,Customer,CUST122,,13,1,28,176.33,
2024-03,Customer,CUST123,,13,1,30,180.12,
2024-03,Customer,CUST124,,13,1,29,176.74,
2024-03,Customer,CUST125,,13,1,30,178.94,
2024-03,Customer,CUST126,,13,1,29,178.05,
2024-03,Customer,CUST127,,13,1,29,177.82,
2024-03,Customer,CUST128,,13,1,28,176.10,
2024-03,Customer,CUST129,,13,1,28,173.57,
2024-03,Customer,CUST130,,13,1,29,177.59,
2024-03,Customer,CUST131,,14,1,30,180.81,
2024-03,Customer,CUST132,,13,1,28,171.36,
2024-03,Customer,CUST133,,13,1,28,172.88,
2024-03,Customer,CUST134,,13,1,28,171.23,
2024-03,Customer,CUST135,,13,1,28,170.04,
2024-03,Customer,CUST136,,13,1,28,170.10,
2024-03,Customer,CUST137,,13,1,30,180.37,
2024-03,Customer,CUST138,,13,1,29,177.36,
2024-03,Customer,CUST139,,13,1,28,170.47,
2024-03,Customer,CUST140,,13,1,30,179.93,
2024-03,Customer,CUST141,,13,1,28,171.81,
2024-03,Customer,CUST142,,13,1,30,178.93,
2024-03,Customer,CUST143,,13,1,28,174.64,
2024-03,Customer,CUST144,,13,1,28,171.61,
2024-03,Department,,Sales,,,,,88
2024-03,Department,,Marketing,,,,,34
2024-03,Department,,Customer Success,,,,,72
2024-03,Department,,Engineering,,,,,118
2024-03,Department,,G&A,,,,,43
2024-04,Customer,CUST001,,496,26,2465,5869.35,
2024-04,Customer,CUST002,,208,6,415,2463.80,
2024-04,Customer,CUST003,,205,8,410,2436.66,
2024-04,Customer,CUST004,,209,8,420,2491.48,
2024-04,Customer,CUST005,,214,8,426,2530.32,
2024-04,Customer,CUST006,,63,1,129,771.99,
2024-04,Customer,CUST007,,63,2,129,768.68,
2024-04,Customer,CUST008,,64,2,130,777.45,
2024-04,Customer,CUST009,,63,2,129,771.92,
2024-04,Customer,CUST010,,63,2,130,776.46,
2024-04,Customer,CUST011,,62,1,126,754.67,
2024-04,Customer,CUST012,,62,2,126,749.00,
2024-04,Customer,CUST013,,62,2,125,746.96,
2024-04,Customer,CUST014,,62,2,126,752.02,
2024-04,Customer,CUST015,,63,2,129,772.32,
2024-04,Customer,CUST016,,64,2,131,779.92,
2024-04,Customer,CUST017,,63,1,129,768.20,
2024-04,Customer,CUST018,,63,1,128,763.56,
2024-04,Customer,CUST019,,61,2,124,740.42,
2024-04,Customer,CUST020,,61,2,124,738.48,
2024-04,Customer,CUST021,,62,1,125,747.08,
2024-04,Customer,CUST022,,62,1,126,751.47,
2024-04,Customer,CUST023,,63,2,129,773.68,
2024-04,Customer,CUST024,,61,2,124,739.71,
2024-04,Customer,CUST025,,61,2,124,735.51,
2024-04,Customer,CUST026,,61,1,124,739.29,
2024-04,Customer,CUST027,,62,2,126,748.51,
2024-04,Customer,CUST028,,63,1,128,764.57,
2024-04,Customer,CUST029,,64,2,131,780.72,
2024-04,Customer,CUST030,,61,2,124,739.72,
2024-04,Customer,CUST031,,61,1,124,738.04,
2024-04,Customer,CUST032,,62,2,126,755.06,
2024-04,Customer,CUST033,,62,2,125,746.17,
2024-04,Customer,CUST034,,63,2,129,767.57,
2024-04,Customer,CUST035,,61,2,124,737.33,
2024-04,Customer,CUST036,,63,1,129,772.92,
2024-04,Customer,CUST037,,63,2,129,768.55,
2024-04,Customer,CUST038,,64,2,131,777.68,
2024-04,Customer,CUST039,,60,2,122,731.70,
2024-04,Customer,CUST040,,61,2,124,737.68,
2024-04,Customer,CUST041,,62,1,126,755.30,
2024-04,Customer,CUST042,,62,1,124,740.77,
2024-04,Customer,CUST043,,64,2,131,778.77,
2024-04,Customer,CUST044,,63,2,128,763.07,
2024-04,Customer,CUST045,,63,1,129,772.72,
2024-04,Customer,CUST046,,62,2,125,747.05,
2024-04,Customer,CUST047,,62,1,125,746.66,
2024-04,Customer,CUST048,,64,1,131,781.51,
2024-04,Customer,CUST049,,62,2,127,757.46,
2024-04,Customer,CUST050,,62,2,125,746.95,
2024-04,Customer,CUST051,,33,1,69,410.96,
2024-04,Customer,CUST052,,34,1,69,416.76,
2024-04,Customer,CUST053,,32,1,66,394.11,
2024-04,Customer,CUST054,,33,1,66,398.88,
2024-04,Customer,CUST055,,34,1,69,416.62,
2024-04,Customer,CUST056,,33,1,67,401.38,
2024-04,Customer,CUST057,,33,1,67,400.94,
2024-04,Customer,CUST058,,32,1,66,396.87,
2024-04,Customer,CUST059,,33,1,67,406.15,
2024-04,Customer,CUST060,,34,1,69,417.52,
2024-04,Customer,CUST061,,33,1,67,403.53,
2024-04,Customer,CUST062,,33,1,67,402.44,
2024-04,Customer,CUST063,,32,1,66,396.38,
2024-04,Customer,CUST064,,33,1,68,408.28,
2024-04,Customer,CUST065,,34,1,69,416.30,
2024-04,Customer,CUST066,,33,1,69,410.28,
2024-04,Customer,CUST067,,30,1,65,390.84,
2024-04,Customer,CUST068,,33,1,69,411.88,
2024-04,Customer,CUST069,,33,1,66,399.15,
2024-04,Customer,CUST070,,33,1,67,404.36,
2024-04,Customer,CUST071,,33,1,67,401.32,
2024-04,Customer,CUST072,,33,1,67,399.64,
2024-04,Customer,CUST073,,32,1,66,395.39,
2024-04,Customer,CUST074,,33,1,67,403.07,
2024-04,Customer,CUST075,,33,1,69,415.37,
2024-04,Customer,CUST076,,30,1,65,389.61,
2024-04,Customer,CUST077,,32,1,66,396.67,
2024-04,Customer,CUST078,,34,1,69,416.80,
2024-04,Customer,CUST079,,30,1,65,389.91,
2024-04,Customer,CUST080,,32,1,65,392.95,
2024-04,Customer,CUST081,,32,1,65,392.84,
2024-04,Customer,CUST082,,33,1,67,406.87,
2024-04,Customer,CUST083,,32,1,66,394.88,
2024-04,Customer,CUST084,,32,1,65,391.94,
2024-04,Customer,CUST085,,32,1,66,396.50,
2024-04,Customer,CUST086,,33,1,67,402.95,
2024-04,Customer,CUST087,,32,1,65,392.21,
2024-04,Customer,CUST088,,30,1,65,390.06,
2024-04,Customer,CUST089,,32,1,65,391.40,
2024-04,Customer,CUST090,,32,1,66,396.54,
2024-04,Customer,CUST091,,33,1,67,401.91,
2024-04,Customer,CUST092,,33,1,67,403.30,
2024-04,Customer,CUST093,,33,1,67,401.32,
2024-04,Customer,CUST094,,33,1,67,402.11,
2024-04,Customer,CUST095,,33,1,68,409.20,
2024-04,Customer,CUST096,,33,1,68,407.65,
2024-04,Customer,CUST097,,33,1,69,415.12,
2024-04,Customer,CUST098,,33,1,67,400.93,
2024-04,Customer,CUST099,,33,1,69,413.56,
2024-04,Customer,CUST100,,33,1,67,401.78,
2024-04,Customer,CUST101,,33,1,68,407.82,
2024-04,Customer,CUST102,,33,1,67,400.30,
2024-04,Customer,CUST103,,33,1,67,405.53,
2024-04,Customer,CUST104,,33,1,67,404.35,
2024-04,Customer,CUST105,,33,1,66,398.10,
2024-04,Customer,CUST106,,33,1,67,403.51,
2024-04,Customer,CUST107,,33,1,67,407.59,
2024-04,Customer,CUST108,,32,1,66,394.65,
2024-04,Customer,CUST109,,30,1,65,390.08,
2024-04,Customer,CUST110,,32,1,66,395.75,
2024-04,Customer,CUST111,,13,1,28,174.28,
2024-04,Customer,CUST112,,13,1,29,177.54,
2024-04,Customer,CUST113,,13,1,28,170.85,
2024-04,Customer,CUST114,,14,1,30,181.40,
2024-04,Customer,CUST115,,13,1,28,174.10,
2024-04,Customer,CUST116,,13,1,29,178.02,
2024-04,Customer,CUST117,,13,1,29,178.56,
2024-04,Customer,CUST118,,13,1,29,176.69,
2024-04,Customer,CUST119,,13,1,28,173.57,
2024-04,Customer,CUST120,,13,1,30,179.16,
2024-04,Customer,CUST121,,13,1,29,177.80,
2024-04,Customer,CUST122,,14,1,30,182.13,
2024-04,Customer,CUST123,,13,1,28,170.76,
2024-04,Customer,CUST124,,13,1,30,179.83,
2024-04,Customer,CUST125,,13,1,28,172.20,
2024-04,Customer,CUST126,,14,1,30,182.64,
2024-04,Customer,CUST127,,13,1,28,174.11,
2024-04,Customer,CUST128,,13,1,29,177.36,
2024-04,Customer,CUST129,,14,1,30,180.62,
2024-04,Customer,CUST130,,13,1,30,179.05,
2024-04,Customer,CUST131,,13,1,28,172.06,
2024-04,Customer,CUST132,,13,1,28,174.16,
2024-04,Customer,CUST133,,13,1,29,178.20,
2024-04,Customer,CUST134,,14,1,30,181.03,
2024-04,Customer,CUST135,,14,1,30,181.80,
2024-04,Customer,CUST136,,13,1,28,174.55,
2024-04,Customer,CUST137,,13,1,30,178.83,
2024-04,Customer,CUST138,,13,1,30,180.32,
2024-04,Customer,CUST139,,13,1,28,172.71,
2024-04,Customer,CUST140,,14,1,30,181.61,
2024-04,Customer,CUST141,,13,1,30,179.25,
2024-04,Customer,CUST142,,13,1,28,170.63,
2024-04,Customer,CUST143,,13,1,28,174.40,
2024-04,Customer,CUST144,,14,1,30,181.28,
2024-04,Department,,Sales,,,,,88
2024-04,Department,,Marketing,,,,,34
2024-04,Department,,Customer Success,,,,,72
2024-04,Department,,Engineering,,,,,119
2024-04,Department,,G&A,,,,,43
2024-05,Customer,CUST001,,493,23,2440,5806.58,
2024-05,Customer,CUST002,,213,6,426,2527.38,
2024-05,Customer,CUST003,,219,6,436,2585.01,
2024-05,Customer,CUST004,,217,6,435,2581.89,
2024-05,Customer,CUST005,,206,7,411,2441.26,
2024-05,Customer,CUST006,,62,2,126,754.19,
2024-05,Customer,CUST007,,63,2,129,769.54,
2024-05,Customer,CUST008,,62,2,126,754.06,
2024-05,Customer,CUST009,,61,2,124,740.31,
2024-05,Customer,CUST010,,61,1,123,735.14,
2024-05,Customer,CUST011,,62,1,126,749.02,
2024-05,Customer,CUST012,,63,2,128,764.89,
2024-05,Customer,CUST013,,62,2,125,747.13,
2024-05,Customer,CUST014,,62,2,127,758.03,
2024-05,Customer,CUST015,,64,2,130,776.73,
2024-05,Customer,CUST016,,61,1,124,739.12,
2024-05,Customer,CUST017,,62,2,124,741.38,
2024-05,Customer,CUST018,,62,2,127,756.90,
2024-05,Customer,CUST019,,63,2,130,776.39,
2024-05,Customer,CUST020,,61,2,124,737.20,
2024-05,Customer,CUST021,,62,1,126,755.81,
2024-05,Customer,CUST022,,61,2,124,739.11,
2024-05,Customer,CUST023,,63,1,129,771.14,
2024-05,Customer,CUST024,,62,1,126,750.21,
2024-05,Customer,CUST025,,61,1,124,740.43,
2024-05,Customer,CUST026,,63,2,128,762.43,
2024-05,Customer,CUST027,,62,1,126,752.18,
2024-05,Customer,CUST028,,62,1,124,740.66,
2024-05,Customer,CUST029,,62,1,126,747.64,
2024-05,Customer,CUST030,,62,2,126,753.02,
2024-05,Customer,CUST031,,62,2,124,745.10,
2024-05,Customer,CUST032,,61,2,124,740.38,
2024-05,Customer,CUST033,,63,2,128,763.65,
2024-05,Customer,CUST034,,60,1,122,730.12,
2024-05,Customer,CUST035,,61,2,124,738.76,
2024-05,Customer,CUST036,,63,2,129,770.02,
2024-05,Customer,CUST037,,62,1,126,753.36,
2024-05,Customer,CUST038,,63,1,129,767.81,
2024-05,Customer,CUST039,,62,1,127,758.46,
2024-05,Customer,CUST040,,60,2,122,728.23,
2024-05,Customer,CUST041,,62,2,126,754.27,
2024-05,Customer,CUST042,,62,2,124,744.13,
2024-05,Customer,CUST043,,60,1,122,730.82,
2024-05,Customer,CUST044,,60,1,122,726.15,
2024-05,Customer,CUST045,,63,1,129,774.05,
2024-05,Customer,CUST046,,62,2,124,741.84,
2024-05,Customer,CUST047,,62,2,127,757.70,
2024-05,Customer,CUST048,,62,2,124,740.84,
2024-05,Customer,CUST049,,62,2,126,751.36,
2024-05,Customer,CUST050,,63,2,129,770.95,
2024-05,Customer,CUST051,,30,1,64,388.40,
2024-05,Customer,CUST052,,33,1,67,405.80,
2024-05,Customer,CUST053,,30,1,64,387.98,
2024-05,Customer,CUST054,,33,1,66,397.72,
2024-05,Customer,CUST055,,32,1,65,391.92,
2024-05,Customer,CUST056,,33,1,67,406.66,
2024-05,Customer,CUST057,,33,1,67,406.83,
2024-05,Customer,CUST058,,33,1,67,400.64,
2024-05,Customer,CUST059,,32,1,66,396.29,
2024-05,Customer,CUST060,,33,1,67,401.27,
2024-05,Customer,CUST061,,30,1,64,387.20,
2024-05,Customer,CUST062,,32,1,66,395.97,
2024-05,Customer,CUST063,,33,1,67,402.17,
2024-05,Customer,CUST064,,33,1,67,402.65,
2024-05,Customer,CUST065,,33,1,69,413.38,
2024-05,Customer,CUST066,,30,1,64,388.11,
2024-05,Customer,CUST067,,33,1,69,412.77,
2024-05,Customer,CUST068,,32,1,65,392.81,
2024-05,Customer,CUST069,,32,1,65,393.13,
2024-05,Customer,CUST070,,30,1,65,391.26,
2024-05,Customer,CUST071,,30,1,64,388.26,
2024-05,Customer,CUST072,,33,1,67,406.50,
2024-05,Customer,CUST073,,32,1,66,395.14,
2024-05,Customer,CUST074,,33,1,66,398.36,
2024-05,Customer,CUST075,,32,1,66,394.97,
2024-05,Customer,CUST076,,32,1,66,394.44,
2024-05,Customer,CUST077,,33,1,67,406.02,
2024-05,Customer,CUST078,,32,1,66,394.67,
2024-05,Customer,CUST079,,32,1,65,391.43,
2024-05,Customer,CUST080,,33,1,67,407.53,
2024-05,Customer,CUST081,,32,1,66,397.00,
2024-05,Customer,CUST082,,33,1,67,400.62,
2024-05,Customer,CUST083,,32,1,66,396.41,
2024-05,Customer,CUST084,,30,1,65,390.07,
2024-05,Customer,CUST085,,33,1,67,404.57,
2024-05,Customer,CUST086,,32,1,65,392.76,
2024-05,Customer,CUST087,,30,1,64,387.06,
2024-05,Customer,CUST088,,33,1,67,406.28,
2024-05,Customer,CUST089,,32,1,66,394.60,
2024-05,Customer,CUST090,,33,1,69,413.75,
2024-05,Customer,CUST091,,33,1,66,398.11,
2024-05,Customer,CUST092,,33,1,67,404.97,
2024-05,Customer,CUST093,,30,1,64,387.10,
2024-05,Customer,CUST094,,33,1,69,414.86,
2024-05,Customer,CUST095,,33,1,66,398.23,
2024-05,Customer,CUST096,,30,1,64,387.21,
2024-05,Customer,CUST097,,32,1,65,392.15,
2024-05,Customer,CUST098,,33,1,67,403.03,
2024-05,Customer,CUST099,,30,1,65,391.19,
2024-05,Customer,CUST100,,33,1,66,398.36,
2024-05,Customer,CUST101,,32,1,65,392.25,
2024-05,Customer,CUST102,,33,1,67,399.94,
2024-05,Customer,CUST103,,33,1,69,410.64,
2024-05,Customer,CUST104,,33,1,68,409.53,
2024-05,Customer,CUST105,,33,1,67,406.53,
2024-05,Customer,CUST106,,33,1,69,410.33,
2024-05,Customer,CUST107,,33,1,69,412.76,
2024-05,Customer,CUST108,,32,1,66,394.71,
2024-05,Customer,CUST109,,33,1,68,409.65,
2024-05,Customer,CUST110,,33,1,67,400.44,
2024-05,Customer,CUST111,,13,1,29,177.45,
2024-05,Customer,CUST112,,13,1,28,176.13,
2024-05,Customer,CUST113,,13,1,28,170.98,
2024-05,Customer,CUST114,,13,1,28,174.27,
2024-05,Customer,CUST115,,14,1,30,180.75,
2024-05,Customer,CUST116,,14,1,30,181.01,
2024-05,Customer,CUST117,,13,1,28,175.97,
2024-05,Customer,CUST118,,13,1,28,175.90,
2024-05,Customer,CUST119,,13,1,28,172.53,
2024-05,Customer,CUST120,,13,1,28,170.20,
2024-05,Customer,CUST121,,13,1,29,178.03,
2024-05,Customer,CUST122,,13,1,28,172.33,
2024-05,Customer,CUST123,,14,1,30,181.35,
2024-05,Customer,CUST124,,13,1,28,170.26,
2024-05,Customer,CUST125,,13,1,30,179.12,
2024-05,Customer,CUST126,,13,1,28,173.80,
2024-05,Customer,CUST127,,13,1,28,175.21,
2024-05,Customer,CUST128,,13,1,28,173.89,
2024-05,Customer,CUST129,,13,1,28,171.09,
2024-05,Customer,CUST130,,13,1,28,175.52,
2024-05,Customer,CUST131,,13,1,28,176.48,
2024-05,Customer,CUST132,,13,1,28,170.39,
2024-05,Customer,CUST133,,13,1,29,178.34,
2024-05,Customer,CUST134,,13,1,29,178.14,
2024-05,Customer,CUST135,,13,1,28,171.58,
2024-05,Customer,CUST136,,13,1,28,176.44,
2024-05,Customer,CUST137,,13,1,29,177.68,
2024-05,Customer,CUST138,,13,1,28,171.04,
2024-05,Customer,CUST139,,14,1,30,181.07,
2024-05,Customer,CUST140,,13,1,29,177.01,
2024-05,Customer,CUST141,,13,1,29,178.48,
2024-05,Customer,CUST142,,13,1,28,170.19,
2024-05,Customer,CUST143,,13,1,28,171.30,
2024-05,Customer,CUST144,,13,1,28,170.54,
2024-05,Department,,Sales,,,,,89
2024-05,Department,,Marketing,,,,,34
2024-05,Department,,Customer Success,,,,,73
2024-05,Department,,Engineering,,,,,119
2024-05,Department,,G&A,,,,,43
2024-06,Customer,CUST001,,508,31,2516,5988.11,
2024-06,Customer,CUST002,,209,6,417,2478.82,
2024-06,Customer,CUST003,,209,7,419,2490.20,
2024-06,Customer,CUST004,,203,8,404,2402.82,
2024-06,Customer,CUST005,,208,7,415,2460.17,
2024-06,Customer,CUST006,,60,2,122,733.24,
2024-06,Customer,CUST007,,62,2,124,742.32,
2024-06,Customer,CUST008,,59,2,121,721.78,
2024-06,Customer,CUST009,,63,1,127,759.05,
2024-06,Customer,CUST010,,62,2,124,742.25,
2024-06,Customer,CUST011,,59,1,120,715.82,
2024-06,Customer,CUST012,,61,2,124,738.87,
2024-06,Customer,CUST013,,62,2,127,757.05,
2024-06,Customer,CUST014,,59,1,119,713.93,
2024-06,Customer,CUST015,,61,2,123,735.39,
2024-06,Customer,CUST016,,62,2,127,757.46,
2024-06,Customer,CUST017,,59,2,121,721.39,
2024-06,Customer,CUST018,,61,2,124,736.67,
2024-06,Customer,CUST019,,62,1,126,753.36,
2024-06,Customer,CUST020,,60,2,122,725.19,
2024-06,Customer,CUST021,,63,2,127,760.59,
2024-06,Customer,CUST022,,60,2,122,732.67,
2024-06,Customer,CUST023,,60,1,122,732.71,
2024-06,Customer,CUST024,,62,2,124,745.08,
2024-06,Customer,CUST025,,59,1,119,713.61,
2024-06,Customer,CUST026,,61,1,124,738.85,
2024-06,Customer,CUST027,,61,2,124,740.39,
2024-06,Customer,CUST028,,63,1,127,760.80,
2024-06,Customer,CUST029,,62,2,126,749.09,
2024-06,Customer,CUST030,,59,2,120,718.38,
2024-06,Customer,CUST031,,60,1,122,728.35,
2024-06,Customer,CUST032,,60,2,122,731.80,
2024-06,Customer,CUST033,,59,2,120,719.76,
2024-06,Customer,CUST034,,60,2,121,724.30,
2024-06,Customer,CUST035,,62,1,126,747.90,
2024-06,Customer,CUST036,,62,1,124,743.98,
2024-06,Customer,CUST037,,59,2,120,714.99,
2024-06,Customer,CUST038,,63,2,127,758.56,
2024-06,Customer,CUST039,,62,2,126,751.45,
2024-06,Customer,CUST040,,63,2,127,760.43,
2024-06,Customer,CUST041,,59,2,119,712.15,
2024-06,Customer,CUST042,,60,1,121,722.65,
2024-06,Customer,CUST043,,60,2,122,729.30,
2024-06,Customer,CUST044,,59,2,119,713.63,
2024-06,Customer,CUST045,,62,2,127,757.10,
2024-06,Customer,CUST046,,60,1,121,723.66,
2024-06,Customer,CUST047,,59,1,119,713.12,
2024-06,Customer,CUST048,,59,1,119,711.43,
2024-06,Customer,CUST049,,60,2,122,733.37,
2024-06,Customer,CUST050,,60,1,122,731.26,
2024-06,Customer,CUST051,,30,1,64,386.57,
2024-06,Customer,CUST052,,33,1,67,405.77,
2024-06,Customer,CUST053,,33,1,67,404.84,
2024-06,Customer,CUST054,,30,1,65,389.22,
2024-06,Customer,CUST055,,33,1,67,404.16,
2024-06,Customer,CUST056,,33,1,67,404.48,
2024-06,Customer,CUST057,,30,1,64,388.44,
2024-06,Customer,CUST058,,33,1,67,405.80,
2024-06,Customer,CUST059,,30,1,64,382.27,
2024-06,Customer,CUST060,,33,1,67,400.41,
2024-06,Customer,CUST061,,32,1,65,393.75,
2024-06,Customer,CUST062,,33,1,67,400.05,
2024-06,Customer,CUST063,,30,1,64,380.69,
2024-06,Customer,CUST064,,30,1,65,390.03,
2024-06,Customer,CUST065,,32,1,65,393.96,
2024-06,Customer,CUST066,,33,1,67,403.28,
2024-06,Customer,CUST067,,33,1,67,399.56,
2024-06,Customer,CUST068,,33,1,67,403.64,
2024-06,Customer,CUST069,,30,1,64,381.36,
2024-06,Customer,CUST070,,30,1,65,389.67,
2024-06,Customer,CUST071,,30,1,64,381.22,
2024-06,Customer,CUST072,,32,1,66,394.66,
2024-06,Customer,CUST073,,33,1,67,399.83,
2024-06,Customer,CUST074,,30,1,63,379.89,
2024-06,Customer,CUST075,,33,1,67,399.33,
2024-06,Customer,CUST076,,33,1,67,400.87,
2024-06,Customer,CUST077,,30,1,64,384.92,
2024-06,Customer,CUST078,,30,1,64,387.62,
2024-06,Customer,CUST079,,32,1,65,392.79,
2024-06,Customer,CUST080,,30,1,64,385.64,
2024-06,Customer,CUST081,,30,1,64,385.80,
2024-06,Customer,CUST082,,30,1,65,390.93,
2024-06,Customer,CUST083,,33,1,66,397.98,
2024-06,Customer,CUST084,,33,1,67,402.92,
2024-06,Customer,CUST085,,30,1,64,383.19,
2024-06,Customer,CUST086,,33,1,67,404.64,
2024-06,Customer,CUST087,,33,1,67,402.08,
2024-06,Customer,CUST088,,32,1,66,395.26,
2024-06,Customer,CUST089,,32,1,65,391.94,
2024-06,Customer,CUST090,,30,1,64,384.11,
2024-06,Customer,CUST091,,30,1,64,380.89,
2024-06,Customer,CUST092,,30,1,64,387.53,
2024-06,Customer,CUST093,,33,1,67,399.31,
2024-06,Customer,CUST094,,32,1,66,396.72,
2024-06,Customer,CUST095,,32,1,65,393.57,
2024-06,Customer,CUST096,,30,1,64,383.06,
2024-06,Customer,CUST097,,32,1,66,394.72,
2024-06,Customer,CUST098,,32,1,66,396.28,
2024-06,Customer,CUST099,,32,1,65,393.42,
2024-06,Customer,CUST100,,32,1,65,393.50,
2024-06,Customer,CUST101,,30,1,65,390.89,
2024-06,Customer,CUST102,,32,1,65,391.79,
2024-06,Customer,CUST103,,32,1,65,392.59,
2024-06,Customer,CUST104,,33,1,67,406.14,
2024-06,Customer,CUST105,,33,1,67,403.25,
2024-06,Customer,CUST106,,32,1,65,392.12,
2024-06,Customer,CUST107,,33,1,67,404.22,
2024-06,Customer,CUST108,,33,1,66,397.41,
2024-06,Customer,CUST109,,30,1,64,383.28,
2024-06,Customer,CUST110,,33,1,67,399.65,
2024-06,Customer,CUST111,,13,1,27,166.23,
2024-06,Customer,CUST112,,13,1,27,167.37,
2024-06,Customer,CUST113,,13,1,27,167.74,
2024-06,Customer,CUST114,,13,1,28,173.15,
2024-06,Customer,CUST115,,13,1,27,166.37,
2024-06,Customer,CUST116,,13,1,28,173.07,
2024-06,Customer,CUST117,,13,1,28,173.68,
2024-06,Customer,CUST118,,13,1,28,170.73,
2024-06,Customer,CUST119,,13,1,29,177.33,
2024-06,Customer,CUST120,,13,1,28,172.34,
2024-06,Customer,CUST121,,13,1,27,166.52,
2024-06,Customer,CUST122,,13,1,29,177.50,
2024-06,Customer,CUST123,,13,1,28,174.58,
2024-06,Customer,CUST124,,13,1,28,176.36,
2024-06,Customer,CUST125,,13,1,29,177.26,
2024-06,Customer,CUST126,,13,1,28,176.17,
2024-06,Customer,CUST127,,13,1,28,173.90,
2024-06,Customer,CUST128,,13,1,29,177.96,
2024-06,Customer,CUST129,,13,1,28,170.19,
2024-06,Customer,CUST130,,13,1,29,176.69,
2024-06,Customer,CUST131,,13,1,28,169.24,
2024-06,Customer,CUST132,,13,1,29,177.19,
2024-06,Customer,CUST133,,13,1,28,169.80,
2024-06,Customer,CUST134,,13,1,28,171.35,
2024-06,Customer,CUST135,,13,1,28,171.67,
2024-06,Customer,CUST136,,13,1,28,175.03,
2024-06,Customer,CUST137,,13,1,27,166.89,
2024-06,Customer,CUST138,,13,1,28,174.80,
2024-06,Customer,CUST139,,13,1,28,174.96,
2024-06,Customer,CUST140,,13,1,28,175.02,
2024-06,Customer,CUST141,,13,1,28,172.13,
2024-06,Customer,CUST142,,13,1,29,177.71,
2024-06,Customer,CUST143,,13,1,28,170.47,
2024-06,Customer,CUST144,,13,1,28,175.97,
2024-06,Department,,Sales,,,,,89
2024-06,Department,,Marketing,,,,,34
2024-06,Department,,Customer Success,,,,,73
2024-06,Department,,Engineering,,,,,119
2024-06,Department,,G&A,,,,,43
2024-07,Customer,CUST001,,488,31,2422,5767.99,
2024-07,Customer,CUST002,,201,6,400,2375.08,
2024-07,Customer,CUST003,,195,7,390,2312.40,
2024-07,Customer,CUST004,,195,6,390,2316.05,
2024-07,Customer,CUST005,,200,7,396,2350.94,
2024-07,Customer,CUST006,,59,2,119,710.08,
2024-07,Customer,CUST007,,57,2,117,696.96,
2024-07,Customer,CUST008,,59,2,119,714.06,
2024-07,Customer,CUST009,,59,1,118,704.73,
2024-07,Customer,CUST010,,60,1,121,722.91,
2024-07,Customer,CUST011,,57,2,117,697.74,
2024-07,Customer,CUST012,,59,2,119,711.31,
2024-07,Customer,CUST013,,57,1,117,697.10,
2024-07,Customer,CUST014,,59,2,119,711.47,
2024-07,Customer,CUST015,,61,1,124,738.58,
2024-07,Customer,CUST016,,60,1,122,732.50,
2024-07,Customer,CUST017,,59,2,118,705.03,
2024-07,Customer,CUST018,,61,2,124,738.33,
2024-07,Customer,CUST019,,57,1,117,698.15,
2024-07,Customer,CUST020,,60,2,122,727.13,
2024-07,Customer,CUST021,,59,1,119,706.60,
2024-07,Customer,CUST022,,59,1,120,717.46,
2024-07,Customer,CUST023,,60,2,121,724.32,
2024-07,Customer,CUST024,,61,1,124,737.18,
2024-07,Customer,CUST025,,61,2,124,739.48,
2024-07,Customer,CUST026,,59,1,120,717.09,
2024-07,Customer,CUST027,,60,1,122,731.28,
2024-07,Customer,CUST028,,60,1,122,729.53,
2024-07,Customer,CUST029,,59,1,120,717.72,
2024-07,Customer,CUST030,,60,1,122,732.90,
2024-07,Customer,CUST031,,57,1,116,693.40,
2024-07,Customer,CUST032,,60,1,122,725.86,
2024-07,Customer,CUST033,,61,1,123,734.01,
2024-07,Customer,CUST034,,59,2,120,716.18,
2024-07,Customer,CUST035,,61,2,124,737.16,
2024-07,Customer,CUST036,,59,2,120,716.25,
2024-07,Customer,CUST037,,59,1,118,706.35,
2024-07,Customer,CUST038,,60,2,122,729.28,
2024-07,Customer,CUST039,,57,2,117,693.63,
2024-07,Customer,CUST040,,59,1,121,721.58,
2024-07,Customer,CUST041,,57,2,115,692.79,
2024-07,Customer,CUST042,,61,2,123,735.35,
2024-07,Customer,CUST043,,61,2,123,734.86,
2024-07,Customer,CUST044,,59,2,120,718.17,
2024-07,Customer,CUST045,,57,1,117,695.06,
2024-07,Customer,CUST046,,61,1,123,735.38,
2024-07,Customer,CUST047,,57,1,117,698.07,
2024-07,Customer,CUST048,,59,2,121,721.04,
2024-07,Customer,CUST049,,57,1,117,697.33,
2024-07,Customer,CUST050,,59,2,120,714.70,
2024-07,Customer,CUST051,,29,1,62,372.02,
2024-07,Customer,CUST052,,30,1,64,381.45,
2024-07,Customer,CUST053,,30,1,65,390.02,
2024-07,Customer,CUST054,,30,1,64,386.85,
2024-07,Customer,CUST055,,30,1,64,388.14,
2024-07,Customer,CUST056,,30,1,64,387.89,
2024-07,Customer,CUST057,,30,1,64,382.09,
2024-07,Customer,CUST058,,30,1,64,381.09,
2024-07,Customer,CUST059,,29,1,62,371.96,
2024-07,Customer,CUST060,,30,1,64,388.69,
2024-07,Customer,CUST061,,30,1,65,389.49,
2024-07,Customer,CUST062,,32,1,65,393.52,
2024-07,Customer,CUST063,,29,1,62,374.44,
2024-07,Customer,CUST064,,30,1,63,380.33,
2024-07,Customer,CUST065,,32,1,66,394.37,
2024-07,Customer,CUST066,,30,1,64,381.29,
2024-07,Customer,CUST067,,29,1,62,369.63,
2024-07,Customer,CUST068,,30,1,64,383.36,
2024-07,Customer,CUST069,,29,1,62,376.03,
2024-07,Customer,CUST070,,29,1,62,370.63,
2024-07,Customer,CUST071,,29,1,62,369.63,
2024-07,Customer,CUST072,,30,1,65,390.84,
2024-07,Customer,CUST073,,30,1,65,390.11,
2024-07,Customer,CUST074,,30,1,64,380.58,
2024-07,Customer,CUST075,,30,1,64,383.35,
2024-07,Customer,CUST076,,32,1,65,391.49,
2024-07,Customer,CUST077,,29,1,62,373.92,
2024-07,Customer,CUST078,,29,1,62,377.59,
2024-07,Customer,CUST079,,30,1,64,383.41,
2024-07,Customer,CUST080,,29,1,62,372.21,
2024-07,Customer,CUST081,,30,1,63,380.25,
2024-07,Customer,CUST082,,32,1,66,395.95,
2024-07,Customer,CUST083,,30,1,64,388.58,
2024-07,Customer,CUST084,,30,1,64,382.60,
2024-07,Customer,CUST085,,32,1,65,393.78,
2024-07,Customer,CUST086,,29,1,62,372.92,
2024-07,Customer,CUST087,,30,1,64,380.93,
2024-07,Customer,CUST088,,30,1,64,383.60,
2024-07,Customer,CUST089,,32,1,66,395.21,
2024-07,Customer,CUST090,,30,1,64,385.08,
2024-07,Customer,CUST091,,32,1,65,391.50,
2024-07,Customer,CUST092,,30,1,63,380.25,
2024-07,Customer,CUST093,,30,1,64,384.95,
2024-07,Customer,CUST094,,29,1,62,372.23,
2024-07,Customer,CUST095,,30,1,65,390.96,
2024-07,Customer,CUST096,,29,1,62,373.46,
2024-07,Customer,CUST097,,30,1,64,388.25,
2024-07,Customer,CUST098,,32,1,66,394.23,
2024-07,Customer,CUST099,,32,1,66,394.39,
2024-07,Customer,CUST100,,29,1,62,375.35,
2024-07,Customer,CUST101,,29,1,62,376.38,
2024-07,Customer,CUST102,,30,1,64,381.03,
2024-07,Customer,CUST103,,32,1,66,394.35,
2024-07,Customer,CUST104,,32,1,66,395.59,
2024-07,Customer,CUST105,,30,1,64,382.01,
2024-07,Customer,CUST106,,30,1,65,389.44,
2024-07,Customer,CUST107,,30,1,64,381.34,
2024-07,Customer,CUST108,,30,1,64,384.03,
2024-07,Customer,CUST109,,30,1,64,387.35,
2024-07,Customer,CUST110,,29,1,62,377.61,
2024-07,Customer,CUST111,,13,1,27,165.16,
2024-07,Customer,CUST112,,13,1,28,169.01,
2024-07,Customer,CUST113,,13,1,27,167.28,
2024-07,Customer,CUST114,,13,1,28,170.18,
2024-07,Customer,CUST115,,13,1,27,165.57,
2024-07,Customer,CUST116,,13,1,28,169.01,
2024-07,Customer,CUST117,,13,1,28,171.91,
2024-07,Customer,CUST118,,12,1,26,161.83,
2024-07,Customer,CUST119,,13,1,28,172.33,
2024-07,Customer,CUST120,,13,1,28,172.49,
2024-07,Customer,CUST121,,13,1,28,168.79,
2024-07,Customer,CUST122,,13,1,27,164.34,
2024-07,Customer,CUST123,,12,1,26,162.07,
2024-07,Customer,CUST124,,13,1,28,170.38,
2024-07,Customer,CUST125,,13,1,28,169.33,
2024-07,Customer,CUST126,,13,1,26,162.69,
2024-07,Customer,CUST127,,13,1,28,168.35,
2024-07,Customer,CUST128,,13,1,27,164.95,
2024-07,Customer,CUST129,,13,1,28,171.83,
2024-07,Customer,CUST130,,13,1,28,171.49,
2024-07,Customer,CUST131,,13,1,27,164.60,
2024-07,Customer,CUST132,,13,1,27,165.37,
2024-07,Customer,CUST133,,13,1,28,169.87,
2024-07,Customer,CUST134,,13,1,26,162.95,
2024-07,Customer,CUST135,,13,1,27,167.37,
2024-07,Customer,CUST136,,13,1,27,163.60,
2024-07,Customer,CUST137,,13,1,27,166.76,
2024-07,Customer,CUST138,,13,1,28,169.70,
2024-07,Customer,CUST139,,13,1,28,168.18,
2024-07,Customer,CUST140,,13,1,28,168.86,
2024-07,Customer,CUST141,,13,1,28,169.30,
2024-07,Customer,CUST142,,12,1,26,162.35,
2024-07,Customer,CUST143,,13,1,28,170.39,
2024-07,Customer,CUST144,,13,1,28,170.20,
2024-07,Department,,Sales,,,,,89
2024-07,Department,,Marketing,,,,,34
2024-07,Department,,Customer Success,,,,,73
2024-07,Department,,Engineering,,,,,120
2024-07,Department,,G&A,,,,,43
2024-08,Customer,CUST001,,469,31,2325,5533.01,
2024-08,Customer,CUST002,,201,7,399,2368.94,
2024-08,Customer,CUST003,,196,5,392,2329.86,
2024-08,Customer,CUST004,,193,7,385,2288.19,
2024-08,Customer,CUST005,,200,5,397,2360.00,
2024-08,Customer,CUST006,,59,2,119,708.58,
2024-08,Customer,CUST007,,57,1,116,693.24,
2024-08,Customer,CUST008,,55,2,113,677.80,
2024-08,Customer,CUST009,,59,2,120,715.84,
2024-08,Customer,CUST010,,57,2,117,697.69,
2024-08,Customer,CUST011,,57,1,115,687.76,
2024-08,Customer,CUST012,,59,1,119,710.50,
2024-08,Customer,CUST013,,57,2,115,690.68,
2024-08,Customer,CUST014,,59,1,120,718.15,
2024-08,Customer,CUST015,,55,1,113,673.89,
2024-08,Customer,CUST016,,59,2,119,708.96,
2024-08,Customer,CUST017,,57,2,117,699.50,
2024-08,Customer,CUST018,,57,1,118,704.27,
2024-08,Customer,CUST019,,59,1,118,706.21,
2024-08,Customer,CUST020,,57,2,117,695.55,
2024-08,Customer,CUST021,,59,1,120,714.57,
2024-08,Customer,CUST022,,55,1,113,675.18,
2024-08,Customer,CUST023,,57,1,117,698.29,
2024-08,Customer,CUST024,,55,2,114,679.98,
2024-08,Customer,CUST025,,57,2,116,693.31,
2024-08,Customer,CUST026,,59,1,119,711.46,
2024-08,Customer,CUST027,,59,2,121,720.68,
2024-08,Customer,CUST028,,55,1,113,676.06,
2024-08,Customer,CUST029,,55,2,113,678.98,
2024-08,Customer,CUST030,,56,1,115,685.98,
2024-08,Customer,CUST031,,57,1,117,701.31,
2024-08,Customer,CUST032,,59,2,120,718.95,
2024-08,Customer,CUST033,,57,2,117,702.20,
2024-08,Customer,CUST034,,59,2,120,715.36,
2024-08,Customer,CUST035,,59,1,119,712.70,
2024-08,Customer,CUST036,,57,2,117,702.30,
2024-08,Customer,CUST037,,57,1,115,691.90,
2024-08,Customer,CUST038,,57,1,117,701.26,
2024-08,Customer,CUST039,,59,2,121,720.49,
2024-08,Customer,CUST040,,55,1,115,683.59,
2024-08,Customer,CUST041,,59,2,119,708.26,
2024-08,Customer,CUST042,,59,2,120,716.12,
2024-08,Customer,CUST043,,59,2,120,716.51,
2024-08,Customer,CUST044,,59,2,119,710.24,
2024-08,Customer,CUST045,,56,2,115,685.26,
2024-08,Customer,CUST046,,57,2,117,697.88,
2024-08,Customer,CUST047,,59,2,119,708.26,
2024-08,Customer,CUST048,,57,1,117,698.74,
2024-08,Customer,CUST049,,59,1,120,715.33,
2024-08,Customer,CUST050,,55,2,113,677.61,
2024-08,Customer,CUST051,,29,1,60,365.70,
2024-08,Customer,CUST052,,29,1,60,361.95,
2024-08,Customer,CUST053,,30,1,64,380.44,
2024-08,Customer,CUST054,,29,1,61,366.93,
2024-08,Customer,CUST055,,30,1,64,382.72,
2024-08,Customer,CUST056,,29,1,63,378.74,
2024-08,Customer,CUST057,,30,1,64,380.59,
2024-08,Customer,CUST058,,30,1,64,381.70,
2024-08,Customer,CUST059,,29,1,61,367.54,
2024-08,Customer,CUST060,,29,1,60,361.43,
2024-08,Customer,CUST061,,30,1,64,382.87,
2024-08,Customer,CUST062,,30,1,64,385.10,
2024-08,Customer,CUST063,,28,1,60,359.08,
2024-08,Customer,CUST064,,30,1,63,379.93,
2024-08,Customer,CUST065,,29,1,62,377.78,
2024-08,Customer,CUST066,,28,1,60,360.91,
2024-08,Customer,CUST067,,29,1,60,364.01,
2024-08,Customer,CUST068,,29,1,60,365.74,
2024-08,Customer,CUST069,,30,1,64,383.49,
2024-08,Customer,CUST070,,29,1,62,369.91,
2024-08,Customer,CUST071,,29,1,60,362.28,
2024-08,Customer,CUST072,,29,1,62,370.87,
2024-08,Customer,CUST073,,29,1,60,361.99,
2024-08,Customer,CUST074,,28,1,60,359.90,
2024-08,Customer,CUST075,,29,1,62,367.84,
2024-08,Customer,CUST076,,29,1,62,372.34,
2024-08,Customer,CUST077,,29,1,61,367.71,
2024-08,Customer,CUST078,,29,1,62,371.56,
2024-08,Customer,CUST079,,29,1,62,377.73,
2024-08,Customer,CUST080,,29,1,61,367.07,
2024-08,Customer,CUST081,,30,1,64,384.90,
2024-08,Customer,CUST082,,29,1,62,367.85,
2024-08,Customer,CUST083,,29,1,60,361.76,
2024-08,Customer,CUST084,,29,1,63,378.92,
2024-08,Customer,CUST085,,29,1,60,364.62,
2024-08,Customer,CUST086,,29,1,62,377.72,
2024-08,Customer,CUST087,,29,1,60,362.64,
2024-08,Customer,CUST088,,29,1,60,362.13,
2024-08,Customer,CUST089,,29,1,62,368.51,
2024-08,Customer,CUST090,,30,1,63,379.61,
2024-08,Customer,CUST091,,29,1,62,370.51,
2024-08,Customer,CUST092,,29,1,63,378.55,
2024-08,Customer,CUST093,,30,1,64,382.49,
2024-08,Customer,CUST094,,29,1,60,361.79,
2024-08,Customer,CUST095,,29,1,60,365.54,
2024-08,Customer,CUST096,,29,1,62,378.20,
2024-08,Customer,CUST097,,29,1,60,365.00,
2024-08,Customer,CUST098,,30,1,64,382.85,
2024-08,Customer,CUST099,,30,1,63,379.65,
2024-08,Customer,CUST100,,30,1,64,384.92,
2024-08,Customer,CUST101,,29,1,62,373.31,
2024-08,Customer,CUST102,,29,1,61,366.87,
2024-08,Customer,CUST103,,29,1,63,378.87,
2024-08,Customer,CUST104,,29,1,61,367.08,
2024-08,Customer,CUST105,,30,1,63,379.31,
2024-08,Customer,CUST106,,29,1,60,364.33,
2024-08,Customer,CUST107,,29,1,60,365.19,
2024-08,Customer,CUST108,,30,1,64,383.66,
2024-08,Customer,CUST109,,29,1,61,367.38,
2024-08,Customer,CUST110,,29,1,62,372.78,
2024-08,Customer,CUST111,,13,1,27,164.63,
2024-08,Customer,CUST112,,13,1,27,164.43,
2024-08,Customer,CUST113,,12,1,25,157.36,
2024-08,Customer,CUST114,,13,1,27,163.32,
2024-08,Customer,CUST115,,12,1,26,161.28,
2024-08,Customer,CUST116,,12,1,26,160.39,
2024-08,Customer,CUST117,,12,1,26,158.12,
2024-08,Customer,CUST118,,12,1,26,161.55,
2024-08,Customer,CUST119,,12,1,26,159.53,
2024-08,Customer,CUST120,,13,1,27,164.09,
2024-08,Customer,CUST121,,12,1,26,159.16,
2024-08,Customer,CUST122,,12,1,26,161.67,
2024-08,Customer,CUST123,,12,1,26,161.73,
2024-08,Customer,CUST124,,12,1,26,161.46,
2024-08,Customer,CUST125,,13,1,27,165.48,
2024-08,Customer,CUST126,,12,1,25,157.53,
2024-08,Customer,CUST127,,13,1,27,166.23,
2024-08,Customer,CUST128,,13,1,27,163.82,
2024-08,Customer,CUST129,,12,1,26,160.62,
2024-08,Customer,CUST130,,13,1,27,163.30,
2024-08,Customer,CUST131,,13,1,27,165.42,
2024-08,Customer,CUST132,,12,1,26,162.32,
2024-08,Customer,CUST133,,13,1,27,167.33,
2024-08,Customer,CUST134,,13,1,27,166.60,
2024-08,Customer,CUST135,,13,1,27,163.93,
2024-08,Customer,CUST136,,13,1,27,168.02,
2024-08,Customer,CUST137,,13,1,27,166.35,
2024-08,Customer,CUST138,,13,1,27,163.68,
2024-08,Customer,CUST139,,12,1,26,157.99,
2024-08,Customer,CUST140,,12,1,26,157.97,
2024-08,Customer,CUST141,,12,1,26,158.49,
2024-08,Customer,CUST142,,13,1,27,165.10,
2024-08,Customer,CUST143,,12,1,26,161.83,
2024-08,Customer,CUST144,,13,1,27,164.43,
2024-08,Department,,Sales,,,,,89
2024-08,Department,,Marketing,,,,,34
2024-08,Department,,Customer Success,,,,,73
2024-08,Department,,Engineering,,,,,120
2024-08,Department,,G&A,,,,,43
2024-09,Customer,CUST001,,449,29,2223,5294.31,
2024-09,Customer,CUST002,,193,7,385,2284.99,
2024-09,Customer,CUST003,,189,5,377,2241.82,
2024-09,Customer,CUST004,,191,6,381,2262.58,
2024-09,Customer,CUST005,,195,6,390,2321.88,
2024-09,Customer,CUST006,,55,1,114,682.74,
2024-09,Customer,CUST007,,59,1,118,704.51,
2024-09,Customer,CUST008,,54,1,110,661.36,
2024-09,Customer,CUST009,,54,1,112,668.06,
2024-09,Customer,CUST010,,57,2,117,703.34,
2024-09,Customer,CUST011,,55,2,113,678.96,
2024-09,Customer,CUST012,,55,1,113,677.48,
2024-09,Customer,CUST013,,57,2,117,698.82,
2024-09,Customer,CUST014,,55,2,115,684.50,
2024-09,Customer,CUST015,,57,1,117,702.17,
2024-09,Customer,CUST016,,57,2,115,690.86,
2024-09,Customer,CUST017,,54,1,110,660.03,
2024-09,Customer,CUST018,,57,2,117,698.60,
2024-09,Customer,CUST019,,57,1,115,689.13,
2024-09,Customer,CUST020,,57,2,117,694.24,
2024-09,Customer,CUST021,,55,1,112,669.97,
2024-09,Customer,CUST022,,57,2,117,693.94,
2024-09,Customer,CUST023,,57,1,117,694.65,
2024-09,Customer,CUST024,,57,1,117,696.41,
2024-09,Customer,CUST025,,55,1,112,671.25,
2024-09,Customer,CUST026,,54,1,112,667.86,
2024-09,Customer,CUST027,,57,1,117,696.28,
2024-09,Customer,CUST028,,57,1,117,693.99,
2024-09,Customer,CUST029,,54,1,110,660.20,
2024-09,Customer,CUST030,,54,2,111,662.32,
2024-09,Customer,CUST031,,57,1,117,696.74,
2024-09,Customer,CUST032,,57,1,117,700.59,
2024-09,Customer,CUST033,,55,1,114,680.62,
2024-09,Customer,CUST034,,57,2,117,701.66,
2024-09,Customer,CUST035,,55,1,112,671.69,
2024-09,Customer,CUST036,,54,1,110,661.49,
2024-09,Customer,CUST037,,57,1,117,697.57,
2024-09,Customer,CUST038,,55,2,113,677.04,
2024-09,Customer,CUST039,,56,2,115,685.06,
2024-09,Customer,CUST040,,55,2,114,680.70,
2024-09,Customer,CUST041,,59,2,119,706.85,
2024-09,Customer,CUST042,,57,1,117,699.19,
2024-09,Customer,CUST043,,57,2,115,689.35,
2024-09,Customer,CUST044,,55,1,112,668.69,
2024-09,Customer,CUST045,,54,2,112,668.09,
2024-09,Customer,CUST046,,57,1,117,701.40,
2024-09,Customer,CUST047,,55,2,113,673.18,
2024-09,Customer,CUST048,,57,1,117,701.89,
2024-09,Customer,CUST049,,55,2,112,668.41,
2024-09,Customer,CUST050,,55,1,114,681.13,
2024-09,Customer,CUST051,,28,1,60,358.38,
2024-09,Customer,CUST052,,29,1,62,376.24,
2024-09,Customer,CUST053,,29,1,62,373.14,
2024-09,Customer,CUST054,,29,1,60,361.37,
2024-09,Customer,CUST055,,28,1,59,356.15,
2024-09,Customer,CUST056,,28,1,59,356.46,
2024-09,Customer,CUST057,,29,1,62,371.51,
2024-09,Customer,CUST058,,28,1,60,360.80,
2024-09,Customer,CUST059,,29,1,62,375.74,
2024-09,Customer,CUST060,,29,1,62,368.35,
2024-09,Customer,CUST061,,28,1,60,357.79,
2024-09,Customer,CUST062,,28,1,59,356.40,
2024-09,Customer,CUST063,,28,1,60,358.42,
2024-09,Customer,CUST064,,29,1,60,365.21,
2024-09,Customer,CUST065,,29,1,60,362.97,
2024-09,Customer,CUST066,,28,1,60,357.44,
2024-09,Customer,CUST067,,29,1,61,367.20,
2024-09,Customer,CUST068,,29,1,60,365.60,
2024-09,Customer,CUST069,,29,1,62,371.30,
2024-09,Customer,CUST070,,29,1,60,362.70,
2024-09,Customer,CUST071,,28,1,59,354.66,
2024-09,Customer,CUST072,,29,1,62,371.26,
2024-09,Customer,CUST073,,29,1,62,371.99,
2024-09,Customer,CUST074,,28,1,59,354.72,
2024-09,Customer,CUST075,,29,1,62,371.99,
2024-09,Customer,CUST076,,28,1,59,356.82,
2024-09,Customer,CUST077,,29,1,62,372.06,
2024-09,Customer,CUST078,,28,1,59,354.97,
2024-09,Customer,CUST079,,29,1,62,370.39,
2024-09,Customer,CUST080,,28,1,58,352.59,
2024-09,Customer,CUST081,,29,1,62,368.89,
2024-09,Customer,CUST082,,29,1,60,363.82,
2024-09,Customer,CUST083,,28,1,59,355.75,
2024-09,Customer,CUST084,,29,1,62,375.87,
2024-09,Customer,CUST085,,29,1,62,369.45,
2024-09,Customer,CUST086,,29,1,60,365.20,
2024-09,Customer,CUST087,,28,1,60,359.58,
2024-09,Customer,CUST088,,28,1,59,353.65,
2024-09,Customer,CUST089,,29,1,60,365.28,
2024-09,Customer,CUST090,,28,1,59,354.09,
2024-09,Customer,CUST091,,28,1,58,352.40,
2024-09,Customer,CUST092,,28,1,60,358.65,
2024-09,Customer,CUST093,,29,1,60,364.93,
2024-09,Customer,CUST094,,29,1,60,361.37,
2024-09,Customer,CUST095,,28,1,59,353.52,
2024-09,Customer,CUST096,,28,1,60,358.17,
2024-09,Customer,CUST097,,29,1,62,371.77,
2024-09,Customer,CUST098,,29,1,60,362.42,
2024-09,Customer,CUST099,,28,1,60,359.70,
2024-09,Customer,CUST100,,28,1,59,355.06,
2024-09,Customer,CUST101,,28,1,58,352.02,
2024-09,Customer,CUST102,,28,1,60,357.98,
2024-09,Customer,CUST103,,28,1,60,360.89,
2024-09,Customer,CUST104,,29,1,62,375.02,
2024-09,Customer,CUST105,,28,1,60,358.90,
2024-09,Customer,CUST106,,29,1,60,365.41,
2024-09,Customer,CUST107,,28,1,59,356.88,
2024-09,Customer,CUST108,,28,1,58,352.00,
2024-09,Customer,CUST109,,29,1,60,362.94,
2024-09,Customer,CUST110,,29,1,60,365.79,
2024-09,Customer,CUST111,,12,1,26,160.16,
2024-09,Customer,CUST112,,12,1,26,162.52,
2024-09,Customer,CUST113,,12,1,26,162.23,
2024-09,Customer,CUST114,,12,1,26,158.86,
2024-09,Customer,CUST115,,12,1,26,161.78,
2024-09,Customer,CUST116,,13,1,27,164.12,
2024-09,Customer,CUST117,,11,1,25,154.56,
2024-09,Customer,CUST118,,12,1,26,160.81,
2024-09,Customer,CUST119,,13,1,27,164.81,
2024-09,Customer,CUST120,,13,1,27,164.05,
2024-09,Customer,CUST121,,12,1,26,160.81,
2024-09,Customer,CUST122,,12,1,26,157.81,
2024-09,Customer,CUST123,,13,1,27,163.30,
2024-09,Customer,CUST124,,12,1,26,161.33,
2024-09,Customer,CUST125,,11,1,25,156.51,
2024-09,Customer,CUST126,,13,1,27,164.53,
2024-09,Customer,CUST127,,11,1,25,156.31,
2024-09,Customer,CUST128,,11,1,25,154.44,
2024-09,Customer,CUST129,,12,1,26,160.49,
2024-09,Customer,CUST130,,11,1,25,154.71,
2024-09,Customer,CUST131,,13,1,27,163.51,
2024-09,Customer,CUST132,,12,1,26,159.24,
2024-09,Customer,CUST133,,11,1,25,155.96,
2024-09,Customer,CUST134,,13,1,27,164.72,
2024-09,Customer,CUST135,,11,1,25,154.88,
2024-09,Customer,CUST136,,11,1,25,156.04,
2024-09,Customer,CUST137,,11,1,25,155.37,
2024-09,Customer,CUST138,,11,1,25,156.51,
2024-09,Customer,CUST139,,12,1,26,160.23,
2024-09,Customer,CUST140,,13,1,27,164.28,
2024-09,Customer,CUST141,,12,1,26,161.17,
2024-09,Customer,CUST142,,11,1,25,154.11,
2024-09,Customer,CUST143,,12,1,26,160.29,
2024-09,Customer,CUST144,,11,1,25,154.45,
2024-09,Department,,Sales,,,,,90
2024-09,Department,,Marketing,,,,,35
2024-09,Department,,Customer Success,,,,,74
2024-09,Department,,Engineering,,,,,120
2024-09,Department,,G&A,,,,,43
2024-10,Customer,CUST001,,468,24,2315,5509.92,
2024-10,Customer,CUST002,,195,7,390,2314.04,
2024-10,Customer,CUST003,,189,6,378,2246.61,
2024-10,Customer,CUST004,,188,5,374,2224.44,
2024-10,Customer,CUST005,,193,6,383,2277.13,
2024-10,Customer,CUST006,,55,2,113,674.72,
2024-10,Customer,CUST007,,54,1,111,665.30,
2024-10,Customer,CUST008,,57,1,117,696.12,
2024-10,Customer,CUST009,,57,2,115,691.65,
2024-10,Customer,CUST010,,54,1,110,660.21,
2024-10,Customer,CUST011,,57,1,117,693.87,
2024-10,Customer,CUST012,,57,1,115,692.44,
2024-10,Customer,CUST013,,55,1,113,674.34,
2024-10,Customer,CUST014,,57,1,117,695.68,
2024-10,Customer,CUST015,,56,2,115,684.97,
2024-10,Customer,CUST016,,55,2,113,676.02,
2024-10,Customer,CUST017,,57,2,117,700.23,
2024-10,Customer,CUST018,,55,2,112,668.84,
2024-10,Customer,CUST019,,54,1,110,655.73,
2024-10,Customer,CUST020,,54,1,111,663.56,
2024-10,Customer,CUST021,,57,1,115,688.79,
2024-10,Customer,CUST022,,57,2,117,694.51,
2024-10,Customer,CUST023,,54,2,112,668.18,
2024-10,Customer,CUST024,,57,2,115,692.18,
2024-10,Customer,CUST025,,54,2,110,658.54,
2024-10,Customer,CUST026,,55,2,114,682.17,
2024-10,Customer,CUST027,,55,1,114,679.93,
2024-10,Customer,CUST028,,57,1,117,700.93,
2024-10,Customer,CUST029,,54,1,110,660.47,
2024-10,Customer,CUST030,,54,1,111,663.27,
2024-10,Customer,CUST031,,57,2,117,699.25,
2024-10,Customer,CUST032,,55,1,113,678.53,
2024-10,Customer,CUST033,,54,1,110,657.38,
2024-10,Customer,CUST034,,57,2,117,694.23,
2024-10,Customer,CUST035,,55,1,113,675.80,
2024-10,Customer,CUST036,,57,2,117,701.62,
2024-10,Customer,CUST037,,54,1,111,662.70,
2024-10,Customer,CUST038,,57,1,115,687.06,
2024-10,Customer,CUST039,,55,2,114,681.72,
2024-10,Customer,CUST040,,55,1,113,676.85,
2024-10,Customer,CUST041,,57,2,117,699.76,
2024-10,Customer,CUST042,,54,1,110,660.80,
2024-10,Customer,CUST043,,55,1,112,671.70,
2024-10,Customer,CUST044,,54,1,111,662.25,
2024-10,Customer,CUST045,,57,1,115,687.63,
2024-10,Customer,CUST046,,55,1,113,678.79,
2024-10,Customer,CUST047,,54,1,111,665.75,
2024-10,Customer,CUST048,,55,1,113,676.57,
2024-10,Customer,CUST049,,55,1,114,681.92,
2024-10,Customer,CUST050,,54,2,112,668.23,
2024-10,Customer,CUST051,,28,1,59,356.81,
2024-10,Customer,CUST052,,28,1,59,354.20,
2024-10,Customer,CUST053,,28,1,58,350.49,
2024-10,Customer,CUST054,,28,1,60,360.05,
2024-10,Customer,CUST055,,29,1,62,371.32,
2024-10,Customer,CUST056,,29,1,62,370.68,
2024-10,Customer,CUST057,,29,1,62,373.75,
2024-10,Customer,CUST058,,29,1,62,369.94,
2024-10,Customer,CUST059,,29,1,60,366.63,
2024-10,Customer,CUST060,,29,1,60,362.84,
2024-10,Customer,CUST061,,29,1,62,372.62,
2024-10,Customer,CUST062,,29,1,60,364.43,
2024-10,Customer,CUST063,,29,1,62,368.32,
2024-10,Customer,CUST064,,29,1,62,367.79,
2024-10,Customer,CUST065,,29,1,60,363.43,
2024-10,Customer,CUST066,,28,1,59,354.01,
2024-10,Customer,CUST067,,28,1,59,356.68,
2024-10,Customer,CUST068,,28,1,59,354.40,
2024-10,Customer,CUST069,,29,1,60,364.17,
2024-10,Customer,CUST070,,28,1,58,350.26,
2024-10,Customer,CUST071,,29,1,61,367.53,
2024-10,Customer,CUST072,,29,1,62,372.53,
2024-10,Customer,CUST073,,28,1,59,354.82,
2024-10,Customer,CUST074,,29,1,62,372.24,
2024-10,Customer,CUST075,,29,1,62,372.39,
2024-10,Customer,CUST076,,29,1,62,372.12,
2024-10,Customer,CUST077,,28,1,59,356.04,
2024-10,Customer,CUST078,,28,1,60,357.80,
2024-10,Customer,CUST079,,29,1,62,372.49,
2024-10,Customer,CUST080,,28,1,60,361.01,
2024-10,Customer,CUST081,,29,1,61,366.87,
2024-10,Customer,CUST082,,28,1,59,353.58,
2024-10,Customer,CUST083,,28,1,59,354.18,
2024-10,Customer,CUST084,,28,1,59,353.62,
2024-10,Customer,CUST085,,28,1,59,357.05,
2024-10,Customer,CUST086,,28,1,60,359.39,
2024-10,Customer,CUST087,,29,1,60,363.49,
2024-10,Customer,CUST088,,29,1,60,363.33,
2024-10,Customer,CUST089,,29,1,60,362.13,
2024-10,Customer,CUST090,,28,1,60,361.16,
2024-10,Customer,CUST091,,29,1,62,371.85,
2024-10,Customer,CUST092,,29,1,60,364.93,
2024-10,Customer,CUST093,,28,1,60,360.98,
2024-10,Customer,CUST094,,28,1,59,354.02,
2024-10,Customer,CUST095,,29,1,62,371.76,
2024-10,Customer,CUST096,,29,1,62,368.70,
2024-10,Customer,CUST097,,28,1,58,350.78,
2024-10,Customer,CUST098,,29,1,61,367.21,
2024-10,Customer,CUST099,,29,1,61,367.37,
2024-10,Customer,CUST100,,29,1,61,367.36,
2024-10,Customer,CUST101,,28,1,60,359.51,
2024-10,Customer,CUST102,,29,1,60,365.14,
2024-10,Customer,CUST103,,28,1,58,353.18,
2024-10,Customer,CUST104,,29,1,62,373.38,
2024-10,Customer,CUST105,,29,1,62,373.19,
2024-10,Customer,CUST106,,29,1,62,371.67,
2024-10,Customer,CUST107,,29,1,60,365.75,
2024-10,Customer,CUST108,,29,1,60,364.23,
2024-10,Customer,CUST109,,28,1,59,353.34,
2024-10,Customer,CUST110,,28,1,58,350.78,
2024-10,Customer,CUST111,,11,1,25,153.07,
2024-10,Customer,CUST112,,12,1,26,157.89,
2024-10,Customer,CUST113,,12,1,26,158.17,
2024-10,Customer,CUST114,,12,1,26,162.01,
2024-10,Customer,CUST115,,13,1,27,163.07,
2024-10,Customer,CUST116,,11,1,25,152.72,
2024-10,Customer,CUST117,,11,1,25,153.03,
2024-10,Customer,CUST118,,12,1,26,159.95,
2024-10,Customer,CUST119,,12,1,26,160.57,
2024-10,Customer,CUST120,,11,1,25,153.38,
2024-10,Customer,CUST121,,11,1,25,155.45,
2024-10,Customer,CUST122,,13,1,26,162.69,
2024-10,Customer,CUST123,,12,1,26,160.78,
2024-10,Customer,CUST124,,12,1,26,161.88,
2024-10,Customer,CUST125,,12,1,26,161.99,
2024-10,Customer,CUST126,,11,1,25,156.13,
2024-10,Customer,CUST127,,13,1,27,163.71,
2024-10,Customer,CUST128,,12,1,26,160.14,
2024-10,Customer,CUST129,,12,1,26,160.02,
2024-10,Customer,CUST130,,12,1,26,159.61,
2024-10,Customer,CUST131,,12,1,25,157.02,
2024-10,Customer,CUST132,,13,1,27,163.12,
2024-10,Customer,CUST133,,11,1,25,154.11,
2024-10,Customer,CUST134,,11,1,25,153.83,
2024-10,Customer,CUST135,,11,1,25,154.91,
2024-10,Customer,CUST136,,11,1,25,154.66,
2024-10,Customer,CUST137,,12,1,26,160.12,
2024-10,Customer,CUST138,,13,1,26,162.98,
2024-10,Customer,CUST139,,12,1,26,162.16,
2024-10,Customer,CUST140,,12,1,26,162.41,
2024-10,Customer,CUST141,,12,1,26,159.91,
2024-10,Customer,CUST142,,12,1,26,161.07,
2024-10,Customer,CUST143,,11,1,25,154.52,
2024-10,Customer,CUST144,,13,1,27,163.51,
2024-10,Department,,Sales,,,,,90
2024-10,Department,,Marketing,,,,,35
2024-10,Department,,Customer Success,,,,,74
2024-10,Department,,Engineering,,,,,121
2024-10,Department,,G&A,,,,,43
2024-11,Customer,CUST001,,466,28,2302,5481.83,
2024-11,Customer,CUST002,,188,6,374,2223.77,
2024-11,Customer,CUST003,,189,6,378,2244.95,
2024-11,Customer,CUST004,,195,6,390,2320.05,
2024-11,Customer,CUST005,,194,6,388,2302.45,
2024-11,Customer,CUST006,,54,1,111,663.01,
2024-11,Customer,CUST007,,57,2,115,691.60,
2024-11,Customer,CUST008,,57,2,117,695.07,
2024-11,Customer,CUST009,,57,1,115,690.63,
2024-11,Customer,CUST010,,59,1,119,706.59,
2024-11,Customer,CUST011,,57,2,117,697.55,
2024-11,Customer,CUST012,,55,1,112,669.54,
2024-11,Customer,CUST013,,57,1,117,703.29,
2024-11,Customer,CUST014,,56,1,115,684.91,
2024-11,Customer,CUST015,,57,1,117,703.82,
2024-11,Customer,CUST016,,57,1,115,689.42,
2024-11,Customer,CUST017,,55,1,113,677.92,
2024-11,Customer,CUST018,,55,1,113,676.88,
2024-11,Customer,CUST019,,55,1,114,682.55,
2024-11,Customer,CUST020,,57,2,117,700.95,
2024-11,Customer,CUST021,,55,1,113,679.28,
2024-11,Customer,CUST022,,55,2,113,678.31,
2024-11,Customer,CUST023,,55,1,113,672.66,
2024-11,Customer,CUST024,,55,1,113,674.58,
2024-11,Customer,CUST025,,59,1,118,705.50,
2024-11,Customer,CUST026,,59,1,118,705.48,
2024-11,Customer,CUST027,,59,2,118,704.39,
2024-11,Customer,CUST028,,55,2,114,679.80,
2024-11,Customer,CUST029,,55,2,114,680.87,
2024-11,Customer,CUST030,,59,2,119,706.72,
2024-11,Customer,CUST031,,55,1,114,680.55,
2024-11,Customer,CUST032,,56,2,115,685.97,
2024-11,Customer,CUST033,,57,1,117,695.22,
2024-11,Customer,CUST034,,57,2,117,697.30,
2024-11,Customer,CUST035,,57,1,117,694.51,
2024-11,Customer,CUST036,,55,2,112,668.57,
2024-11,Customer,CUST037,,56,1,115,685.06,
2024-11,Customer,CUST038,,56,2,115,685.86,
2024-11,Customer,CUST039,,54,2,111,663.13,
2024-11,Customer,CUST040,,55,2,113,676.76,
2024-11,Customer,CUST041,,55,1,113,673.61,
2024-11,Customer,CUST042,,55,1,115,683.61,
2024-11,Customer,CUST043,,57,2,117,694.29,
2024-11,Customer,CUST044,,57,2,115,691.88,
2024-11,Customer,CUST045,,55,2,113,675.94,
2024-11,Customer,CUST046,,55,1,113,675.50,
2024-11,Customer,CUST047,,55,1,112,671.09,
2024-11,Customer,CUST048,,55,1,113,675.52,
2024-11,Customer,CUST049,,55,2,114,679.89,
2024-11,Customer,CUST050,,57,2,115,686.43,
2024-11,Customer,CUST051,,28,1,60,360.16,
2024-11,Customer,CUST052,,28,1,59,357.05,
2024-11,Customer,CUST053,,28,1,59,354.33,
2024-11,Customer,CUST054,,29,1,62,372.47,
2024-11,Customer,CUST055,,29,1,62,375.80,
2024-11,Customer,CUST056,,29,1,62,367.90,
2024-11,Customer,CUST057,,29,1,60,364.10,
2024-11,Customer,CUST058,,28,1,59,354.43,
2024-11,Customer,CUST059,,29,1,62,371.42,
2024-11,Customer,CUST060,,29,1,62,373.18,
2024-11,Customer,CUST061,,28,1,60,357.49,
2024-11,Customer,CUST062,,29,1,62,375.66,
2024-11,Customer,CUST063,,29,1,62,372.22,
2024-11,Customer,CUST064,,28,1,60,359.74,
2024-11,Customer,CUST065,,28,1,59,355.77,
2024-11,Customer,CUST066,,29,1,62,375.43,
2024-11,Customer,CUST067,,29,1,62,375.33,
2024-11,Customer,CUST068,,29,1,60,362.21,
2024-11,Customer,CUST069,,29,1,60,362.16,
2024-11,Customer,CUST070,,29,1,60,363.49,
2024-11,Customer,CUST071,,28,1,59,356.99,
2024-11,Customer,CUST072,,29,1,61,367.46,
2024-11,Customer,CUST073,,28,1,60,358.10,
2024-11,Customer,CUST074,,29,1,60,366.52,
2024-11,Customer,CUST075,,29,1,62,375.06,
2024-11,Customer,CUST076,,29,1,60,363.51,
2024-11,Customer,CUST077,,28,1,59,355.56,
2024-11,Customer,CUST078,,29,1,61,367.06,
2024-11,Customer,CUST079,,29,1,62,375.40,
2024-11,Customer,CUST080,,28,1,58,352.49,
2024-11,Customer,CUST081,,29,1,60,366.52,
2024-11,Customer,CUST082,,29,1,62,376.25,
2024-11,Customer,CUST083,,29,1,62,374.65,
2024-11,Customer,CUST084,,28,1,58,352.63,
2024-11,Customer,CUST085,,29,1,62,376.80,
2024-11,Customer,CUST086,,29,1,60,361.73,
2024-11,Customer,CUST087,,28,1,60,358.17,
2024-11,Customer,CUST088,,28,1,60,358.97,
2024-11,Customer,CUST089,,29,1,62,368.22,
2024-11,Customer,CUST090,,29,1,62,376.88,
2024-11,Customer,CUST091,,28,1,59,355.53,
2024-11,Customer,CUST092,,28,1,59,354.80,
2024-11,Customer,CUST093,,28,1,58,353.19,
2024-11,Customer,CUST094,,28,1,58,352.54,
2024-11,Customer,CUST095,,28,1,60,359.31,
2024-11,Customer,CUST096,,28,1,60,359.48,
2024-11,Customer,CUST097,,29,1,62,372.42,
2024-11,Customer,CUST098,,29,1,62,372.43,
2024-11,Customer,CUST099,,28,1,60,360.63,
2024-11,Customer,CUST100,,28,1,60,358.71,
2024-11,Customer,CUST101,,29,1,60,365.76,
2024-11,Customer,CUST102,,28,1,60,360.46,
2024-11,Customer,CUST103,,29,1,62,371.48,
2024-11,Customer,CUST104,,29,1,60,361.90,
2024-11,Customer,CUST105,,29,1,62,370.37,
2024-11,Customer,CUST106,,29,1,60,364.95,
2024-11,Customer,CUST107,,29,1,62,375.62,
2024-11,Customer,CUST108,,29,1,62,373.51,
2024-11,Customer,CUST109,,28,1,60,361.19,
2024-11,Customer,CUST110,,29,1,62,373.34,
2024-11,Customer,CUST111,,11,1,25,154.61,
2024-11,Customer,CUST112,,12,1,25,157.09,
2024-11,Customer,CUST113,,12,1,26,161.26,
2024-11,Customer,CUST114,,12,1,26,162.46,
2024-11,Customer,CUST115,,12,1,26,161.35,
2024-11,Customer,CUST116,,12,1,25,157.38,
2024-11,Customer,CUST117,,13,1,27,164.89,
2024-11,Customer,CUST118,,12,1,26,158.27,
2024-11,Customer,CUST119,,11,1,25,154.90,
2024-11,Customer,CUST120,,13,1,26,162.78,
2024-11,Customer,CUST121,,11,1,25,155.90,
2024-11,Customer,CUST122,,12,1,26,162.10,
2024-11,Customer,CUST123,,13,1,27,164.49,
2024-11,Customer,CUST124,,13,1,27,164.02,
2024-11,Customer,CUST125,,12,1,26,162.39,
2024-11,Customer,CUST126,,12,1,26,160.17,
2024-11,Customer,CUST127,,11,1,25,155.92,
2024-11,Customer,CUST128,,11,1,25,154.24,
2024-11,Customer,CUST129,,12,1,26,161.13,
2024-11,Customer,CUST130,,12,1,26,160.91,
2024-11,Customer,CUST131,,13,1,27,163.17,
2024-11,Customer,CUST132,,13,1,27,164.07,
2024-11,Customer,CUST133,,12,1,26,158.19,
2024-11,Customer,CUST134,,12,1,26,161.98,
2024-11,Customer,CUST135,,11,1,25,154.56,
2024-11,Customer,CUST136,,13,1,27,164.28,
2024-11,Customer,CUST137,,12,1,26,161.14,
2024-11,Customer,CUST138,,11,1,25,153.92,
2024-11,Customer,CUST139,,12,1,26,160.47,
2024-11,Customer,CUST140,,13,1,27,163.34,
2024-11,Customer,CUST141,,12,1,26,158.84,
2024-11,Customer,CUST142,,11,1,25,154.40,
2024-11,Customer,CUST143,,12,1,26,162.41,
2024-11,Customer,CUST144,,12,1,26,160.40,
2024-11,Department,,Sales,,,,,90
2024-11,Department,,Marketing,,,,,35
2024-11,Department,,Customer Success,,,,,74
2024-11,Department,,Engineering,,,,,121
2024-11,Department,,G&A,,,,,44
2024-12,Customer,CUST001,,466,24,2302,5482.07,
2024-12,Customer,CUST002,,200,6,396,2350.59,
2024-12,Customer,CUST003,,200,7,396,2353.32,
2024-12,Customer,CUST004,,193,7,386,2291.28,
2024-12,Customer,CUST005,,191,6,381,2261.02,
2024-12,Customer,CUST006,,57,2,115,692.57,
2024-12,Customer,CUST007,,55,2,114,680.93,
2024-12,Customer,CUST008,,57,1,117,697.61,
2024-12,Customer,CUST009,,55,1,113,676.63,
2024-12,Customer,CUST010,,55,1,114,681.84,
2024-12,Customer,CUST011,,55,2,115,684.53,
2024-12,Customer,CUST012,,59,2,120,718.11,
2024-12,Customer,CUST013,,55,2,114,679.60,
2024-12,Customer,CUST014,,59,2,120,718.93,
2024-12,Customer,CUST015,,57,2,117,693.84,
2024-12,Customer,CUST016,,59,1,119,707.70,
2024-12,Customer,CUST017,,57,2,117,695.49,
2024-12,Customer,CUST018,,57,2,117,694.10,
2024-12,Customer,CUST019,,57,2,117,699.52,
2024-12,Customer,CUST020,,59,1,119,713.13,
2024-12,Customer,CUST021,,59,1,120,718.18,
2024-12,Customer,CUST022,,59,2,119,709.29,
2024-12,Customer,CUST023,,59,2,118,706.22,
2024-12,Customer,CUST024,,57,2,117,698.57,
2024-12,Customer,CUST025,,56,2,115,685.23,
2024-12,Customer,CUST026,,57,1,116,692.98,
2024-12,Customer,CUST027,,56,1,115,685.34,
2024-12,Customer,CUST028,,59,2,120,714.74,
2024-12,Customer,CUST029,,57,2,117,698.59,
2024-12,Customer,CUST030,,59,2,118,706.10,
2024-12,Customer,CUST031,,55,1,115,683.31,
2024-12,Customer,CUST032,,55,2,115,683.23,
2024-12,Customer,CUST033,,55,2,114,682.03,
2024-12,Customer,CUST034,,57,1,115,688.97,
2024-12,Customer,CUST035,,56,1,115,686.00,
2024-12,Customer,CUST036,,57,2,117,695.84,
2024-12,Customer,CUST037,,57,2,117,698.23,
2024-12,Customer,CUST038,,57,2,115,692.47,
2024-12,Customer,CUST039,,59,1,119,708.20,
2024-12,Customer,CUST040,,59,1,118,704.52,
2024-12,Customer,CUST041,,59,1,119,710.40,
2024-12,Customer,CUST042,,59,1,120,718.29,
2024-12,Customer,CUST043,,57,1,117,698.80,
2024-12,Customer,CUST044,,57,2,117,694.52,
2024-12,Customer,CUST045,,59,1,119,709.95,
2024-12,Customer,CUST046,,59,2,119,707.27,
2024-12,Customer,CUST047,,59,2,119,711.62,
2024-12,Customer,CUST048,,57,2,115,686.71,
2024-12,Customer,CUST049,,59,1,119,711.32,
2024-12,Customer,CUST050,,59,1,119,710.66,
2024-12,Customer,CUST051,,30,1,64,383.95,
2024-12,Customer,CUST052,,30,1,63,380.23,
2024-12,Customer,CUST053,,29,1,62,376.30,
2024-12,Customer,CUST054,,29,1,62,371.31,
2024-12,Customer,CUST055,,29,1,62,368.19,
2024-12,Customer,CUST056,,29,1,60,364.67,
2024-12,Customer,CUST057,,29,1,62,374.60,
2024-12,Customer,CUST058,,28,1,60,359.90,
2024-12,Customer,CUST059,,29,1,60,361.33,
2024-12,Customer,CUST060,,28,1,60,359.85,
2024-12,Customer,CUST061,,30,1,63,379.91,
2024-12,Customer,CUST062,,29,1,62,372.56,
2024-12,Customer,CUST063,,29,1,62,368.70,
2024-12,Customer,CUST064,,29,1,60,361.67,
2024-12,Customer,CUST065,,29,1,62,375.04,
2024-12,Customer,CUST066,,29,1,62,368.58,
2024-12,Customer,CUST067,,30,1,63,379.87,
2024-12,Customer,CUST068,,29,1,60,366.68,
2024-12,Customer,CUST069,,29,1,62,371.47,
2024-12,Customer,CUST070,,28,1,60,360.10,
2024-12,Customer,CUST071,,28,1,60,359.07,
2024-12,Customer,CUST072,,29,1,63,378.70,
2024-12,Customer,CUST073,,29,1,60,364.13,
2024-12,Customer,CUST074,,29,1,62,374.74,
2024-12,Customer,CUST075,,30,1,64,380.98,
2024-12,Customer,CUST076,,29,1,62,368.34,
2024-12,Customer,CUST077,,29,1,62,369.05,
2024-12,Customer,CUST078,,29,1,60,366.01,
2024-12,Customer,CUST079,,29,1,62,376.56,
2024-12,Customer,CUST080,,29,1,62,368.64,
2024-12,Customer,CUST081,,30,1,64,384.66,
2024-12,Customer,CUST082,,29,1,60,365.10,
2024-12,Customer,CUST083,,28,1,60,360.07,
2024-12,Customer,CUST084,,29,1,62,368.29,
2024-12,Customer,CUST085,,29,1,60,363.92,
2024-12,Customer,CUST086,,29,1,62,372.04,
2024-12,Customer,CUST087,,29,1,62,372.70,
2024-12,Customer,CUST088,,29,1,62,375.26,
2024-12,Customer,CUST089,,30,1,64,381.24,
2024-12,Customer,CUST090,,28,1,60,360.28,
2024-12,Customer,CUST091,,28,1,60,360.53,
2024-12,Customer,CUST092,,30,1,64,382.05,
2024-12,Customer,CUST093,,28,1,60,360.19,
2024-12,Customer,CUST094,,29,1,60,363.83,
2024-12,Customer,CUST095,,29,1,62,368.73,
2024-12,Customer,CUST096,,28,1,60,360.88,
2024-12,Customer,CUST097,,29,1,60,361.61,
2024-12,Customer,CUST098,,29,1,62,377.10,
2024-12,Customer,CUST099,,29,1,62,370.27,
2024-12,Customer,CUST100,,29,1,60,363.59,
2024-12,Customer,CUST101,,30,1,64,381.41,
2024-12,Customer,CUST102,,29,1,62,371.00,
2024-12,Customer,CUST103,,29,1,62,369.14,
2024-12,Customer,CUST104,,30,1,64,383.04,
2024-12,Customer,CUST105,,29,1,62,376.59,
2024-12,Customer,CUST106,,29,1,62,370.76,
2024-12,Customer,CUST107,,29,1,60,361.96,
2024-12,Customer,CUST108,,28,1,60,360.21,
2024-12,Customer,CUST109,,29,1,62,374.87,
2024-12,Customer,CUST110,,29,1,62,370.66,
2024-12,Customer,CUST111,,13,1,26,163.00,
2024-12,Customer,CUST112,,12,1,26,162.19,
2024-12,Customer,CUST113,,13,1,27,164.36,
2024-12,Customer,CUST114,,12,1,26,160.91,
2024-12,Customer,CUST115,,12,1,26,162.27,
2024-12,Customer,CUST116,,12,1,26,158.71,
2024-12,Customer,CUST117,,12,1,26,158.38,
2024-12,Customer,CUST118,,13,1,27,163.13,
2024-12,Customer,CUST119,,12,1,26,160.51,
2024-12,Customer,CUST120,,12,1,26,158.82,
2024-12,Customer,CUST121,,12,1,26,161.79,
2024-12,Customer,CUST122,,12,1,26,157.75,
2024-12,Customer,CUST123,,13,1,27,163.62,
2024-12,Customer,CUST124,,13,1,27,165.58,
2024-12,Customer,CUST125,,12,1,26,162.18,
2024-12,Customer,CUST126,,13,1,27,166.88,
2024-12,Customer,CUST127,,13,1,27,166.44,
2024-12,Customer,CUST128,,12,1,26,159.12,
2024-12,Customer,CUST129,,13,1,27,165.08,
2024-12,Customer,CUST130,,13,1,27,165.53,
2024-12,Customer,CUST131,,13,1,27,164.79,
2024-12,Customer,CUST132,,13,1,27,168.00,
2024-12,Customer,CUST133,,12,1,26,158.67,
2024-12,Customer,CUST134,,12,1,26,157.91,
2024-12,Customer,CUST135,,12,1,26,160.59,
2024-12,Customer,CUST136,,12,1,26,161.38,
2024-12,Customer,CUST137,,12,1,26,159.96,
2024-12,Customer,CUST138,,13,1,27,163.56,
2024-12,Customer,CUST139,,12,1,26,162.38,
2024-12,Customer,CUST140,,12,1,26,160.84,
2024-12,Customer,CUST141,,13,1,27,164.37,
2024-12,Customer,CUST142,,13,1,27,163.09,
2024-12,Customer,CUST143,,13,1,27,166.28,
2024-12,Customer,CUST144,,12,1,26,157.92,
2024-12,Department,,Sales,,,,,90
2024-12,Department,,Marketing,,,,,35
2024-12,Department,,Customer Success,,,,,74
2024-12,Department,,Engineering,,,,,121
2024-12,Department,,G&A,,,,,44
2025-01,Customer,CUST001,,676,58,4764,7957.35,
2025-01,Customer,CUST002,,229,6,571,2713.23,
2025-01,Customer,CUST003,,235,8,587,2787.73,
2025-01,Customer,CUST004,,240,7,596,2827.23,
2025-01,Customer,CUST005,,240,7,596,2830.11,
2025-01,Customer,CUST006,,70,1,179,854.42,
2025-01,Customer,CUST007,,70,2,181,859.62,
2025-01,Customer,CUST008,,67,2,170,811.27,
2025-01,Customer,CUST009,,69,2,175,836.33,
2025-01,Customer,CUST010,,69,2,176,837.86,
2025-01,Customer,CUST011,,70,2,177,842.02,
2025-01,Customer,CUST012,,70,2,177,847.11,
2025-01,Customer,CUST013,,69,2,172,822.31,
2025-01,Customer,CUST014,,69,2,175,833.80,
2025-01,Customer,CUST015,,67,2,172,820.88,
2025-01,Customer,CUST016,,69,2,174,830.91,
2025-01,Customer,CUST017,,67,2,170,812.98,
2025-01,Customer,CUST018,,69,2,175,835.25,
2025-01,Customer,CUST019,,69,2,175,833.66,
2025-01,Customer,CUST020,,67,2,172,820.02,
2025-01,Customer,CUST021,,69,2,176,838.27,
2025-01,Customer,CUST022,,70,2,181,860.30,
2025-01,Customer,CUST023,,69,2,176,838.18,
2025-01,Customer,CUST024,,69,2,174,831.00,
2025-01,Customer,CUST025,,69,2,172,822.31,
2025-01,Customer,CUST026,,73,2,181,865.62,
2025-01,Customer,CUST027,,70,2,177,843.78,
2025-01,Customer,CUST028,,69,2,175,832.99,
2025-01,Customer,CUST029,,70,2,179,852.07,
2025-01,Customer,CUST030,,70,2,179,856.43,
2025-01,Customer,CUST031,,69,2,173,825.70,
2025-01,Customer,CUST032,,69,2,172,822.52,
2025-01,Customer,CUST033,,69,2,175,834.19,
2025-01,Customer,CUST034,,73,2,182,865.92,
2025-01,Customer,CUST035,,69,2,173,825.06,
2025-01,Customer,CUST036,,70,2,180,857.74,
2025-01,Customer,CUST037,,67,1,172,819.71,
2025-01,Customer,CUST038,,73,2,181,863.92,
2025-01,Customer,CUST039,,69,2,176,840.48,
2025-01,Customer,CUST040,,70,2,177,842.34,
2025-01,Customer,CUST041,,70,2,177,847.43,
2025-01,Customer,CUST042,,69,1,176,838.61,
2025-01,Customer,CUST043,,73,2,181,863.53,
2025-01,Customer,CUST044,,67,2,170,810.14,
2025-01,Customer,CUST045,,73,2,181,862.39,
2025-01,Customer,CUST046,,69,2,174,828.07,
2025-01,Customer,CUST047,,69,2,174,826.43,
2025-01,Customer,CUST048,,73,2,182,867.80,
2025-01,Customer,CUST049,,67,2,172,821.22,
2025-01,Customer,CUST050,,70,2,179,849.85,
2025-01,Customer,CUST051,,36,1,96,457.71,
2025-01,Customer,CUST052,,35,1,91,437.09,
2025-01,Customer,CUST053,,35,1,94,449.86,
2025-01,Customer,CUST054,,36,1,97,463.14,
2025-01,Customer,CUST055,,35,1,91,435.04,
2025-01,Customer,CUST056,,35,1,94,448.25,
2025-01,Customer,CUST057,,35,1,94,446.07,
2025-01,Customer,CUST058,,35,1,90,433.91,
2025-01,Customer,CUST059,,35,1,92,437.13,
2025-01,Customer,CUST060,,35,1,90,434.59,
2025-01,Customer,CUST061,,35,1,92,438.17,
2025-01,Customer,CUST062,,35,1,92,443.30,
2025-01,Customer,CUST063,,36,1,96,457.87,
2025-01,Customer,CUST064,,36,1,96,458.02,
2025-01,Customer,CUST065,,35,1,94,447.93,
2025-01,Customer,CUST066,,36,1,95,455.64,
2025-01,Customer,CUST067,,35,1,90,433.55,
2025-01,Customer,CUST068,,35,1,92,437.53,
2025-01,Customer,CUST069,,36,1,96,460.60,
2025-01,Customer,CUST070,,36,1,96,458.69,
2025-01,Customer,CUST071,,35,1,90,433.97,
2025-01,Customer,CUST072,,36,1,95,455.00,
2025-01,Customer,CUST073,,36,1,96,459.74,
2025-01,Customer,CUST074,,36,1,96,459.03,
2025-01,Customer,CUST075,,35,1,92,439.42,
2025-01,Customer,CUST076,,35,1,92,437.52,
2025-01,Customer,CUST077,,36,1,94,453.14,
2025-01,Customer,CUST078,,36,1,94,451.53,
2025-01,Customer,CUST079,,35,1,92,440.99,
2025-01,Customer,CUST080,,35,1,92,438.43,
2025-01,Customer,CUST081,,36,1,94,453.17,
2025-01,Customer,CUST082,,36,1,97,463.06,
2025-01,Customer,CUST083,,35,1,92,441.70,
2025-01,Customer,CUST084,,36,1,95,456.21,
2025-01,Customer,CUST085,,35,1,92,438.29,
2025-01,Customer,CUST086,,36,1,94,452.01,
2025-01,Customer,CUST087,,35,1,94,445.97,
2025-01,Customer,CUST088,,35,1,92,438.75,
2025-01,Customer,CUST089,,36,1,94,451.36,
2025-01,Customer,CUST090,,36,1,96,459.47,
2025-01,Customer,CUST091,,36,1,96,459.47,
2025-01,Customer,CUST092,,35,1,91,436.90,
2025-01,Customer,CUST093,,35,1,92,439.50,
2025-01,Customer,CUST094,,35,1,91,436.36,
2025-01,Customer,CUST095,,36,1,96,458.64,
2025-01,Customer,CUST096,,36,1,96,459.01,
2025-01,Customer,CUST097,,36,1,96,461.76,
2025-01,Customer,CUST098,,36,1,95,454.25,
2025-01,Customer,CUST099,,35,1,90,433.33,
2025-01,Customer,CUST100,,36,1,95,456.30,
2025-01,Customer,CUST101,,35,1,94,447.02,
2025-01,Customer,CUST102,,36,1,96,461.79,
2025-01,Customer,CUST103,,35,1,92,440.15,
2025-01,Customer,CUST104,,36,1,96,461.61,
2025-01,Customer,CUST105,,35,1,90,432.70,
2025-01,Customer,CUST106,,36,1,97,463.17,
2025-01,Customer,CUST107,,36,1,97,462.87,
2025-01,Customer,CUST108,,35,1,92,438.78,
2025-01,Customer,CUST109,,36,1,96,461.07,
2025-01,Customer,CUST110,,35,1,92,441.56,
2025-01,Customer,CUST111,,15,1,41,200.47,
2025-01,Customer,CUST112,,15,1,42,202.07,
2025-01,Customer,CUST113,,15,1,41,197.90,
2025-01,Customer,CUST114,,15,1,41,200.86,
2025-01,Customer,CUST115,,15,1,41,199.11,
2025-01,Customer,CUST116,,15,1,41,199.67,
2025-01,Customer,CUST117,,14,1,39,190.00,
2025-01,Customer,CUST118,,14,1,39,191.27,
2025-01,Customer,CUST119,,14,1,39,189.33,
2025-01,Customer,CUST120,,14,1,40,194.15,
2025-01,Customer,CUST121,,14,1,39,192.16,
2025-01,Customer,CUST122,,15,1,41,200.73,
2025-01,Customer,CUST123,,15,1,41,201.12,
2025-01,Customer,CUST124,,14,1,39,189.83,
2025-01,Customer,CUST125,,14,1,40,195.38,
2025-01,Customer,CUST126,,14,1,40,193.68,
2025-01,Customer,CUST127,,15,1,41,199.68,
2025-01,Customer,CUST128,,14,1,40,195.00,
2025-01,Customer,CUST129,,15,1,41,200.13,
2025-01,Customer,CUST130,,15,1,41,200.42,
2025-01,Customer,CUST131,,14,1,39,192.23,
2025-01,Customer,CUST132,,14,1,40,193.76,
2025-01,Customer,CUST133,,15,1,41,198.00,
2025-01,Customer,CUST134,,15,1,41,200.21,
2025-01,Customer,CUST135,,14,1,39,189.76,
2025-01,Customer,CUST136,,15,1,42,202.44,
2025-01,Customer,CUST137,,15,1,41,196.96,
2025-01,Customer,CUST138,,14,1,39,190.39,
2025-01,Customer,CUST139,,15,1,41,198.77,
2025-01,Customer,CUST140,,15,1,41,197.88,
2025-01,Customer,CUST141,,15,1,41,198.16,
2025-01,Customer,CUST142,,14,1,40,193.85,
2025-01,Customer,CUST143,,14,1,39,191.51,
2025-01,Customer,CUST144,,15,1,41,201.39,
2025-01,Department,,Sales,,,,,91
2025-01,Department,,Marketing,,,,,35
2025-01,Department,,Customer Success,,,,,75
2025-01,Department,,Engineering,,,,,122
2025-01,Department,,G&A,,,,,44
2025-02,Customer,CUST001,,676,44,4767,7961.08,
2025-02,Customer,CUST002,,235,8,587,2784.30,
2025-02,Customer,CUST003,,241,7,599,2847.33,
2025-02,Customer,CUST004,,236,9,591,2806.44,
2025-02,Customer,CUST005,,247,10,616,2924.67,
2025-02,Customer,CUST006,,74,2,188,892.29,
2025-02,Customer,CUST007,,70,2,179,856.83,
2025-02,Customer,CUST008,,74,2,185,881.99,
2025-02,Customer,CUST009,,69,2,175,833.60,
2025-02,Customer,CUST010,,70,2,179,855.51,
2025-02,Customer,CUST011,,74,2,186,885.94,
2025-02,Customer,CUST012,,70,2,177,845.47,
2025-02,Customer,CUST013,,70,2,179,853.43,
2025-02,Customer,CUST014,,74,2,186,885.42,
2025-02,Customer,CUST015,,69,2,175,834.73,
2025-02,Customer,CUST016,,74,2,186,884.41,
2025-02,Customer,CUST017,,73,2,184,880.32,
2025-02,Customer,CUST018,,73,2,181,864.82,
2025-02,Customer,CUST019,,73,2,184,877.28,
2025-02,Customer,CUST020,,74,3,188,892.61,
2025-02,Customer,CUST021,,70,2,177,843.92,
2025-02,Customer,CUST022,,73,2,184,874.90,
2025-02,Customer,CUST023,,73,2,181,865.52,
2025-02,Customer,CUST024,,69,2,177,840.99,
2025-02,Customer,CUST025,,73,2,181,864.93,
2025-02,Customer,CUST026,,73,2,183,872.28,
2025-02,Customer,CUST027,,73,2,183,871.13,
2025-02,Customer,CUST028,,70,2,179,851.32,
2025-02,Customer,CUST029,,73,2,183,870.85,
2025-02,Customer,CUST030,,73,2,182,869.09,
2025-02,Customer,CUST031,,74,2,186,887.78,
2025-02,Customer,CUST032,,74,2,185,880.97,
2025-02,Customer,CUST033,,73,2,184,878.88,
2025-02,Customer,CUST034,,70,2,180,857.88,
2025-02,Customer,CUST035,,73,3,183,872.26,
2025-02,Customer,CUST036,,73,3,181,864.97,
2025-02,Customer,CUST037,,70,2,179,854.87,
2025-02,Customer,CUST038,,70,2,177,844.72,
2025-02,Customer,CUST039,,73,2,182,866.98,
2025-02,Customer,CUST040,,69,2,176,837.62,
2025-02,Customer,CUST041,,74,2,186,890.93,
2025-02,Customer,CUST042,,74,2,186,888.09,
2025-02,Customer,CUST043,,74,2,185,880.69,
2025-02,Customer,CUST044,,74,2,186,885.19,
2025-02,Customer,CUST045,,70,2,181,860.61,
2025-02,Customer,CUST046,,70,2,179,856.80,
2025-02,Customer,CUST047,,70,2,177,846.74,
2025-02,Customer,CUST048,,73,2,181,863.49,
2025-02,Customer,CUST049,,74,2,186,887.17,
2025-02,Customer,CUST050,,70,1,179,851.98,
2025-02,Customer,CUST051,,36,1,95,455.72,
2025-02,Customer,CUST052,,35,1,94,448.54,
2025-02,Customer,CUST053,,40,1,99,470.97,
2025-02,Customer,CUST054,,35,1,94,448.24,
2025-02,Customer,CUST055,,36,1,95,453.98,
2025-02,Customer,CUST056,,40,1,99,474.50,
2025-02,Customer,CUST057,,36,1,97,466.21,
2025-02,Customer,CUST058,,40,1,99,474.97,
2025-02,Customer,CUST059,,35,1,94,446.32,
2025-02,Customer,CUST060,,40,1,99,471.30,
2025-02,Customer,CUST061,,40,1,98,469.99,
2025-02,Customer,CUST062,,36,1,98,469.52,
2025-02,Customer,CUST063,,35,1,93,445.61,
2025-02,Customer,CUST064,,40,1,98,470.12,
2025-02,Customer,CUST065,,36,1,96,457.90,
2025-02,Customer,CUST066,,36,1,94,452.64,
2025-02,Customer,CUST067,,36,1,97,466.40,
2025-02,Customer,CUST068,,36,1,95,455.23,
2025-02,Customer,CUST069,,36,1,97,465.79,
2025-02,Customer,CUST070,,36,1,95,455.59,
2025-02,Customer,CUST071,,40,1,99,471.99,
2025-02,Customer,CUST072,,36,1,95,454.71,
2025-02,Customer,CUST073,,36,1,94,451.04,
2025-02,Customer,CUST074,,36,1,97,462.92,
2025-02,Customer,CUST075,,40,1,99,474.78,
2025-02,Customer,CUST076,,36,1,96,459.49,
2025-02,Customer,CUST077,,36,1,96,459.20,
2025-02,Customer,CUST078,,36,1,94,452.59,
2025-02,Customer,CUST079,,35,1,94,447.43,
2025-02,Customer,CUST080,,36,1,97,463.73,
2025-02,Customer,CUST081,,36,1,95,455.43,
2025-02,Customer,CUST082,,36,1,98,469.25,
2025-02,Customer,CUST083,,36,1,94,453.11,
2025-02,Customer,CUST084,,35,1,94,446.00,
2025-02,Customer,CUST085,,40,1,99,472.84,
2025-02,Customer,CUST086,,35,1,92,445.31,
2025-02,Customer,CUST087,,40,1,99,474.53,
2025-02,Customer,CUST088,,40,1,99,470.74,
2025-02,Customer,CUST089,,36,1,96,456.96,
2025-02,Customer,CUST090,,36,1,94,453.11,
2025-02,Customer,CUST091,,35,1,94,448.39,
2025-02,Customer,CUST092,,36,1,98,469.49,
2025-02,Customer,CUST093,,36,1,97,464.74,
2025-02,Customer,CUST094,,36,1,96,458.86,
2025-02,Customer,CUST095,,36,1,94,450.37,
2025-02,Customer,CUST096,,36,1,97,464.80,
2025-02,Customer,CUST097,,40,1,99,471.40,
2025-02,Customer,CUST098,,36,1,97,462.34,
2025-02,Customer,CUST099,,36,1,94,452.38,
2025-02,Customer,CUST100,,36,1,97,465.71,
2025-02,Customer,CUST101,,36,1,97,462.97,
2025-02,Customer,CUST102,,36,1,95,455.43,
2025-02,Customer,CUST103,,35,1,94,449.45,
2025-02,Customer,CUST104,,36,1,95,456.40,
2025-02,Customer,CUST105,,36,1,95,456.11,
2025-02,Customer,CUST106,,40,1,99,473.74,
2025-02,Customer,CUST107,,36,1,95,455.96,
2025-02,Customer,CUST108,,36,1,96,457.70,
2025-02,Customer,CUST109,,36,1,96,461.10,
2025-02,Customer,CUST110,,36,1,94,450.19,
2025-02,Customer,CUST111,,15,1,42,204.90,
2025-02,Customer,CUST112,,15,1,42,206.44,
2025-02,Customer,CUST113,,15,1,41,199.06,
2025-02,Customer,CUST114,,15,1,43,207.92,
2025-02,Customer,CUST115,,15,1,43,207.49,
2025-02,Customer,CUST116,,15,1,41,198.92,
2025-02,Customer,CUST117,,15,1,42,205.54,
2025-02,Customer,CUST118,,15,1,43,207.90,
2025-02,Customer,CUST119,,14,1,40,195.16,
2025-02,Customer,CUST120,,15,1,43,206.95,
2025-02,Customer,CUST121,,15,1,41,200.83,
2025-02,Customer,CUST122,,15,1,43,207.77,
2025-02,Customer,CUST123,,15,1,43,207.91,
2025-02,Customer,CUST124,,15,1,41,201.34,
2025-02,Customer,CUST125,,15,1,41,197.73,
2025-02,Customer,CUST126,,15,1,41,199.88,
2025-02,Customer,CUST127,,15,1,42,202.29,
2025-02,Customer,CUST128,,15,1,42,203.63,
2025-02,Customer,CUST129,,15,1,41,196.19,
2025-02,Customer,CUST130,,15,1,41,197.53,
2025-02,Customer,CUST131,,15,1,41,198.49,
2025-02,Customer,CUST132,,15,1,41,196.16,
2025-02,Customer,CUST133,,15,1,42,205.44,
2025-02,Customer,CUST134,,15,1,43,207.45,
2025-02,Customer,CUST135,,15,1,41,200.11,
2025-02,Customer,CUST136,,15,1,41,201.64,
2025-02,Customer,CUST137,,15,1,42,202.15,
2025-02,Customer,CUST138,,15,1,43,207.75,
2025-02,Customer,CUST139,,15,1,43,207.45,
2025-02,Customer,CUST140,,15,1,42,204.81,
2025-02,Customer,CUST141,,15,1,41,199.28,
2025-02,Customer,CUST142,,15,1,42,205.64,
2025-02,Customer,CUST143,,15,1,42,201.98,
2025-02,Customer,CUST144,,15,1,43,206.80,
2025-02,Department,,Sales,,,,,91
2025-02,Department,,Marketing,,,,,35
2025-02,Department,,Customer Success,,,,,75
2025-02,Department,,Engineering,,,,,122
2025-02,Department,,G&A,,,,,44
2025-03,Customer,CUST001,,700,68,4922,8222.24,
2025-03,Customer,CUST002,,253,10,630,2992.04,
2025-03,Customer,CUST003,,240,9,597,2833.11,
2025-03,Customer,CUST004,,246,8,610,2898.92,
2025-03,Customer,CUST005,,250,7,624,2958.97,
2025-03,Customer,CUST006,,70,2,179,850.60,
2025-03,Customer,CUST007,,75,2,190,902.24,
2025-03,Customer,CUST008,,70,2,180,857.71,
2025-03,Customer,CUST009,,75,2,189,900.75,
2025-03,Customer,CUST010,,74,2,188,896.36,
2025-03,Customer,CUST011,,74,2,186,890.13,
2025-03,Customer,CUST012,,73,2,181,863.92,
2025-03,Customer,CUST013,,74,2,185,881.80,
2025-03,Customer,CUST014,,74,2,186,888.26,
2025-03,Customer,CUST015,,70,2,180,857.68,
2025-03,Customer,CUST016,,74,3,185,882.20,
2025-03,Customer,CUST017,,74,2,186,888.19,
2025-03,Customer,CUST018,,70,2,179,855.19,
2025-03,Customer,CUST019,,70,2,179,850.86,
2025-03,Customer,CUST020,,70,2,179,849.05,
2025-03,Customer,CUST021,,75,2,190,906.40,
2025-03,Customer,CUST022,,73,2,184,876.76,
2025-03,Customer,CUST023,,74,2,188,898.64,
2025-03,Customer,CUST024,,70,2,181,859.15,
2025-03,Customer,CUST025,,70,2,179,855.80,
2025-03,Customer,CUST026,,73,2,184,875.12,
2025-03,Customer,CUST027,,74,2,188,892.37,
2025-03,Customer,CUST028,,74,2,188,899.12,
2025-03,Customer,CUST029,,74,2,188,898.99,
2025-03,Customer,CUST030,,74,2,186,884.82,
2025-03,Customer,CUST031,,70,2,179,852.67,
2025-03,Customer,CUST032,,75,2,191,909.69,
2025-03,Customer,CUST033,,75,3,190,905.18,
2025-03,Customer,CUST034,,70,2,179,856.15,
2025-03,Customer,CUST035,,75,2,190,905.04,
2025-03,Customer,CUST036,,70,2,179,850.77,
2025-03,Customer,CUST037,,73,2,181,862.85,
2025-03,Customer,CUST038,,73,2,183,874.20,
2025-03,Customer,CUST039,,73,2,184,874.57,
2025-03,Customer,CUST040,,73,2,183,871.32,
2025-03,Customer,CUST041,,70,2,179,854.40,
2025-03,Customer,CUST042,,74,2,188,898.14,
2025-03,Customer,CUST043,,70,2,179,857.35,
2025-03,Customer,CUST044,,73,2,183,871.92,
2025-03,Customer,CUST045,,73,2,181,861.76,
2025-03,Customer,CUST046,,74,2,188,892.67,
2025-03,Customer,CUST047,,74,2,188,898.60,
2025-03,Customer,CUST048,,75,3,190,902.48,
2025-03,Customer,CUST049,,75,2,189,901.03,
2025-03,Customer,CUST050,,75,2,191,909.96,
2025-03,Customer,CUST051,,36,1,96,461.10,
2025-03,Customer,CUST052,,40,1,99,477.19,
2025-03,Customer,CUST053,,36,1,95,456.03,
2025-03,Customer,CUST054,,40,1,101,481.67,
2025-03,Customer,CUST055,,40,1,101,480.07,
2025-03,Customer,CUST056,,40,1,101,484.75,
2025-03,Customer,CUST057,,40,1,99,475.18,
2025-03,Customer,CUST058,,36,1,96,456.66,
2025-03,Customer,CUST059,,36,1,95,454.60,
2025-03,Customer,CUST060,,40,1,98,470.35,
2025-03,Customer,CUST061,,36,1,96,459.39,
2025-03,Customer,CUST062,,36,1,97,466.32,
2025-03,Customer,CUST063,,36,1,96,461.14,
2025-03,Customer,CUST064,,36,1,96,457.90,
2025-03,Customer,CUST065,,40,1,99,476.79,
2025-03,Customer,CUST066,,40,1,99,472.81,
2025-03,Customer,CUST067,,36,1,95,456.44,
2025-03,Customer,CUST068,,36,1,94,452.93,
2025-03,Customer,CUST069,,36,1,95,453.95,
2025-03,Customer,CUST070,,40,1,99,471.80,
2025-03,Customer,CUST071,,40,1,101,480.97,
2025-03,Customer,CUST072,,36,1,98,468.09,
2025-03,Customer,CUST073,,36,1,98,468.65,
2025-03,Customer,CUST074,,36,1,98,467.65,
2025-03,Customer,CUST075,,40,1,99,477.41,
2025-03,Customer,CUST076,,36,1,95,454.30,
2025-03,Customer,CUST077,,40,1,99,476.27,
2025-03,Customer,CUST078,,36,1,97,463.56,
2025-03,Customer,CUST079,,36,1,98,467.54,
2025-03,Customer,CUST080,,40,1,101,483.66,
2025-03,Customer,CUST081,,40,1,101,484.70,
2025-03,Customer,CUST082,,36,1,98,468.35,
2025-03,Customer,CUST083,,40,1,99,477.53,
2025-03,Customer,CUST084,,36,1,97,463.34,
2025-03,Customer,CUST085,,40,1,99,472.97,
2025-03,Customer,CUST086,,36,1,98,469.01,
2025-03,Customer,CUST087,,36,1,95,456.42,
2025-03,Customer,CUST088,,40,1,101,480.27,
2025-03,Customer,CUST089,,36,1,98,467.96,
2025-03,Customer,CUST090,,40,1,98,469.72,
2025-03,Customer,CUST091,,40,1,99,476.99,
2025-03,Customer,CUST092,,40,1,99,476.68,
2025-03,Customer,CUST093,,40,1,101,481.79,
2025-03,Customer,CUST094,,40,1,100,478.95,
2025-03,Customer,CUST095,,36,1,95,454.89,
2025-03,Customer,CUST096,,40,1,101,484.13,
2025-03,Customer,CUST097,,40,1,99,473.17,
2025-03,Customer,CUST098,,36,1,96,461.16,
2025-03,Customer,CUST099,,36,1,97,462.56,
2025-03,Customer,CUST100,,36,1,95,456.20,
2025-03,Customer,CUST101,,36,1,96,461.89,
2025-03,Customer,CUST102,,40,1,98,469.99,
2025-03,Customer,CUST103,,36,1,97,463.65,
2025-03,Customer,CUST104,,36,1,97,465.44,
2025-03,Customer,CUST105,,40,1,99,476.90,
2025-03,Customer,CUST106,,36,1,98,468.79,
2025-03,Customer,CUST107,,40,1,99,478.26,
2025-03,Customer,CUST108,,40,1,101,482.35,
2025-03,Customer,CUST109,,36,1,97,467.35,
2025-03,Customer,CUST110,,40,1,99,475.94,
2025-03,Customer,CUST111,,15,1,42,206.25,
2025-03,Customer,CUST112,,15,1,42,205.41,
2025-03,Customer,CUST113,,15,1,42,203.21,
2025-03,Customer,CUST114,,15,1,42,204.51,
2025-03,Customer,CUST115,,15,1,41,198.44,
2025-03,Customer,CUST116,,15,1,42,204.11,
2025-03,Customer,CUST117,,15,1,41,198.81,
2025-03,Customer,CUST118,,15,1,41,200.73,
2025-03,Customer,CUST119,,15,1,43,208.80,
2025-03,Customer,CUST120,,15,1,41,198.47,
2025-03,Customer,CUST121,,15,1,42,206.21,
2025-03,Customer,CUST122,,15,1,41,200.96,
2025-03,Customer,CUST123,,15,1,44,211.45,
2025-03,Customer,CUST124,,15,1,41,198.47,
2025-03,Customer,CUST125,,15,1,44,211.39,
2025-03,Customer,CUST126,,15,1,43,207.03,
2025-03,Customer,CUST127,,15,1,42,205.83,
2025-03,Customer,CUST128,,15,1,42,205.49,
2025-03,Customer,CUST129,,15,1,42,202.15,
2025-03,Customer,CUST130,,15,1,42,205.92,
2025-03,Customer,CUST131,,15,1,44,210.94,
2025-03,Customer,CUST132,,15,1,43,207.63,
2025-03,Customer,CUST133,,15,1,41,200.58,
2025-03,Customer,CUST134,,15,1,43,209.29,
2025-03,Customer,CUST135,,15,1,41,198.42,
2025-03,Customer,CUST136,,15,1,42,204.70,
2025-03,Customer,CUST137,,15,1,42,204.04,
2025-03,Customer,CUST138,,15,1,44,211.66,
2025-03,Customer,CUST139,,15,1,41,200.09,
2025-03,Customer,CUST140,,15,1,42,204.16,
2025-03,Customer,CUST141,,15,1,41,199.60,
2025-03,Customer,CUST142,,15,1,42,203.37,
2025-03,Customer,CUST143,,15,1,42,206.44,
2025-03,Customer,CUST144,,15,1,43,207.23,
2025-03,Department,,Sales,,,,,91
2025-03,Department,,Marketing,,,,,35
2025-03,Department,,Customer Success,,,,,75
2025-03,Department,,Engineering,,,,,122
2025-03,Department,,G&A,,,,,44
2025-04,Customer,CUST001,,696,51,4913,8208.53,
2025-04,Customer,CUST002,,243,8,610,2895.08,
2025-04,Customer,CUST003,,255,9,638,3027.26,
2025-04,Customer,CUST004,,256,9,642,3046.66,
2025-04,Customer,CUST005,,254,10,633,3004.96,
2025-04,Customer,CUST006,,74,2,188,894.46,
2025-04,Customer,CUST007,,73,2,183,872.55,
2025-04,Customer,CUST008,,74,2,186,882.88,
2025-04,Customer,CUST009,,74,2,186,887.78,
2025-04,Customer,CUST010,,74,3,188,896.94,
2025-04,Customer,CUST011,,73,2,184,875.32,
2025-04,Customer,CUST012,,74,2,186,883.02,
2025-04,Customer,CUST013,,73,2,182,867.70,
2025-04,Customer,CUST014,,75,2,191,911.38,
2025-04,Customer,CUST015,,75,2,190,902.25,
2025-04,Customer,CUST016,,75,2,192,913.22,
2025-04,Customer,CUST017,,75,2,190,906.58,
2025-04,Customer,CUST018,,74,2,186,883.19,
2025-04,Customer,CUST019,,74,2,188,895.52,
2025-04,Customer,CUST020,,73,2,182,869.06,
2025-04,Customer,CUST021,,74,2,186,885.66,
2025-04,Customer,CUST022,,73,2,184,877.34,
2025-04,Customer,CUST023,,73,2,181,862.97,
2025-04,Customer,CUST024,,74,2,186,886.84,
2025-04,Customer,CUST025,,74,2,186,889.22,
2025-04,Customer,CUST026,,74,2,186,889.41,
2025-04,Customer,CUST027,,73,2,181,861.32,
2025-04,Customer,CUST028,,73,2,181,862.51,
2025-04,Customer,CUST029,,70,2,181,859.85,
2025-04,Customer,CUST030,,74,2,188,894.25,
2025-04,Customer,CUST031,,70,2,179,857.14,
2025-04,Customer,CUST032,,75,2,191,912.87,
2025-04,Customer,CUST033,,73,2,184,878.31,
2025-04,Customer,CUST034,,75,2,190,907.30,
2025-04,Customer,CUST035,,73,2,181,865.11,
2025-04,Customer,CUST036,,75,2,191,912.22,
2025-04,Customer,CUST037,,75,2,191,911.28,
2025-04,Customer,CUST038,,74,2,188,896.66,
2025-04,Customer,CUST039,,75,2,190,906.26,
2025-04,Customer,CUST040,,75,3,191,911.37,
2025-04,Customer,CUST041,,73,2,182,867.39,
2025-04,Customer,CUST042,,74,2,188,895.25,
2025-04,Customer,CUST043,,70,2,180,857.73,
2025-04,Customer,CUST044,,73,2,181,861.44,
2025-04,Customer,CUST045,,74,2,188,895.47,
2025-04,Customer,CUST046,,73,2,184,874.97,
2025-04,Customer,CUST047,,74,2,186,884.58,
2025-04,Customer,CUST048,,73,2,182,866.23,
2025-04,Customer,CUST049,,74,2,188,896.25,
2025-04,Customer,CUST050,,73,2,184,877.34,
2025-04,Customer,CUST051,,40,1,101,480.76,
2025-04,Customer,CUST052,,36,1,96,458.22,
2025-04,Customer,CUST053,,36,1,97,465.97,
2025-04,Customer,CUST054,,40,1,101,482.87,
2025-04,Customer,CUST055,,36,1,98,469.02,
2025-04,Customer,CUST056,,40,1,99,475.22,
2025-04,Customer,CUST057,,40,1,101,481.35,
2025-04,Customer,CUST058,,36,1,97,466.91,
2025-04,Customer,CUST059,,40,1,99,476.62,
2025-04,Customer,CUST060,,40,1,99,475.80,
2025-04,Customer,CUST061,,36,1,96,460.50,
2025-04,Customer,CUST062,,36,1,98,469.17,
2025-04,Customer,CUST063,,36,1,97,463.17,
2025-04,Customer,CUST064,,36,1,96,462.16,
2025-04,Customer,CUST065,,36,1,96,459.84,
2025-04,Customer,CUST066,,40,1,101,480.16,
2025-04,Customer,CUST067,,36,1,97,464.31,
2025-04,Customer,CUST068,,40,1,101,486.10,
2025-04,Customer,CUST069,,40,1,99,472.67,
2025-04,Customer,CUST070,,36,1,98,468.82,
2025-04,Customer,CUST071,,40,1,99,472.31,
2025-04,Customer,CUST072,,36,1,98,468.46,
2025-04,Customer,CUST073,,36,1,98,469.05,
2025-04,Customer,CUST074,,40,1,101,480.16,
2025-04,Customer,CUST075,,36,1,98,468.37,
2025-04,Customer,CUST076,,40,1,99,471.97,
2025-04,Customer,CUST077,,40,1,100,478.27,
2025-04,Customer,CUST078,,40,1,101,485.10,
2025-04,Customer,CUST079,,36,1,96,462.30,
2025-04,Customer,CUST080,,36,1,98,468.04,
2025-04,Customer,CUST081,,40,1,101,483.62,
2025-04,Customer,CUST082,,40,1,102,488.42,
2025-04,Customer,CUST083,,36,1,97,464.22,
2025-04,Customer,CUST084,,36,1,97,464.04,
2025-04,Customer,CUST085,,40,1,99,475.35,
2025-04,Customer,CUST086,,40,1,99,477.34,
2025-04,Customer,CUST087,,40,1,101,481.36,
2025-04,Customer,CUST088,,40,1,101,479.69,
2025-04,Customer,CUST089,,40,1,99,477.16,
2025-04,Customer,CUST090,,40,1,99,476.65,
2025-04,Customer,CUST091,,36,1,97,464.92,
2025-04,Customer,CUST092,,36,1,97,464.56,
2025-04,Customer,CUST093,,40,1,101,481.06,
2025-04,Customer,CUST094,,40,1,101,482.40,
2025-04,Customer,CUST095,,40,1,99,476.12,
2025-04,Customer,CUST096,,40,1,99,475.10,
2025-04,Customer,CUST097,,36,1,97,463.43,
2025-04,Customer,CUST098,,40,1,99,477.88,
2025-04,Customer,CUST099,,40,1,101,481.38,
2025-04,Customer,CUST100,,40,1,101,485.53,
2025-04,Customer,CUST101,,40,1,99,473.13,
2025-04,Customer,CUST102,,36,1,97,464.48,
2025-04,Customer,CUST103,,40,1,102,488.61,
2025-04,Customer,CUST104,,40,1,102,488.49,
2025-04,Customer,CUST105,,40,1,101,479.22,
2025-04,Customer,CUST106,,36,1,96,456.92,
2025-04,Customer,CUST107,,40,1,100,478.92,
2025-04,Customer,CUST108,,40,1,99,473.57,
2025-04,Customer,CUST109,,40,1,101,485.05,
2025-04,Customer,CUST110,,36,1,95,456.37,
2025-04,Customer,CUST111,,15,1,42,202.47,
2025-04,Customer,CUST112,,15,1,42,204.20,
2025-04,Customer,CUST113,,15,1,41,200.21,
2025-04,Customer,CUST114,,15,1,41,200.93,
2025-04,Customer,CUST115,,15,1,43,209.44,
2025-04,Customer,CUST116,,15,1,44,210.71,
2025-04,Customer,CUST117,,15,1,41,200.77,
2025-04,Customer,CUST118,,15,1,41,200.53,
2025-04,Customer,CUST119,,15,1,42,204.06,
2025-04,Customer,CUST120,,15,1,44,212.09,
2025-04,Customer,CUST121,,15,1,41,200.74,
2025-04,Customer,CUST122,,15,1,41,200.77,
2025-04,Customer,CUST123,,15,1,43,209.40,
2025-04,Customer,CUST124,,15,1,41,201.73,
2025-04,Customer,CUST125,,15,1,41,200.06,
2025-04,Customer,CUST126,,15,1,44,213.54,
2025-04,Customer,CUST127,,15,1,42,206.38,
2025-04,Customer,CUST128,,15,1,42,204.91,
2025-04,Customer,CUST129,,15,1,44,212.68,
2025-04,Customer,CUST130,,15,1,43,208.75,
2025-04,Customer,CUST131,,15,1,44,213.37,
2025-04,Customer,CUST132,,15,1,41,200.16,
2025-04,Customer,CUST133,,15,1,44,210.70,
2025-04,Customer,CUST134,,15,1,44,210.16,
2025-04,Customer,CUST135,,15,1,42,204.52,
2025-04,Customer,CUST136,,15,1,42,202.68,
2025-04,Customer,CUST137,,15,1,44,212.66,
2025-04,Customer,CUST138,,15,1,42,205.24,
2025-04,Customer,CUST139,,15,1,42,203.37,
2025-04,Customer,CUST140,,15,1,43,207.49,
2025-04,Customer,CUST141,,15,1,44,212.90,
2025-04,Customer,CUST142,,15,1,44,212.61,
2025-04,Customer,CUST143,,15,1,43,208.62,
2025-04,Customer,CUST144,,15,1,44,212.54,
2025-04,Department,,Sales,,,,,91
2025-04,Department,,Marketing,,,,,35
2025-04,Department,,Customer Success,,,,,75
2025-04,Department,,Engineering,,,,,123
2025-04,Department,,G&A,,,,,44
2025-05,Customer,CUST001,,701,51,4941,8253.63,
2025-05,Customer,CUST002,,253,8,626,2973.95,
2025-05,Customer,CUST003,,243,9,608,2886.88,
2025-05,Customer,CUST004,,253,10,627,2975.87,
2025-05,Customer,CUST005,,253,8,630,2990.64,
2025-05,Customer,CUST006,,74,2,186,883.57,
2025-05,Customer,CUST007,,70,2,179,851.66,
2025-05,Customer,CUST008,,74,2,186,886.31,
2025-05,Customer,CUST009,,75,2,190,903.76,
2025-05,Customer,CUST010,,75,2,189,900.49,
2025-05,Customer,CUST011,,70,2,181,858.83,
2025-05,Customer,CUST012,,70,2,179,857.36,
2025-05,Customer,CUST013,,73,2,184,874.45,
2025-05,Customer,CUST014,,73,2,181,863.63,
2025-05,Customer,CUST015,,73,2,181,862.71,
2025-05,Customer,CUST016,,74,2,187,891.04,
2025-05,Customer,CUST017,,73,2,183,874.00,
2025-05,Customer,CUST018,,74,2,188,898.61,
2025-05,Customer,CUST019,,74,2,188,894.41,
2025-05,Customer,CUST020,,73,2,184,878.99,
2025-05,Customer,CUST021,,75,2,190,907.76,
2025-05,Customer,CUST022,,74,2,188,897.28,
2025-05,Customer,CUST023,,74,2,188,897.41,
2025-05,Customer,CUST024,,75,2,190,907.39,
2025-05,Customer,CUST025,,75,2,189,900.74,
2025-05,Customer,CUST026,,73,2,182,868.21,
2025-05,Customer,CUST027,,70,2,181,858.70,
2025-05,Customer,CUST028,,73,3,181,861.70,
2025-05,Customer,CUST029,,75,2,189,901.76,
2025-05,Customer,CUST030,,74,2,186,884.48,
2025-05,Customer,CUST031,,73,2,181,861.67,
2025-05,Customer,CUST032,,74,2,188,895.59,
2025-05,Customer,CUST033,,74,2,188,898.64,
2025-05,Customer,CUST034,,74,2,186,884.95,
2025-05,Customer,CUST035,,73,2,181,863.85,
2025-05,Customer,CUST036,,70,2,179,849.21,
2025-05,Customer,CUST037,,75,2,190,903.24,
2025-05,Customer,CUST038,,73,2,182,868.92,
2025-05,Customer,CUST039,,75,2,189,901.29,
2025-05,Customer,CUST040,,73,2,181,861.57,
2025-05,Customer,CUST041,,73,2,181,862.39,
2025-05,Customer,CUST042,,73,2,181,863.77,
2025-05,Customer,CUST043,,74,2,188,898.29,
2025-05,Customer,CUST044,,75,2,191,909.78,
2025-05,Customer,CUST045,,75,3,189,900.38,
2025-05,Customer,CUST046,,75,2,191,909.89,
2025-05,Customer,CUST047,,73,2,184,877.01,
2025-05,Customer,CUST048,,74,3,188,892.36,
2025-05,Customer,CUST049,,73,2,182,867.60,
2025-05,Customer,CUST050,,74,2,186,889.87,
2025-05,Customer,CUST051,,36,1,96,458.00,
2025-05,Customer,CUST052,,40,1,99,477.00,
2025-05,Customer,CUST053,,36,1,98,467.85,
2025-05,Customer,CUST054,,40,1,101,480.66,
2025-05,Customer,CUST055,,40,1,101,483.65,
2025-05,Customer,CUST056,,36,1,97,462.49,
2025-05,Customer,CUST057,,36,1,95,456.02,
2025-05,Customer,CUST058,,40,1,99,477.19,
2025-05,Customer,CUST059,,36,1,96,460.22,
2025-05,Customer,CUST060,,36,1,97,466.45,
2025-05,Customer,CUST061,,36,1,96,459.79,
2025-05,Customer,CUST062,,40,1,99,477.77,
2025-05,Customer,CUST063,,36,1,95,453.98,
2025-05,Customer,CUST064,,40,1,99,473.09,
2025-05,Customer,CUST065,,40,1,99,475.61,
2025-05,Customer,CUST066,,40,1,101,484.68,
2025-05,Customer,CUST067,,36,1,96,461.38,
2025-05,Customer,CUST068,,36,1,98,468.86,
2025-05,Customer,CUST069,,40,1,99,472.24,
2025-05,Customer,CUST070,,36,1,94,453.12,
2025-05,Customer,CUST071,,36,1,95,455.82,
2025-05,Customer,CUST072,,36,1,96,462.12,
2025-05,Customer,CUST073,,36,1,96,456.94,
2025-05,Customer,CUST074,,40,1,101,479.70,
2025-05,Customer,CUST075,,36,1,96,456.68,
2025-05,Customer,CUST076,,36,1,96,460.44,
2025-05,Customer,CUST077,,40,1,99,475.12,
2025-05,Customer,CUST078,,36,1,96,457.02,
2025-05,Customer,CUST079,,36,1,96,462.04,
2025-05,Customer,CUST080,,36,1,97,464.55,
2025-05,Customer,CUST081,,40,1,99,473.40,
2025-05,Customer,CUST082,,40,1,99,471.60,
2025-05,Customer,CUST083,,36,1,97,462.87,
2025-05,Customer,CUST084,,36,1,97,464.56,
2025-05,Customer,CUST085,,36,1,97,465.18,
2025-05,Customer,CUST086,,40,1,99,478.25,
2025-05,Customer,CUST087,,36,1,97,465.83,
2025-05,Customer,CUST088,,40,1,99,472.63,
2025-05,Customer,CUST089,,40,1,99,474.42,
2025-05,Customer,CUST090,,40,1,99,475.16,
2025-05,Customer,CUST091,,40,1,99,475.19,
2025-05,Customer,CUST092,,40,1,99,477.89,
2025-05,Customer,CUST093,,36,1,95,456.06,
2025-05,Customer,CUST094,,36,1,96,456.66,
2025-05,Customer,CUST095,,36,1,96,458.88,
2025-05,Customer,CUST096,,40,1,101,483.37,
2025-05,Customer,CUST097,,36,1,96,459.81,
2025-05,Customer,CUST098,,36,1,97,466.98,
2025-05,Customer,CUST099,,40,1,98,470.39,
2025-05,Customer,CUST100,,36,1,97,466.99,
2025-05,Customer,CUST101,,40,1,99,474.29,
2025-05,Customer,CUST102,,40,1,98,470.09,
2025-05,Customer,CUST103,,36,1,96,461.77,
2025-05,Customer,CUST104,,36,1,97,467.08,
2025-05,Customer,CUST105,,36,1,97,464.30,
2025-05,Customer,CUST106,,36,1,96,459.61,
2025-05,Customer,CUST107,,40,1,99,473.96,
2025-05,Customer,CUST108,,40,1,99,471.93,
2025-05,Customer,CUST109,,36,1,95,454.64,
2025-05,Customer,CUST110,,36,1,98,468.22,
2025-05,Customer,CUST111,,15,1,41,200.60,
2025-05,Customer,CUST112,,15,1,42,202.08,
2025-05,Customer,CUST113,,15,1,43,208.62,
2025-05,Customer,CUST114,,15,1,41,201.68,
2025-05,Customer,CUST115,,15,1,44,210.81,
2025-05,Customer,CUST116,,15,1,41,200.60,
2025-05,Customer,CUST117,,15,1,42,203.51,
2025-05,Customer,CUST118,,15,1,42,203.03,
2025-05,Customer,CUST119,,15,1,41,200.76,
2025-05,Customer,CUST120,,15,1,44,211.99,
2025-05,Customer,CUST121,,15,1,44,211.48,
2025-05,Customer,CUST122,,15,1,41,198.43,
2025-05,Customer,CUST123,,15,1,42,203.46,
2025-05,Customer,CUST124,,15,1,42,205.06,
2025-05,Customer,CUST125,,15,1,43,208.08,
2025-05,Customer,CUST126,,15,1,43,210.01,
2025-05,Customer,CUST127,,15,1,42,202.92,
2025-05,Customer,CUST128,,15,1,42,202.08,
2025-05,Customer,CUST129,,15,1,43,208.02,
2025-05,Customer,CUST130,,15,1,41,198.95,
2025-05,Customer,CUST131,,15,1,42,201.97,
2025-05,Customer,CUST132,,15,1,43,208.61,
2025-05,Customer,CUST133,,15,1,44,211.81,
2025-05,Customer,CUST134,,15,1,44,211.18,
2025-05,Customer,CUST135,,15,1,41,198.44,
2025-05,Customer,CUST136,,15,1,42,203.45,
2025-05,Customer,CUST137,,15,1,41,201.17,
2025-05,Customer,CUST138,,15,1,41,201.61,
2025-05,Customer,CUST139,,15,1,41,199.96,
2025-05,Customer,CUST140,,15,1,41,199.29,
2025-05,Customer,CUST141,,15,1,42,205.74,
2025-05,Customer,CUST142,,15,1,44,210.26,
2025-05,Customer,CUST143,,15,1,43,207.45,
2025-05,Customer,CUST144,,15,1,44,210.98,
2025-05,Department,,Sales,,,,,92
2025-05,Department,,Marketing,,,,,36
2025-05,Department,,Customer Success,,,,,76
2025-05,Department,,Engineering,,,,,123
2025-05,Department,,G&A,,,,,44
2025-06,Customer,CUST001,,713,47,5031,8402.78,
2025-06,Customer,CUST002,,249,9,622,2952.05,
2025-06,Customer,CUST003,,242,7,602,2858.28,
2025-06,Customer,CUST004,,247,7,616,2924.22,
2025-06,Customer,CUST005,,249,8,619,2940.01,
2025-06,Customer,CUST006,,74,2,185,881.18,
2025-06,Customer,CUST007,,73,2,182,866.61,
2025-06,Customer,CUST008,,69,2,176,839.60,
2025-06,Customer,CUST009,,70,2,177,846.93,
2025-06,Customer,CUST010,,73,2,181,865.34,
2025-06,Customer,CUST011,,73,3,183,870.44,
2025-06,Customer,CUST012,,73,2,182,868.43,
2025-06,Customer,CUST013,,74,2,188,891.89,
2025-06,Customer,CUST014,,73,2,182,866.53,
2025-06,Customer,CUST015,,74,2,185,881.88,
2025-06,Customer,CUST016,,70,2,177,845.21,
2025-06,Customer,CUST017,,70,2,177,844.90,
2025-06,Customer,CUST018,,69,2,175,834.88,
2025-06,Customer,CUST019,,73,2,182,869.01,
2025-06,Customer,CUST020,,70,2,177,845.71,
2025-06,Customer,CUST021,,70,2,179,856.52,
2025-06,Customer,CUST022,,73,2,184,878.77,
2025-06,Customer,CUST023,,70,2,179,850.01,
2025-06,Customer,CUST024,,74,2,185,882.50,
2025-06,Customer,CUST025,,73,2,182,867.53,
2025-06,Customer,CUST026,,70,2,181,858.91,
2025-06,Customer,CUST027,,73,2,182,867.37,
2025-06,Customer,CUST028,,74,2,186,883.89,
2025-06,Customer,CUST029,,74,2,185,881.04,
2025-06,Customer,CUST030,,70,2,181,860.29,
2025-06,Customer,CUST031,,70,2,179,851.22,
2025-06,Customer,CUST032,,69,1,176,838.38,
2025-06,Customer,CUST033,,70,2,177,842.44,
2025-06,Customer,CUST034,,70,2,181,858.78,
2025-06,Customer,CUST035,,73,2,183,870.97,
2025-06,Customer,CUST036,,74,2,186,885.72,
2025-06,Customer,CUST037,,70,2,179,854.21,
2025-06,Customer,CUST038,,73,2,184,874.40,
2025-06,Customer,CUST039,,69,2,175,836.90,
2025-06,Customer,CUST040,,73,2,182,868.13,
2025-06,Customer,CUST041,,69,2,176,838.18,
2025-06,Customer,CUST042,,70,2,180,858.47,
2025-06,Customer,CUST043,,74,2,186,886.08,
2025-06,Customer,CUST044,,69,2,175,833.28,
2025-06,Customer,CUST045,,70,2,177,842.34,
2025-06,Customer,CUST046,,73,2,182,866.62,
2025-06,Customer,CUST047,,70,1,179,849.19,
2025-06,Customer,CUST048,,73,2,182,868.77,
2025-06,Customer,CUST049,,73,2,181,862.50,
2025-06,Customer,CUST050,,73,2,181,865.07,
2025-06,Customer,CUST051,,40,1,99,474.12,
2025-06,Customer,CUST052,,35,1,92,444.15,
2025-06,Customer,CUST053,,36,1,96,458.67,
2025-06,Customer,CUST054,,36,1,95,456.40,
2025-06,Customer,CUST055,,36,1,94,453.62,
2025-06,Customer,CUST056,,35,1,94,446.86,
2025-06,Customer,CUST057,,36,1,96,456.78,
2025-06,Customer,CUST058,,40,1,98,469.64,
2025-06,Customer,CUST059,,36,1,94,450.80,
2025-06,Customer,CUST060,,35,1,94,447.35,
2025-06,Customer,CUST061,,36,1,94,450.97,
2025-06,Customer,CUST062,,36,1,94,450.57,
2025-06,Customer,CUST063,,36,1,94,452.12,
2025-06,Customer,CUST064,,35,1,94,446.97,
2025-06,Customer,CUST065,,36,1,96,458.60,
2025-06,Customer,CUST066,,35,1,94,445.76,
2025-06,Customer,CUST067,,35,1,92,445.34,
2025-06,Customer,CUST068,,36,1,96,457.85,
2025-06,Customer,CUST069,,35,1,94,446.85,
2025-06,Customer,CUST070,,40,1,98,470.18,
2025-06,Customer,CUST071,,40,1,98,469.69,
2025-06,Customer,CUST072,,36,1,96,458.84,
2025-06,Customer,CUST073,,35,1,92,444.85,
2025-06,Customer,CUST074,,40,1,98,470.12,
2025-06,Customer,CUST075,,35,1,94,448.85,
2025-06,Customer,CUST076,,40,1,98,470.61,
2025-06,Customer,CUST077,,36,1,97,465.34,
2025-06,Customer,CUST078,,40,1,99,471.06,
2025-06,Customer,CUST079,,36,1,96,457.14,
2025-06,Customer,CUST080,,36,1,96,459.16,
2025-06,Customer,CUST081,,36,1,95,455.67,
2025-06,Customer,CUST082,,40,1,99,471.71,
2025-06,Customer,CUST083,,36,1,96,460.79,
2025-06,Customer,CUST084,,36,1,94,453.70,
2025-06,Customer,CUST085,,36,1,98,469.37,
2025-06,Customer,CUST086,,35,1,94,448.81,
2025-06,Customer,CUST087,,36,1,97,465.27,
2025-06,Customer,CUST088,,40,1,99,473.13,
2025-06,Customer,CUST089,,40,1,99,471.35,
2025-06,Customer,CUST090,,36,1,94,453.30,
2025-06,Customer,CUST091,,36,1,94,453.23,
2025-06,Customer,CUST092,,35,1,94,447.64,
2025-06,Customer,CUST093,,36,1,94,450.25,
2025-06,Customer,CUST094,,36,1,98,468.46,
2025-06,Customer,CUST095,,35,1,92,444.35,
2025-06,Customer,CUST096,,36,1,94,450.19,
2025-06,Customer,CUST097,,36,1,94,453.19,
2025-06,Customer,CUST098,,40,1,99,471.33,
2025-06,Customer,CUST099,,40,1,99,472.33,
2025-06,Customer,CUST100,,36,1,95,456.33,
2025-06,Customer,CUST101,,36,1,97,463.34,
2025-06,Customer,CUST102,,40,1,99,471.10,
2025-06,Customer,CUST103,,40,1,99,475.31,
2025-06,Customer,CUST104,,36,1,95,454.51,
2025-06,Customer,CUST105,,36,1,95,454.95,
2025-06,Customer,CUST106,,36,1,97,464.41,
2025-06,Customer,CUST107,,36,1,98,468.82,
2025-06,Customer,CUST108,,36,1,94,453.26,
2025-06,Customer,CUST109,,40,1,99,471.34,
2025-06,Customer,CUST110,,36,1,97,464.40,
2025-06,Customer,CUST111,,14,1,40,195.06,
2025-06,Customer,CUST112,,15,1,41,198.91,
2025-06,Customer,CUST113,,15,1,41,198.57,
2025-06,Customer,CUST114,,15,1,41,197.76,
2025-06,Customer,CUST115,,15,1,42,206.32,
2025-06,Customer,CUST116,,15,1,41,201.49,
2025-06,Customer,CUST117,,15,1,41,197.10,
2025-06,Customer,CUST118,,15,1,41,198.48,
2025-06,Customer,CUST119,,15,1,42,203.85,
2025-06,Customer,CUST120,,15,1,41,200.65,
2025-06,Customer,CUST121,,15,1,41,201.70,
2025-06,Customer,CUST122,,15,1,42,201.98,
2025-06,Customer,CUST123,,15,1,42,203.48,
2025-06,Customer,CUST124,,15,1,43,207.00,
2025-06,Customer,CUST125,,15,1,41,196.21,
2025-06,Customer,CUST126,,15,1,41,200.94,
2025-06,Customer,CUST127,,15,1,42,205.93,
2025-06,Customer,CUST128,,15,1,41,198.00,
2025-06,Customer,CUST129,,15,1,41,199.77,
2025-06,Customer,CUST130,,15,1,42,204.84,
2025-06,Customer,CUST131,,15,1,42,204.21,
2025-06,Customer,CUST132,,15,1,42,202.56,
2025-06,Customer,CUST133,,15,1,42,205.33,
2025-06,Customer,CUST134,,15,1,41,198.98,
2025-06,Customer,CUST135,,15,1,43,208.22,
2025-06,Customer,CUST136,,15,1,41,198.29,
2025-06,Customer,CUST137,,15,1,41,198.91,
2025-06,Customer,CUST138,,15,1,42,202.90,
2025-06,Customer,CUST139,,15,1,42,202.46,
2025-06,Customer,CUST140,,15,1,43,207.59,
2025-06,Customer,CUST141,,15,1,42,203.06,
2025-06,Customer,CUST142,,15,1,42,204.11,
2025-06,Customer,CUST143,,15,1,41,196.17,
2025-06,Customer,CUST144,,15,1,41,197.67,
2025-06,Department,,Sales,,,,,92
2025-06,Department,,Marketing,,,,,36
2025-06,Department,,Customer Success,,,,,76
2025-06,Department,,Engineering,,,,,123
2025-06,Department,,G&A,,,,,44
2025-07,Customer,CUST001,,683,56,4818,8049.21,
2025-07,Customer,CUST002,,233,8,578,2741.96,
2025-07,Customer,CUST003,,240,9,594,2818.58,
2025-07,Customer,CUST004,,235,9,589,2795.02,
2025-07,Customer,CUST005,,235,9,585,2780.87,
2025-07,Customer,CUST006,,69,2,174,830.68,
2025-07,Customer,CUST007,,70,1,180,857.46,
2025-07,Customer,CUST008,,70,2,177,843.05,
2025-07,Customer,CUST009,,70,2,177,846.82,
2025-07,Customer,CUST010,,69,2,174,829.30,
2025-07,Customer,CUST011,,70,2,181,860.60,
2025-07,Customer,CUST012,,73,2,181,863.64,
2025-07,Customer,CUST013,,73,2,181,862.32,
2025-07,Customer,CUST014,,70,2,177,841.87,
2025-07,Customer,CUST015,,70,2,179,855.07,
2025-07,Customer,CUST016,,70,2,181,860.09,
2025-07,Customer,CUST017,,69,2,174,829.66,
2025-07,Customer,CUST018,,70,2,179,850.00,
2025-07,Customer,CUST019,,70,2,177,842.26,
2025-07,Customer,CUST020,,73,2,181,861.63,
2025-07,Customer,CUST021,,67,2,170,810.73,
2025-07,Customer,CUST022,,69,2,174,830.52,
2025-07,Customer,CUST023,,70,2,177,844.99,
2025-07,Customer,CUST024,,67,2,172,817.61,
2025-07,Customer,CUST025,,67,2,172,816.22,
2025-07,Customer,CUST026,,69,2,173,823.79,
2025-07,Customer,CUST027,,69,2,175,835.04,
2025-07,Customer,CUST028,,70,2,177,847.78,
2025-07,Customer,CUST029,,73,2,182,867.74,
2025-07,Customer,CUST030,,69,2,174,830.62,
2025-07,Customer,CUST031,,73,2,181,862.44,
2025-07,Customer,CUST032,,69,2,174,831.24,
2025-07,Customer,CUST033,,69,2,175,834.84,
2025-07,Customer,CUST034,,73,2,181,861.74,
2025-07,Customer,CUST035,,67,2,172,820.10,
2025-07,Customer,CUST036,,73,2,181,861.95,
2025-07,Customer,CUST037,,70,2,179,852.55,
2025-07,Customer,CUST038,,70,2,178,848.31,
2025-07,Customer,CUST039,,67,2,172,816.21,
2025-07,Customer,CUST040,,69,2,175,833.78,
2025-07,Customer,CUST041,,69,2,175,836.07,
2025-07,Customer,CUST042,,69,2,174,828.07,
2025-07,Customer,CUST043,,69,2,175,834.26,
2025-07,Customer,CUST044,,70,2,177,846.33,
2025-07,Customer,CUST045,,70,2,179,854.68,
2025-07,Customer,CUST046,,70,2,181,859.94,
2025-07,Customer,CUST047,,70,2,179,856.89,
2025-07,Customer,CUST048,,70,2,177,844.86,
2025-07,Customer,CUST049,,70,2,180,857.71,
2025-07,Customer,CUST050,,70,2,179,852.85,
2025-07,Customer,CUST051,,36,1,96,457.54,
2025-07,Customer,CUST052,,36,1,96,461.97,
2025-07,Customer,CUST053,,36,1,94,453.74,
2025-07,Customer,CUST054,,35,1,94,448.93,
2025-07,Customer,CUST055,,36,1,96,460.20,
2025-07,Customer,CUST056,,36,1,95,455.70,
2025-07,Customer,CUST057,,35,1,92,443.63,
2025-07,Customer,CUST058,,35,1,92,439.30,
2025-07,Customer,CUST059,,35,1,94,447.61,
2025-07,Customer,CUST060,,36,1,95,454.14,
2025-07,Customer,CUST061,,36,1,94,453.45,
2025-07,Customer,CUST062,,36,1,96,458.01,
2025-07,Customer,CUST063,,36,1,96,460.37,
2025-07,Customer,CUST064,,35,1,91,436.93,
2025-07,Customer,CUST065,,36,1,94,451.43,
2025-07,Customer,CUST066,,35,1,94,447.97,
2025-07,Customer,CUST067,,35,1,92,444.17,
2025-07,Customer,CUST068,,36,1,96,459.16,
2025-07,Customer,CUST069,,36,1,95,455.44,
2025-07,Customer,CUST070,,36,1,97,462.78,
2025-07,Customer,CUST071,,35,1,92,438.40,
2025-07,Customer,CUST072,,35,1,91,437.10,
2025-07,Customer,CUST073,,35,1,91,435.46,
2025-07,Customer,CUST074,,35,1,90,432.23,
2025-07,Customer,CUST075,,36,1,94,453.17,
2025-07,Customer,CUST076,,35,1,94,449.14,
2025-07,Customer,CUST077,,35,1,92,440.32,
2025-07,Customer,CUST078,,35,1,92,437.28,
2025-07,Customer,CUST079,,36,1,96,462.30,
2025-07,Customer,CUST080,,36,1,96,460.04,
2025-07,Customer,CUST081,,36,1,96,460.60,
2025-07,Customer,CUST082,,35,1,92,438.39,
2025-07,Customer,CUST083,,36,1,96,456.59,
2025-07,Customer,CUST084,,36,1,96,457.44,
2025-07,Customer,CUST085,,36,1,94,452.24,
2025-07,Customer,CUST086,,36,1,97,462.36,
2025-07,Customer,CUST087,,36,1,94,452.89,
2025-07,Customer,CUST088,,35,1,92,444.89,
2025-07,Customer,CUST089,,35,1,90,434.38,
2025-07,Customer,CUST090,,35,1,91,434.89,
2025-07,Customer,CUST091,,36,1,95,455.23,
2025-07,Customer,CUST092,,35,1,92,443.00,
2025-07,Customer,CUST093,,35,1,92,441.50,
2025-07,Customer,CUST094,,36,1,96,456.96,
2025-07,Customer,CUST095,,35,1,90,433.80,
2025-07,Customer,CUST096,,36,1,96,460.26,
2025-07,Customer,CUST097,,36,1,96,460.93,
2025-07,Customer,CUST098,,35,1,94,445.93,
2025-07,Customer,CUST099,,35,1,92,441.89,
2025-07,Customer,CUST100,,35,1,92,441.49,
2025-07,Customer,CUST101,,35,1,90,432.66,
2025-07,Customer,CUST102,,36,1,96,459.54,
2025-07,Customer,CUST103,,35,1,90,432.84,
2025-07,Customer,CUST104,,35,1,91,436.89,
2025-07,Customer,CUST105,,35,1,92,442.80,
2025-07,Customer,CUST106,,35,1,92,442.90,
2025-07,Customer,CUST107,,35,1,94,447.96,
2025-07,Customer,CUST108,,35,1,91,436.78,
2025-07,Customer,CUST109,,35,1,94,449.71,
2025-07,Customer,CUST110,,35,1,91,436.50,
2025-07,Customer,CUST111,,14,1,40,194.12,
2025-07,Customer,CUST112,,15,1,42,202.58,
2025-07,Customer,CUST113,,15,1,41,199.25,
2025-07,Customer,CUST114,,14,1,39,189.47,
2025-07,Customer,CUST115,,15,1,41,197.95,
2025-07,Customer,CUST116,,15,1,41,197.07,
2025-07,Customer,CUST117,,15,1,41,200.04,
2025-07,Customer,CUST118,,14,1,39,189.27,
2025-07,Customer,CUST119,,15,1,41,199.31,
2025-07,Customer,CUST120,,14,1,39,192.23,
2025-07,Customer,CUST121,,14,1,39,192.26,
2025-07,Customer,CUST122,,15,1,41,195.78,
2025-07,Customer,CUST123,,14,1,40,194.29,
2025-07,Customer,CUST124,,15,1,41,197.94,
2025-07,Customer,CUST125,,15,1,41,198.14,
2025-07,Customer,CUST126,,14,1,39,190.10,
2025-07,Customer,CUST127,,15,1,41,199.29,
2025-07,Customer,CUST128,,15,1,41,200.72,
2025-07,Customer,CUST129,,15,1,41,199.89,
2025-07,Customer,CUST130,,14,1,39,191.17,
2025-07,Customer,CUST131,,15,1,41,201.05,
2025-07,Customer,CUST132,,15,1,41,198.62,
2025-07,Customer,CUST133,,14,1,39,192.91,
2025-07,Customer,CUST134,,15,1,41,197.05,
2025-07,Customer,CUST135,,15,1,41,197.50,
2025-07,Customer,CUST136,,15,1,41,196.09,
2025-07,Customer,CUST137,,15,1,41,199.91,
2025-07,Customer,CUST138,,15,1,41,200.81,
2025-07,Customer,CUST139,,14,1,40,195.21,
2025-07,Customer,CUST140,,14,1,39,191.48,
2025-07,Customer,CUST141,,15,1,41,200.72,
2025-07,Customer,CUST142,,14,1,39,193.20,
2025-07,Customer,CUST143,,15,1,41,200.92,
2025-07,Customer,CUST144,,15,1,41,197.99,
2025-07,Department,,Sales,,,,,92
2025-07,Department,,Marketing,,,,,36
2025-07,Department,,Customer Success,,,,,76
2025-07,Department,,Engineering,,,,,124
2025-07,Department,,G&A,,,,,44
2025-08,Customer,CUST001,,632,49,4457,7445.66,
2025-08,Customer,CUST002,,230,7,574,2724.81,
2025-08,Customer,CUST003,,234,7,581,2760.72,
2025-08,Customer,CUST004,,222,6,555,2638.59,
2025-08,Customer,CUST005,,233,8,580,2751.58,
2025-08,Customer,CUST006,,67,2,172,817.46,
2025-08,Customer,CUST007,,67,2,172,818.65,
2025-08,Customer,CUST008,,66,2,168,799.16,
2025-08,Customer,CUST009,,69,2,176,838.70,
2025-08,Customer,CUST010,,67,2,169,806.64,
2025-08,Customer,CUST011,,67,2,172,821.05,
2025-08,Customer,CUST012,,69,2,173,824.10,
2025-08,Customer,CUST013,,66,2,168,798.65,
2025-08,Customer,CUST014,,67,1,172,819.14,
2025-08,Customer,CUST015,,67,2,172,818.94,
2025-08,Customer,CUST016,,67,2,170,811.35,
2025-08,Customer,CUST017,,69,2,174,827.33,
2025-08,Customer,CUST018,,69,2,173,825.41,
2025-08,Customer,CUST019,,67,2,168,802.82,
2025-08,Customer,CUST020,,69,2,175,836.80,
2025-08,Customer,CUST021,,69,2,174,831.11,
2025-08,Customer,CUST022,,67,2,170,814.04,
2025-08,Customer,CUST023,,66,2,166,791.09,
2025-08,Customer,CUST024,,66,2,166,792.72,
2025-08,Customer,CUST025,,69,2,173,825.10,
2025-08,Customer,CUST026,,67,2,168,803.44,
2025-08,Customer,CUST027,,69,1,173,824.90,
2025-08,Customer,CUST028,,70,1,177,844.13,
2025-08,Customer,CUST029,,67,2,170,813.86,
2025-08,Customer,CUST030,,67,2,170,808.14,
2025-08,Customer,CUST031,,69,2,175,833.63,
2025-08,Customer,CUST032,,67,1,168,802.95,
2025-08,Customer,CUST033,,66,2,165,789.54,
2025-08,Customer,CUST034,,69,2,176,839.15,
2025-08,Customer,CUST035,,69,2,174,828.86,
2025-08,Customer,CUST036,,66,2,167,794.41,
2025-08,Customer,CUST037,,67,2,169,806.25,
2025-08,Customer,CUST038,,66,2,167,793.64,
2025-08,Customer,CUST039,,69,1,172,821.90,
2025-08,Customer,CUST040,,67,2,172,817.56,
2025-08,Customer,CUST041,,69,2,173,824.75,
2025-08,Customer,CUST042,,69,2,174,829.85,
2025-08,Customer,CUST043,,66,1,167,795.70,
2025-08,Customer,CUST044,,66,1,168,799.38,
2025-08,Customer,CUST045,,67,2,170,814.55,
2025-08,Customer,CUST046,,67,2,170,813.79,
2025-08,Customer,CUST047,,66,1,166,791.33,
2025-08,Customer,CUST048,,69,2,175,836.36,
2025-08,Customer,CUST049,,67,2,168,802.43,
2025-08,Customer,CUST050,,66,2,165,789.43,
2025-08,Customer,CUST051,,35,1,90,434.01,
2025-08,Customer,CUST052,,35,1,92,440.16,
2025-08,Customer,CUST053,,35,1,92,440.71,
2025-08,Customer,CUST054,,35,1,92,438.59,
2025-08,Customer,CUST055,,34,1,88,421.75,
2025-08,Customer,CUST056,,35,1,94,446.59,
2025-08,Customer,CUST057,,34,1,90,430.09,
2025-08,Customer,CUST058,,34,1,88,422.56,
2025-08,Customer,CUST059,,34,1,88,423.84,
2025-08,Customer,CUST060,,35,1,90,433.90,
2025-08,Customer,CUST061,,34,1,89,427.86,
2025-08,Customer,CUST062,,34,1,89,425.09,
2025-08,Customer,CUST063,,35,1,91,435.92,
2025-08,Customer,CUST064,,34,1,88,423.69,
2025-08,Customer,CUST065,,35,1,90,433.40,
2025-08,Customer,CUST066,,34,1,88,421.27,
2025-08,Customer,CUST067,,34,1,90,428.83,
2025-08,Customer,CUST068,,35,1,92,438.25,
2025-08,Customer,CUST069,,34,1,88,420.42,
2025-08,Customer,CUST070,,35,1,94,449.35,
2025-08,Customer,CUST071,,35,1,92,445.10,
2025-08,Customer,CUST072,,35,1,91,435.98,
2025-08,Customer,CUST073,,35,1,92,439.86,
2025-08,Customer,CUST074,,34,1,88,420.74,
2025-08,Customer,CUST075,,34,1,88,421.65,
2025-08,Customer,CUST076,,35,1,91,434.99,
2025-08,Customer,CUST077,,35,1,94,448.40,
2025-08,Customer,CUST078,,34,1,89,426.61,
2025-08,Customer,CUST079,,35,1,92,439.42,
2025-08,Customer,CUST080,,35,1,91,436.15,
2025-08,Customer,CUST081,,35,1,92,440.72,
2025-08,Customer,CUST082,,34,1,88,423.37,
2025-08,Customer,CUST083,,34,1,88,421.21,
2025-08,Customer,CUST084,,34,1,87,420.19,
2025-08,Customer,CUST085,,34,1,88,421.43,
2025-08,Customer,CUST086,,35,1,90,434.24,
2025-08,Customer,CUST087,,35,1,91,437.04,
2025-08,Customer,CUST088,,34,1,90,429.47,
2025-08,Customer,CUST089,,35,1,92,440.22,
2025-08,Customer,CUST090,,35,1,92,444.58,
2025-08,Customer,CUST091,,35,1,92,438.27,
2025-08,Customer,CUST092,,35,1,92,445.28,
2025-08,Customer,CUST093,,35,1,92,438.66,
2025-08,Customer,CUST094,,35,1,92,443.70,
2025-08,Customer,CUST095,,35,1,92,440.52,
2025-08,Customer,CUST096,,35,1,92,443.69,
2025-08,Customer,CUST097,,35,1,94,449.06,
2025-08,Customer,CUST098,,35,1,92,443.63,
2025-08,Customer,CUST099,,35,1,92,440.71,
2025-08,Customer,CUST100,,35,1,90,433.82,
2025-08,Customer,CUST101,,35,1,90,430.45,
2025-08,Customer,CUST102,,35,1,92,442.27,
2025-08,Customer,CUST103,,35,1,92,440.33,
2025-08,Customer,CUST104,,34,1,88,423.16,
2025-08,Customer,CUST105,,34,1,89,427.28,
2025-08,Customer,CUST106,,35,1,94,449.21,
2025-08,Customer,CUST107,,35,1,92,440.32,
2025-08,Customer,CUST108,,34,1,88,423.84,
2025-08,Customer,CUST109,,35,1,92,443.20,
2025-08,Customer,CUST110,,35,1,94,447.23,
2025-08,Customer,CUST111,,14,1,39,190.19,
2025-08,Customer,CUST112,,15,1,41,195.79,
2025-08,Customer,CUST113,,15,1,41,196.37,
2025-08,Customer,CUST114,,14,1,39,189.10,
2025-08,Customer,CUST115,,15,1,41,196.06,
2025-08,Customer,CUST116,,14,1,39,186.45,
2025-08,Customer,CUST117,,14,1,39,188.87,
2025-08,Customer,CUST118,,14,1,39,185.77,
2025-08,Customer,CUST119,,14,1,39,187.00,
2025-08,Customer,CUST120,,14,1,39,190.56,
2025-08,Customer,CUST121,,14,1,40,193.64,
2025-08,Customer,CUST122,,14,1,40,194.90,
2025-08,Customer,CUST123,,15,1,41,196.57,
2025-08,Customer,CUST124,,15,1,41,196.05,
2025-08,Customer,CUST125,,14,1,40,195.08,
2025-08,Customer,CUST126,,14,1,37,184.73,
2025-08,Customer,CUST127,,15,1,41,196.63,
2025-08,Customer,CUST128,,14,1,39,190.83,
2025-08,Customer,CUST129,,14,1,39,192.81,
2025-08,Customer,CUST130,,14,1,40,193.42,
2025-08,Customer,CUST131,,14,1,39,187.73,
2025-08,Customer,CUST132,,14,1,39,192.68,
2025-08,Customer,CUST133,,14,1,39,187.82,
2025-08,Customer,CUST134,,14,1,39,188.99,
2025-08,Customer,CUST135,,14,1,39,186.56,
2025-08,Customer,CUST136,,14,1,39,185.81,
2025-08,Customer,CUST137,,15,1,41,196.45,
2025-08,Customer,CUST138,,14,1,37,184.46,
2025-08,Customer,CUST139,,14,1,40,194.20,
2025-08,Customer,CUST140,,14,1,40,194.65,
2025-08,Customer,CUST141,,14,1,39,186.68,
2025-08,Customer,CUST142,,14,1,39,185.43,
2025-08,Customer,CUST143,,14,1,40,195.22,
2025-08,Customer,CUST144,,14,1,39,188.28,
2025-08,Department,,Sales,,,,,92
2025-08,Department,,Marketing,,,,,36
2025-08,Department,,Customer Success,,,,,76
2025-08,Department,,Engineering,,,,,124
2025-08,Department,,G&A,,,,,44
2025-09,Customer,CUST001,,628,49,4426,7395.61,
2025-09,Customer,CUST002,,221,6,552,2620.41,
2025-09,Customer,CUST003,,222,6,556,2639.88,
2025-09,Customer,CUST004,,226,7,561,2663.74,
2025-09,Customer,CUST005,,222,7,555,2633.46,
2025-09,Customer,CUST006,,63,2,161,769.33,
2025-09,Customer,CUST007,,63,1,163,777.59,
2025-09,Customer,CUST008,,63,2,162,772.60,
2025-09,Customer,CUST009,,63,2,163,777.02,
2025-09,Customer,CUST010,,62,2,158,755.17,
2025-09,Customer,CUST011,,62,2,160,763.00,
2025-09,Customer,CUST012,,63,1,160,764.89,
2025-09,Customer,CUST013,,63,2,160,763.74,
2025-09,Customer,CUST014,,63,2,163,776.65,
2025-09,Customer,CUST015,,63,2,160,764.03,
2025-09,Customer,CUST016,,63,2,163,774.80,
2025-09,Customer,CUST017,,62,1,159,758.17,
2025-09,Customer,CUST018,,66,2,168,800.41,
2025-09,Customer,CUST019,,63,2,162,772.26,
2025-09,Customer,CUST020,,63,1,161,766.37,
2025-09,Customer,CUST021,,62,2,158,754.17,
2025-09,Customer,CUST022,,62,2,160,761.86,
2025-09,Customer,CUST023,,66,2,167,798.54,
2025-09,Customer,CUST024,,66,2,167,796.23,
2025-09,Customer,CUST025,,62,2,158,751.35,
2025-09,Customer,CUST026,,63,1,163,774.80,
2025-09,Customer,CUST027,,66,2,168,800.73,
2025-09,Customer,CUST028,,62,2,158,756.45,
2025-09,Customer,CUST029,,66,2,166,792.25,
2025-09,Customer,CUST030,,66,2,165,787.50,
2025-09,Customer,CUST031,,66,2,167,793.48,
2025-09,Customer,CUST032,,62,2,159,760.11,
2025-09,Customer,CUST033,,66,2,168,798.73,
2025-09,Customer,CUST034,,66,1,165,788.55,
2025-09,Customer,CUST035,,63,2,163,778.57,
2025-09,Customer,CUST036,,66,2,168,798.56,
2025-09,Customer,CUST037,,63,2,163,781.60,
2025-09,Customer,CUST038,,66,2,165,789.15,
2025-09,Customer,CUST039,,63,2,163,777.71,
2025-09,Customer,CUST040,,63,1,164,782.28,
2025-09,Customer,CUST041,,63,2,161,768.07,
2025-09,Customer,CUST042,,62,2,158,754.63,
2025-09,Customer,CUST043,,63,2,164,781.78,
2025-09,Customer,CUST044,,63,2,162,771.85,
2025-09,Customer,CUST045,,62,2,158,753.16,
2025-09,Customer,CUST046,,66,2,167,793.77,
2025-09,Customer,CUST047,,62,2,158,750.76,
2025-09,Customer,CUST048,,66,2,165,784.20,
2025-09,Customer,CUST049,,66,2,168,801.54,
2025-09,Customer,CUST050,,63,2,163,777.98,
2025-09,Customer,CUST051,,33,1,83,401.22,
2025-09,Customer,CUST052,,34,1,87,413.95,
2025-09,Customer,CUST053,,34,1,87,419.56,
2025-09,Customer,CUST054,,34,1,89,427.31,
2025-09,Customer,CUST055,,34,1,87,416.34,
2025-09,Customer,CUST056,,33,1,85,409.33,
2025-09,Customer,CUST057,,33,1,85,406.09,
2025-09,Customer,CUST058,,33,1,85,409.11,
2025-09,Customer,CUST059,,34,1,87,415.32,
2025-09,Customer,CUST060,,34,1,87,418.98,
2025-09,Customer,CUST061,,34,1,86,412.02,
2025-09,Customer,CUST062,,34,1,85,411.87,
2025-09,Customer,CUST063,,33,1,84,402.37,
2025-09,Customer,CUST064,,34,1,88,422.29,
2025-09,Customer,CUST065,,34,1,87,419.73,
2025-09,Customer,CUST066,,34,1,87,416.08,
2025-09,Customer,CUST067,,34,1,87,414.27,
2025-09,Customer,CUST068,,33,1,85,408.90,
2025-09,Customer,CUST069,,34,1,89,426.26,
2025-09,Customer,CUST070,,34,1,85,411.56,
2025-09,Customer,CUST071,,34,1,89,425.25,
2025-09,Customer,CUST072,,33,1,83,400.41,
2025-09,Customer,CUST073,,33,1,85,404.76,
2025-09,Customer,CUST074,,34,1,87,419.30,
2025-09,Customer,CUST075,,34,1,88,423.85,
2025-09,Customer,CUST076,,34,1,86,412.09,
2025-09,Customer,CUST077,,34,1,87,418.88,
2025-09,Customer,CUST078,,34,1,88,420.79,
2025-09,Customer,CUST079,,34,1,87,413.83,
2025-09,Customer,CUST080,,34,1,88,420.88,
2025-09,Customer,CUST081,,33,1,85,410.62,
2025-09,Customer,CUST082,,34,1,88,422.08,
2025-09,Customer,CUST083,,34,1,87,415.84,
2025-09,Customer,CUST084,,34,1,87,416.37,
2025-09,Customer,CUST085,,33,1,85,406.53,
2025-09,Customer,CUST086,,33,1,85,410.70,
2025-09,Customer,CUST087,,33,1,83,399.44,
2025-09,Customer,CUST088,,34,1,87,418.84,
2025-09,Customer,CUST089,,34,1,89,426.52,
2025-09,Customer,CUST090,,33,1,85,408.52,
2025-09,Customer,CUST091,,33,1,83,401.98,
2025-09,Customer,CUST092,,33,1,85,408.90,
2025-09,Customer,CUST093,,34,1,88,422.76,
2025-09,Customer,CUST094,,34,1,88,423.75,
2025-09,Customer,CUST095,,34,1,89,427.14,
2025-09,Customer,CUST096,,34,1,88,423.48,
2025-09,Customer,CUST097,,34,1,89,424.61,
2025-09,Customer,CUST098,,33,1,83,400.79,
2025-09,Customer,CUST099,,33,1,85,406.71,
2025-09,Customer,CUST100,,33,1,83,399.57,
2025-09,Customer,CUST101,,34,1,87,418.09,
2025-09,Customer,CUST102,,33,1,84,403.00,
2025-09,Customer,CUST103,,34,1,88,421.29,
2025-09,Customer,CUST104,,34,1,87,417.10,
2025-09,Customer,CUST105,,34,1,87,416.51,
2025-09,Customer,CUST106,,33,1,85,407.00,
2025-09,Customer,CUST107,,33,1,83,400.86,
2025-09,Customer,CUST108,,33,1,83,400.86,
2025-09,Customer,CUST109,,33,1,85,408.43,
2025-09,Customer,CUST110,,34,1,87,419.14,
2025-09,Customer,CUST111,,14,1,37,179.15,
2025-09,Customer,CUST112,,14,1,37,178.42,
2025-09,Customer,CUST113,,14,1,37,178.06,
2025-09,Customer,CUST114,,14,1,37,177.53,
2025-09,Customer,CUST115,,14,1,37,176.89,
2025-09,Customer,CUST116,,14,1,37,178.75,
2025-09,Customer,CUST117,,14,1,37,183.11,
2025-09,Customer,CUST118,,14,1,37,179.42,
2025-09,Customer,CUST119,,14,1,36,176.25,
2025-09,Customer,CUST120,,13,1,36,175.32,
2025-09,Customer,CUST121,,14,1,37,181.97,
2025-09,Customer,CUST122,,14,1,37,178.76,
2025-09,Customer,CUST123,,14,1,39,185.94,
2025-09,Customer,CUST124,,14,1,39,186.32,
2025-09,Customer,CUST125,,13,1,36,175.93,
2025-09,Customer,CUST126,,14,1,37,176.61,
2025-09,Customer,CUST127,,14,1,39,185.92,
2025-09,Customer,CUST128,,14,1,37,176.75,
2025-09,Customer,CUST129,,14,1,39,186.29,
2025-09,Customer,CUST130,,14,1,37,178.90,
2025-09,Customer,CUST131,,14,1,37,177.88,
2025-09,Customer,CUST132,,14,1,37,179.75,
2025-09,Customer,CUST133,,14,1,37,179.97,
2025-09,Customer,CUST134,,14,1,36,176.20,
2025-09,Customer,CUST135,,14,1,36,176.16,
2025-09,Customer,CUST136,,14,1,37,181.51,
2025-09,Customer,CUST137,,14,1,36,176.39,
2025-09,Customer,CUST138,,14,1,37,176.87,
2025-09,Customer,CUST139,,14,1,37,181.07,
2025-09,Customer,CUST140,,14,1,37,182.32,
2025-09,Customer,CUST141,,14,1,37,182.64,
2025-09,Customer,CUST142,,14,1,36,176.26,
2025-09,Customer,CUST143,,14,1,37,183.42,
2025-09,Customer,CUST144,,13,1,36,174.80,
2025-09,Department,,Sales,,,,,93
2025-09,Department,,Marketing,,,,,36
2025-09,Department,,Customer Success,,,,,77
2025-09,Department,,Engineering,,,,,124
2025-09,Department,,G&A,,,,,45
2025-10,Customer,CUST001,,590,39,4161,6951.74,
2025-10,Customer,CUST002,,206,8,512,2430.90,
2025-10,Customer,CUST003,,215,8,537,2553.33,
2025-10,Customer,CUST004,,203,6,507,2411.36,
2025-10,Customer,CUST005,,206,6,511,2428.10,
2025-10,Customer,CUST006,,60,2,152,723.33,
2025-10,Customer,CUST007,,62,2,156,745.66,
2025-10,Customer,CUST008,,62,2,156,744.29,
2025-10,Customer,CUST009,,63,1,161,769.98,
2025-10,Customer,CUST010,,62,1,156,747.46,
2025-10,Customer,CUST011,,61,2,156,740.00,
2025-10,Customer,CUST012,,62,2,160,760.89,
2025-10,Customer,CUST013,,63,2,161,769.52,
2025-10,Customer,CUST014,,60,2,151,721.65,
2025-10,Customer,CUST015,,62,2,158,755.67,
2025-10,Customer,CUST016,,62,2,159,758.81,
2025-10,Customer,CUST017,,60,1,152,723.45,
2025-10,Customer,CUST018,,61,2,152,726.14,
2025-10,Customer,CUST019,,63,2,161,767.30,
2025-10,Customer,CUST020,,61,2,154,735.36,
2025-10,Customer,CUST021,,61,2,156,740.54,
2025-10,Customer,CUST022,,62,1,158,755.58,
2025-10,Customer,CUST023,,61,2,156,740.07,
2025-10,Customer,CUST024,,61,1,153,729.06,
2025-10,Customer,CUST025,,62,1,160,761.62,
2025-10,Customer,CUST026,,61,1,153,728.58,
2025-10,Customer,CUST027,,63,2,160,763.96,
2025-10,Customer,CUST028,,63,2,161,770.22,
2025-10,Customer,CUST029,,63,2,161,771.10,
2025-10,Customer,CUST030,,61,1,154,732.84,
2025-10,Customer,CUST031,,62,1,159,760.01,
2025-10,Customer,CUST032,,63,2,161,765.17,
2025-10,Customer,CUST033,,61,1,154,738.58,
2025-10,Customer,CUST034,,61,2,152,727.24,
2025-10,Customer,CUST035,,63,2,162,771.78,
2025-10,Customer,CUST036,,61,2,154,737.58,
2025-10,Customer,CUST037,,63,2,161,767.78,
2025-10,Customer,CUST038,,62,2,159,759.73,
2025-10,Customer,CUST039,,62,2,159,760.73,
2025-10,Customer,CUST040,,62,2,160,762.17,
2025-10,Customer,CUST041,,63,2,161,769.48,
2025-10,Customer,CUST042,,61,2,153,729.24,
2025-10,Customer,CUST043,,61,2,152,724.33,
2025-10,Customer,CUST044,,61,1,153,728.33,
2025-10,Customer,CUST045,,62,2,158,756.43,
2025-10,Customer,CUST046,,60,1,151,720.89,
2025-10,Customer,CUST047,,62,1,156,745.95,
2025-10,Customer,CUST048,,61,1,152,728.22,
2025-10,Customer,CUST049,,63,2,161,766.84,
2025-10,Customer,CUST050,,61,1,152,726.70,
2025-10,Customer,CUST051,,30,1,80,386.61,
2025-10,Customer,CUST052,,33,1,82,392.94,
2025-10,Customer,CUST053,,33,1,83,395.73,
2025-10,Customer,CUST054,,30,1,81,387.22,
2025-10,Customer,CUST055,,33,1,84,403.09,
2025-10,Customer,CUST056,,30,1,80,383.85,
2025-10,Customer,CUST057,,30,1,80,386.34,
2025-10,Customer,CUST058,,30,1,80,386.65,
2025-10,Customer,CUST059,,30,1,81,388.23,
2025-10,Customer,CUST060,,30,1,81,390.34,
2025-10,Customer,CUST061,,33,1,82,394.24,
2025-10,Customer,CUST062,,30,1,80,386.03,
2025-10,Customer,CUST063,,33,1,85,404.99,
2025-10,Customer,CUST064,,30,1,80,386.25,
2025-10,Customer,CUST065,,33,1,83,401.15,
2025-10,Customer,CUST066,,33,1,83,396.99,
2025-10,Customer,CUST067,,33,1,83,397.96,
2025-10,Customer,CUST068,,33,1,83,397.50,
2025-10,Customer,CUST069,,33,1,82,393.80,
2025-10,Customer,CUST070,,33,1,83,395.21,
2025-10,Customer,CUST071,,30,1,81,390.51,
2025-10,Customer,CUST072,,33,1,82,394.78,
2025-10,Customer,CUST073,,33,1,85,406.99,
2025-10,Customer,CUST074,,30,1,80,384.48,
2025-10,Customer,CUST075,,33,1,84,402.22,
2025-10,Customer,CUST076,,33,1,82,391.73,
2025-10,Customer,CUST077,,33,1,82,391.37,
2025-10,Customer,CUST078,,33,1,84,402.64,
2025-10,Customer,CUST079,,34,1,85,411.46,
2025-10,Customer,CUST080,,33,1,83,396.54,
2025-10,Customer,CUST081,,34,1,85,411.23,
2025-10,Customer,CUST082,,30,1,80,386.20,
2025-10,Customer,CUST083,,33,1,83,396.83,
2025-10,Customer,CUST084,,33,1,83,399.50,
2025-10,Customer,CUST085,,33,1,83,396.37,
2025-10,Customer,CUST086,,33,1,83,397.29,
2025-10,Customer,CUST087,,33,1,85,407.76,
2025-10,Customer,CUST088,,30,1,80,384.37,
2025-10,Customer,CUST089,,33,1,85,407.78,
2025-10,Customer,CUST090,,33,1,82,393.65,
2025-10,Customer,CUST091,,33,1,85,410.45,
2025-10,Customer,CUST092,,30,1,81,389.46,
2025-10,Customer,CUST093,,33,1,84,402.79,
2025-10,Customer,CUST094,,33,1,85,404.39,
2025-10,Customer,CUST095,,33,1,82,393.45,
2025-10,Customer,CUST096,,33,1,83,402.10,
2025-10,Customer,CUST097,,33,1,85,410.05,
2025-10,Customer,CUST098,,33,1,85,405.10,
2025-10,Customer,CUST099,,33,1,82,393.04,
2025-10,Customer,CUST100,,30,1,81,386.70,
2025-10,Customer,CUST101,,33,1,84,403.02,
2025-10,Customer,CUST102,,33,1,82,393.43,
2025-10,Customer,CUST103,,30,1,80,386.64,
2025-10,Customer,CUST104,,33,1,82,391.52,
2025-10,Customer,CUST105,,33,1,85,408.53,
2025-10,Customer,CUST106,,33,1,83,395.47,
2025-10,Customer,CUST107,,33,1,83,397.86,
2025-10,Customer,CUST108,,33,1,82,392.67,
2025-10,Customer,CUST109,,33,1,85,408.29,
2025-10,Customer,CUST110,,30,1,81,387.25,
2025-10,Customer,CUST111,,14,1,37,177.46,
2025-10,Customer,CUST112,,14,1,37,177.49,
2025-10,Customer,CUST113,,14,1,37,176.57,
2025-10,Customer,CUST114,,14,1,37,179.89,
2025-10,Customer,CUST115,,13,1,35,169.97,
2025-10,Customer,CUST116,,13,1,35,168.97,
2025-10,Customer,CUST117,,13,1,36,175.03,
2025-10,Customer,CUST118,,13,1,36,174.32,
2025-10,Customer,CUST119,,13,1,34,167.92,
2025-10,Customer,CUST120,,14,1,37,177.94,
2025-10,Customer,CUST121,,13,1,35,172.01,
2025-10,Customer,CUST122,,13,1,35,168.92,
2025-10,Customer,CUST123,,14,1,37,176.68,
2025-10,Customer,CUST124,,14,1,37,178.76,
2025-10,Customer,CUST125,,13,1,35,173.56,
2025-10,Customer,CUST126,,13,1,35,170.50,
2025-10,Customer,CUST127,,13,1,35,170.18,
2025-10,Customer,CUST128,,13,1,35,169.02,
2025-10,Customer,CUST129,,14,1,37,178.33,
2025-10,Customer,CUST130,,13,1,36,174.98,
2025-10,Customer,CUST131,,13,1,35,171.14,
2025-10,Customer,CUST132,,13,1,35,171.97,
2025-10,Customer,CUST133,,13,1,35,173.07,
2025-10,Customer,CUST134,,14,1,37,177.04,
2025-10,Customer,CUST135,,13,1,36,174.27,
2025-10,Customer,CUST136,,13,1,35,168.76,
2025-10,Customer,CUST137,,14,1,37,178.20,
2025-10,Customer,CUST138,,14,1,37,179.45,
2025-10,Customer,CUST139,,13,1,36,175.61,
2025-10,Customer,CUST140,,14,1,37,177.20,
2025-10,Customer,CUST141,,13,1,35,170.53,
2025-10,Customer,CUST142,,13,1,35,169.02,
2025-10,Customer,CUST143,,13,1,35,173.86,
2025-10,Customer,CUST144,,14,1,37,178.40,
2025-10,Department,,Sales,,,,,93
2025-10,Department,,Marketing,,,,,36
2025-10,Department,,Customer Success,,,,,77
2025-10,Department,,Engineering,,,,,125
2025-10,Department,,G&A,,,,,45
2025-11,Customer,CUST001,,570,49,4017,6710.50,
2025-11,Customer,CUST002,,201,6,502,2381.11,
2025-11,Customer,CUST003,,206,8,512,2434.66,
2025-11,Customer,CUST004,,201,7,502,2382.07,
2025-11,Customer,CUST005,,213,8,528,2505.47,
2025-11,Customer,CUST006,,60,2,149,710.58,
2025-11,Customer,CUST007,,61,2,154,734.89,
2025-11,Customer,CUST008,,60,1,149,706.83,
2025-11,Customer,CUST009,,61,1,152,728.06,
2025-11,Customer,CUST010,,61,2,152,726.01,
2025-11,Customer,CUST011,,60,2,149,713.18,
2025-11,Customer,CUST012,,60,2,150,717.02,
2025-11,Customer,CUST013,,62,2,158,750.39,
2025-11,Customer,CUST014,,60,1,150,715.97,
2025-11,Customer,CUST015,,60,2,149,709.84,
2025-11,Customer,CUST016,,60,2,151,718.17,
2025-11,Customer,CUST017,,60,1,150,714.81,
2025-11,Customer,CUST018,,62,2,158,752.78,
2025-11,Customer,CUST019,,60,1,147,705.42,
2025-11,Customer,CUST020,,60,1,149,714.11,
2025-11,Customer,CUST021,,61,2,152,725.29,
2025-11,Customer,CUST022,,61,2,154,738.72,
2025-11,Customer,CUST023,,60,2,149,706.55,
2025-11,Customer,CUST024,,61,2,156,743.24,
2025-11,Customer,CUST025,,62,2,156,745.61,
2025-11,Customer,CUST026,,60,2,151,717.78,
2025-11,Customer,CUST027,,60,1,151,722.43,
2025-11,Customer,CUST028,,62,2,158,752.24,
2025-11,Customer,CUST029,,60,2,149,709.82,
2025-11,Customer,CUST030,,62,1,157,748.42,
2025-11,Customer,CUST031,,56,1,147,703.15,
2025-11,Customer,CUST032,,62,2,156,744.37,
2025-11,Customer,CUST033,,61,2,153,730.92,
2025-11,Customer,CUST034,,61,2,152,724.79,
2025-11,Customer,CUST035,,60,1,147,705.15,
2025-11,Customer,CUST036,,60,1,147,705.85,
2025-11,Customer,CUST037,,62,2,156,746.38,
2025-11,Customer,CUST038,,62,2,156,747.27,
2025-11,Customer,CUST039,,62,2,157,748.82,
2025-11,Customer,CUST040,,61,1,156,741.59,
2025-11,Customer,CUST041,,60,2,150,715.76,
2025-11,Customer,CUST042,,60,2,147,705.82,
2025-11,Customer,CUST043,,60,2,149,706.94,
2025-11,Customer,CUST044,,60,1,152,723.17,
2025-11,Customer,CUST045,,61,2,156,740.53,
2025-11,Customer,CUST046,,61,1,154,731.52,
2025-11,Customer,CUST047,,60,1,149,712.65,
2025-11,Customer,CUST048,,62,2,156,745.67,
2025-11,Customer,CUST049,,60,2,147,704.91,
2025-11,Customer,CUST050,,62,2,158,751.91,
2025-11,Customer,CUST051,,30,1,81,391.14,
2025-11,Customer,CUST052,,30,1,81,389.95,
2025-11,Customer,CUST053,,30,1,80,381.77,
2025-11,Customer,CUST054,,33,1,83,395.72,
2025-11,Customer,CUST055,,30,1,81,390.69,
2025-11,Customer,CUST056,,33,1,83,398.69,
2025-11,Customer,CUST057,,30,1,78,377.94,
2025-11,Customer,CUST058,,33,1,83,395.83,
2025-11,Customer,CUST059,,30,1,81,388.88,
2025-11,Customer,CUST060,,30,1,80,382.75,
2025-11,Customer,CUST061,,33,1,83,397.68,
2025-11,Customer,CUST062,,33,1,82,394.20,
2025-11,Customer,CUST063,,30,1,81,388.41,
2025-11,Customer,CUST064,,30,1,81,389.20,
2025-11,Customer,CUST065,,33,1,82,393.30,
2025-11,Customer,CUST066,,30,1,78,377.99,
2025-11,Customer,CUST067,,30,1,78,376.14,
2025-11,Customer,CUST068,,30,1,78,377.76,
2025-11,Customer,CUST069,,33,1,83,400.83,
2025-11,Customer,CUST070,,33,1,83,397.59,
2025-11,Customer,CUST071,,30,1,78,376.94,
2025-11,Customer,CUST072,,30,1,80,381.46,
2025-11,Customer,CUST073,,30,1,80,382.41,
2025-11,Customer,CUST074,,30,1,78,378.01,
2025-11,Customer,CUST075,,33,1,83,397.47,
2025-11,Customer,CUST076,,33,1,83,400.71,
2025-11,Customer,CUST077,,30,1,78,378.24,
2025-11,Customer,CUST078,,30,1,80,385.27,
2025-11,Customer,CUST079,,30,1,80,381.42,
2025-11,Customer,CUST080,,33,1,83,395.76,
2025-11,Customer,CUST081,,30,1,78,377.58,
2025-11,Customer,CUST082,,30,1,79,379.58,
2025-11,Customer,CUST083,,33,1,83,396.00,
2025-11,Customer,CUST084,,30,1,81,387.90,
2025-11,Customer,CUST085,,30,1,80,384.85,
2025-11,Customer,CUST086,,30,1,81,388.28,
2025-11,Customer,CUST087,,33,1,82,392.13,
2025-11,Customer,CUST088,,33,1,83,398.74,
2025-11,Customer,CUST089,,30,1,78,375.19,
2025-11,Customer,CUST090,,30,1,78,377.41,
2025-11,Customer,CUST091,,33,1,82,391.35,
2025-11,Customer,CUST092,,33,1,82,395.04,
2025-11,Customer,CUST093,,30,1,80,385.94,
2025-11,Customer,CUST094,,30,1,80,384.17,
2025-11,Customer,CUST095,,33,1,83,395.56,
2025-11,Customer,CUST096,,33,1,82,392.25,
2025-11,Customer,CUST097,,30,1,81,386.77,
2025-11,Customer,CUST098,,30,1,78,374.96,
2025-11,Customer,CUST099,,30,1,80,385.39,
2025-11,Customer,CUST100,,30,1,81,388.51,
2025-11,Customer,CUST101,,33,1,83,395.23,
2025-11,Customer,CUST102,,30,1,80,386.59,
2025-11,Customer,CUST103,,30,1,80,384.83,
2025-11,Customer,CUST104,,33,1,83,399.46,
2025-11,Customer,CUST105,,30,1,78,377.06,
2025-11,Customer,CUST106,,30,1,81,388.44,
2025-11,Customer,CUST107,,30,1,78,374.58,
2025-11,Customer,CUST108,,33,1,83,396.67,
2025-11,Customer,CUST109,,33,1,82,394.90,
2025-11,Customer,CUST110,,33,1,83,400.67,
2025-11,Customer,CUST111,,13,1,34,165.93,
2025-11,Customer,CUST112,,13,1,34,166.59,
2025-11,Customer,CUST113,,13,1,35,173.75,
2025-11,Customer,CUST114,,13,1,34,164.74,
2025-11,Customer,CUST115,,13,1,34,164.67,
2025-11,Customer,CUST116,,13,1,35,173.83,
2025-11,Customer,CUST117,,13,1,36,173.94,
2025-11,Customer,CUST118,,13,1,35,171.96,
2025-11,Customer,CUST119,,13,1,34,166.94,
2025-11,Customer,CUST120,,13,1,36,174.72,
2025-11,Customer,CUST121,,13,1,36,174.49,
2025-11,Customer,CUST122,,13,1,35,170.80,
2025-11,Customer,CUST123,,13,1,35,172.40,
2025-11,Customer,CUST124,,13,1,35,168.88,
2025-11,Customer,CUST125,,13,1,34,164.18,
2025-11,Customer,CUST126,,13,1,34,165.83,
2025-11,Customer,CUST127,,13,1,36,174.56,
2025-11,Customer,CUST128,,13,1,36,175.12,
2025-11,Customer,CUST129,,13,1,34,164.03,
2025-11,Customer,CUST130,,13,1,35,169.47,
2025-11,Customer,CUST131,,13,1,35,171.74,
2025-11,Customer,CUST132,,13,1,34,167.12,
2025-11,Customer,CUST133,,13,1,36,175.31,
2025-11,Customer,CUST134,,13,1,34,164.35,
2025-11,Customer,CUST135,,13,1,36,175.56,
2025-11,Customer,CUST136,,13,1,36,175.08,
2025-11,Customer,CUST137,,13,1,36,174.88,
2025-11,Customer,CUST138,,13,1,34,167.83,
2025-11,Customer,CUST139,,13,1,34,167.56,
2025-11,Customer,CUST140,,13,1,35,171.74,
2025-11,Customer,CUST141,,13,1,34,166.89,
2025-11,Customer,CUST142,,13,1,34,167.92,
2025-11,Customer,CUST143,,13,1,36,174.25,
2025-11,Customer,CUST144,,13,1,34,166.49,
2025-11,Department,,Sales,,,,,93
2025-11,Department,,Marketing,,,,,36
2025-11,Department,,Customer Success,,,,,77
2025-11,Department,,Engineering,,,,,125
2025-11,Department,,G&A,,,,,45
2025-12,Customer,CUST001,,581,39,4095,6841.27,
2025-12,Customer,CUST002,,200,8,497,2358.77,
2025-12,Customer,CUST003,,195,7,489,2320.06,
2025-12,Customer,CUST004,,196,6,493,2342.51,
2025-12,Customer,CUST005,,202,5,504,2392.78,
2025-12,Customer,CUST006,,61,1,154,736.48,
2025-12,Customer,CUST007,,60,2,149,708.46,
2025-12,Customer,CUST008,,60,1,151,719.24,
2025-12,Customer,CUST009,,61,2,154,732.47,
2025-12,Customer,CUST010,,61,2,154,732.46,
2025-12,Customer,CUST011,,56,2,147,699.58,
2025-12,Customer,CUST012,,60,2,151,718.90,
2025-12,Customer,CUST013,,56,2,145,694.88,
2025-12,Customer,CUST014,,61,2,154,738.02,
2025-12,Customer,CUST015,,61,1,153,730.29,
2025-12,Customer,CUST016,,60,2,149,713.88,
2025-12,Customer,CUST017,,60,1,150,716.12,
2025-12,Customer,CUST018,,60,1,149,709.78,
2025-12,Customer,CUST019,,61,1,154,732.23,
2025-12,Customer,CUST020,,60,1,147,705.93,
2025-12,Customer,CUST021,,56,2,147,701.57,
2025-12,Customer,CUST022,,60,2,149,711.30,
2025-12,Customer,CUST023,,60,2,150,714.84,
2025-12,Customer,CUST024,,61,1,156,742.34,
2025-12,Customer,CUST025,,56,1,145,693.80,
2025-12,Customer,CUST026,,56,2,145,695.39,
2025-12,Customer,CUST027,,61,2,154,737.90,
2025-12,Customer,CUST028,,61,2,153,730.46,
2025-12,Customer,CUST029,,60,2,149,714.01,
2025-12,Customer,CUST030,,61,2,153,728.45,
2025-12,Customer,CUST031,,60,1,150,716.27,
2025-12,Customer,CUST032,,60,2,149,711.04,
2025-12,Customer,CUST033,,60,2,151,717.77,
2025-12,Customer,CUST034,,60,2,149,708.09,
2025-12,Customer,CUST035,,60,1,149,710.68,
2025-12,Customer,CUST036,,60,2,151,718.23,
2025-12,Customer,CUST037,,56,2,145,695.15,
2025-12,Customer,CUST038,,56,1,147,702.39,
2025-12,Customer,CUST039,,61,2,154,734.12,
2025-12,Customer,CUST040,,60,2,147,704.82,
2025-12,Customer,CUST041,,61,1,153,729.79,
2025-12,Customer,CUST042,,60,2,151,722.49,
2025-12,Customer,CUST043,,60,2,149,713.37,
2025-12,Customer,CUST044,,60,1,149,707.22,
2025-12,Customer,CUST045,,60,1,151,718.90,
2025-12,Customer,CUST046,,61,2,155,739.39,
2025-12,Customer,CUST047,,56,2,145,693.70,
2025-12,Customer,CUST048,,61,1,154,736.67,
2025-12,Customer,CUST049,,61,2,153,731.10,
2025-12,Customer,CUST050,,60,2,151,720.11,
2025-12,Customer,CUST051,,30,1,81,390.91,
2025-12,Customer,CUST052,,30,1,78,376.51,
2025-12,Customer,CUST053,,30,1,80,382.82,
2025-12,Customer,CUST054,,33,1,82,392.07,
2025-12,Customer,CUST055,,30,1,78,376.17,
2025-12,Customer,CUST056,,33,1,82,391.62,
2025-12,Customer,CUST057,,30,1,78,371.75,
2025-12,Customer,CUST058,,30,1,78,374.52,
2025-12,Customer,CUST059,,29,1,78,369.95,
2025-12,Customer,CUST060,,33,1,83,395.45,
2025-12,Customer,CUST061,,30,1,78,371.84,
2025-12,Customer,CUST062,,33,1,82,391.50,
2025-12,Customer,CUST063,,30,1,78,377.33,
2025-12,Customer,CUST064,,30,1,79,380.34,
2025-12,Customer,CUST065,,30,1,80,385.52,
2025-12,Customer,CUST066,,30,1,80,383.18,
2025-12,Customer,CUST067,,30,1,78,373.65,
2025-12,Customer,CUST068,,33,1,83,395.15,
2025-12,Customer,CUST069,,30,1,81,387.34,
2025-12,Customer,CUST070,,30,1,81,388.19,
2025-12,Customer,CUST071,,30,1,80,382.14,
2025-12,Customer,CUST072,,29,1,78,371.09,
2025-12,Customer,CUST073,,30,1,78,377.00,
2025-12,Customer,CUST074,,30,1,80,384.02,
2025-12,Customer,CUST075,,33,1,82,393.13,
2025-12,Customer,CUST076,,30,1,78,376.21,
2025-12,Customer,CUST077,,30,1,81,389.71,
2025-12,Customer,CUST078,,30,1,81,388.66,
2025-12,Customer,CUST079,,30,1,81,389.57,
2025-12,Customer,CUST080,,30,1,80,380.64,
2025-12,Customer,CUST081,,30,1,80,386.19,
2025-12,Customer,CUST082,,30,1,79,378.40,
2025-12,Customer,CUST083,,30,1,78,377.96,
2025-12,Customer,CUST084,,33,1,82,391.51,
2025-12,Customer,CUST085,,29,1,78,370.21,
2025-12,Customer,CUST086,,30,1,80,381.61,
2025-12,Customer,CUST087,,29,1,78,370.80,
2025-12,Customer,CUST088,,30,1,80,384.59,
2025-12,Customer,CUST089,,30,1,79,378.75,
2025-12,Customer,CUST090,,30,1,80,385.85,
2025-12,Customer,CUST091,,30,1,80,385.49,
2025-12,Customer,CUST092,,33,1,83,395.81,
2025-12,Customer,CUST093,,30,1,78,372.06,
2025-12,Customer,CUST094,,29,1,78,370.87,
2025-12,Customer,CUST095,,33,1,82,394.49,
2025-12,Customer,CUST096,,33,1,82,393.31,
2025-12,Customer,CUST097,,30,1,81,391.24,
2025-12,Customer,CUST098,,30,1,81,389.83,
2025-12,Customer,CUST099,,33,1,82,391.38,
2025-12,Customer,CUST100,,33,1,83,396.25,
2025-12,Customer,CUST101,,33,1,82,394.56,
2025-12,Customer,CUST102,,30,1,80,381.73,
2025-12,Customer,CUST103,,29,1,78,370.58,
2025-12,Customer,CUST104,,30,1,78,376.37,
2025-12,Customer,CUST105,,30,1,81,388.98,
2025-12,Customer,CUST106,,30,1,80,380.57,
2025-12,Customer,CUST107,,33,1,82,393.97,
2025-12,Customer,CUST108,,29,1,78,371.14,
2025-12,Customer,CUST109,,33,1,82,393.58,
2025-12,Customer,CUST110,,30,1,80,382.73,
2025-12,Customer,CUST111,,13,1,35,173.28,
2025-12,Customer,CUST112,,13,1,35,169.98,
2025-12,Customer,CUST113,,13,1,34,164.41,
2025-12,Customer,CUST114,,13,1,34,163.98,
2025-12,Customer,CUST115,,13,1,34,165.18,
2025-12,Customer,CUST116,,13,1,35,171.72,
2025-12,Customer,CUST117,,13,1,34,165.47,
2025-12,Customer,CUST118,,13,1,33,162.08,
2025-12,Customer,CUST119,,13,1,35,172.65,
2025-12,Customer,CUST120,,13,1,34,167.72,
2025-12,Customer,CUST121,,13,1,35,170.57,
2025-12,Customer,CUST122,,13,1,34,166.37,
2025-12,Customer,CUST123,,13,1,35,170.11,
2025-12,Customer,CUST124,,13,1,34,164.53,
2025-12,Customer,CUST125,,13,1,35,168.66,
2025-12,Customer,CUST126,,13,1,34,165.36,
2025-12,Customer,CUST127,,13,1,35,172.53,
2025-12,Customer,CUST128,,13,1,35,172.16,
2025-12,Customer,CUST129,,13,1,35,169.40,
2025-12,Customer,CUST130,,13,1,34,163.44,
2025-12,Customer,CUST131,,13,1,35,170.59,
2025-12,Customer,CUST132,,13,1,34,164.21,
2025-12,Customer,CUST133,,13,1,35,170.08,
2025-12,Customer,CUST134,,13,1,34,164.21,
2025-12,Customer,CUST135,,13,1,34,165.07,
2025-12,Customer,CUST136,,13,1,33,162.01,
2025-12,Customer,CUST137,,13,1,35,168.82,
2025-12,Customer,CUST138,,13,1,35,172.72,
2025-12,Customer,CUST139,,13,1,35,169.20,
2025-12,Customer,CUST140,,13,1,35,173.14,
2025-12,Customer,CUST141,,13,1,34,165.15,
2025-12,Customer,CUST142,,13,1,34,164.25,
2025-12,Customer,CUST143,,13,1,34,166.92,
2025-12,Customer,CUST144,,13,1,34,166.42,
2025-12,Department,,Sales,,,,,93
2025-12,Department,,Marketing,,,,,36
2025-12,Department,,Customer Success,,,,,77
2025-12,Department,,Engineering,,,,,125
2025-12,Department,,G&A,,,,,45
